name,file-type,URL,Vectorized
Section_Table.csv,csv,https://www.sec.gov/files/ctf-memo-nyse-ice-092625.pdf,TRUE
Section_Table.csv,csv,https://www.sec.gov/about/crypto-task-force/crypto-task-force-road,TRUE
Section_Table.csv,csv,https://www.sec.gov/about/crypto-task-force/crypto-task-force-road,TRUE
Section_Table.csv,csv,https://www.sec.gov/enforcement-litigation/whistleblower-program,TRUE
Section_Table.csv,csv,https://www.sec.gov/files/ctf-memo-robinhood-090225.pdf,TRUE
Section_Table.csv,csv,https://www.sec.gov/files/ctf-memeo-alongside-finance-inc-082625.pdf,TRUE
Section_Table.csv,csv,https://www.sec.gov/enforcement-litigation/whistleblower-program,TRUE
Section_Table.csv,csv,https://www.sec.gov/files/ctf-memo-payward-inc-kraken-securities-llc-wilmer-cutler-pickering-hale-dorr-llp-082525.pdf,TRUE
Section_Table.csv,csv,https://www.sec.gov/about/crypto-task-force/crypto-points-contact-secgov,TRUE
Section_Table.csv,csv,https://www.sec.gov/enforcement-litigation/whistleblower-program,TRUE
Section_Table.csv,csv,https://www.sec.gov/enforcement-litigation/whistleblower-program,TRUE
Section_Table.csv,csv,https://www.sec.gov/forms/corp_fin_interpretive#no-back,TRUE
Section_Table.csv,csv,https://www.sec.gov/newsroom/videos,TRUE
Section_Table.csv,csv,https://www.sec.gov/files/ctf-memo-citadel-securities-072225.pdf,TRUE
Section_Table.csv,csv,https://www.sec.gov/about/crypto-task-force/crypto-points-contact-secgov,TRUE
Section_Table.csv,csv,https://www.sec.gov/files/ctf-memo-nova-labs-inc-helium-foundation-willkie-farr-gallagher-llp-capitol-core-group-inc-070925.pdf,TRUE
Section_Table.csv,csv,https://www.sec.gov/enforcement-litigation/whistleblower-program,TRUE
Section_Table.csv,csv,https://www.sec.gov/files/ctf-memo-securities-industry-financial-markets-association-cahill-gordon-reindel-llp-070325.pdf,TRUE
Section_Table.csv,csv,https://www.sec.gov/files/ctf-memo-securitize-inc-securitize-markets-llc-panorama-financial-markets-advisory-llc-070225.pdf,TRUE
Section_Table.csv,csv,https://www.sec.gov/about/crypto-task-force/crypto-points-contact-secgov,TRUE
Section_Table.csv,csv,https://www.sec.gov/about/crypto-task-force/crypto-task-force-roundtables,TRUE
Section_Table.csv,csv,https://www.sec.gov/enforcement-litigation/whistleblower-program,TRUE
Section_Table.csv,csv,https://www.sec.gov/files/ctf-memo-nyse-062425.pdf,TRUE
Section_Table.csv,csv,https://www.sec.gov/files/ctf-memo-aave-labs-062425.pdf,TRUE
Section_Table.csv,csv,https://www.sec.gov/about/crypto-task-force/crypto-points-contact-secgov,TRUE
Section_Table.csv,csv,https://www.sec.gov/files/crypto-task-force-designation-letter.pdf,TRUE
Section_Table.csv,csv,https://www.sec.gov/enforcement-litigation/whistleblower-program,TRUE
Section_Table.csv,csv,https://www.sec.gov/about/crypto-task-force/crypto-points-contact-secgov,TRUE
Section_Table.csv,csv,https://www.sec.gov/enforcement-litigation/whistleblower-program,TRUE
Section_Table.csv,csv,https://www.sec.gov/enforcement-litigation/whistleblower-program,TRUE
Section_Table.csv,csv,https://www.sec.gov/enforcement-litigation/whistleblower-program,TRUE
Section_Table.csv,csv,https://www.sec.gov/enforcement-litigation/whistleblower-program,TRUE
Section_Table.csv,csv,https://www.sec.gov/enforcement-litigation/whistleblower-program,TRUE
Section_Table.csv,csv,https://www.sec.gov/about/crypto-task-force/crypto-points-contact-secgov,TRUE
Section_Table.csv,csv,https://www.sec.gov/about/crypto-task-force/crypto-points-contact-secgov,TRUE
Section_Table.csv,csv,https://www.sec.gov/about/crypto-task-force/crypto-task-force-roundtables,TRUE
Section_Table.csv,csv,https://www.sec.gov/enforcement-litigation/whistleblower-program,TRUE
Section_Table.csv,csv,https://www.sec.gov/files/ctf-memo-jpmorgan-chase-co-061725.pdf,TRUE
Section_Table.csv,csv,https://www.sec.gov/files/ctf-memo-jito-labs-blockworks-061325.pdf,TRUE
Section_Table.csv,csv,https://www.sec.gov/enforcement-litigation/whistleblower-program,TRUE
Section_Table.csv,csv,https://www.sec.gov/enforcement-litigation/whistleblower-program,TRUE
Section_Table.csv,csv,https://www.sec.gov/newsroom/whats-new?type=news%2Csecarticle%2Clink&tag=36681%2C36691%2C36696%2C36686%2C36411%2C34141%2C35221%2C34916%2C36706%2C321801%2C334846%2C36146%2C335756,TRUE
Section_Table.csv,csv,https://www.sec.gov/enforcement-litigation/whistleblower-program,TRUE
Section_Table.csv,csv,https://www.sec.gov/enforcement-litigation/whistleblower-program,TRUE
Section_Table.csv,csv,https://www.sec.gov/enforcement-litigation/whistleblower-program,TRUE
Section_Table.csv,csv,https://www.sec.gov/enforcement-litigation/whistleblower-program,TRUE
Section_Table.csv,csv,https://www.sec.gov/enforcement-litigation/whistleblower-program,TRUE
Section_Table.csv,csv,https://www.sec.gov/enforcement-litigation/whistleblower-program,TRUE
Section_Table.csv,csv,https://www.sec.gov/enforcement-litigation/whistleblower-program,TRUE
Section_Table.csv,csv,https://www.sec.gov/newsroom/videos,TRUE
Section_Table.csv,csv,https://www.sec.gov/newsroom/videos,TRUE
Section_Table.csv,csv,https://www.sec.gov/newsroom/videos,TRUE
Section_Table.csv,csv,https://www.sec.gov/newsroom/videos,TRUE
Section_Table.csv,csv,https://www.sec.gov/newsroom/videos,TRUE
Section_Table.csv,csv,https://www.sec.gov/newsroom/social-media,TRUE
Section_Table.csv,csv,https://www.sec.gov/newsroom/social-media,TRUE
Section_Table.csv,csv,https://www.sec.gov/newsroom/social-media,TRUE
Section_Table.csv,csv,https://www.sec.gov/newsroom/social-media,TRUE
Section_Table.csv,csv,https://www.sec.gov/newsroom/social-media,TRUE
Section_Table.csv,csv,https://www.sec.gov/enforcement-litigation/whistleblower-program,TRUE
Section_Table.csv,csv,https://www.sec.gov/enforcement-litigation/whistleblower-program,TRUE
Section_Table.csv,csv,https://www.sec.gov/enforcement-litigation/whistleblower-program,TRUE
Section_Table.csv,csv,https://www.sec.gov/enforcement-litigation/whistleblower-program,TRUE
Section_Table.csv,csv,https://www.sec.gov/newsroom/social-media,TRUE
Section_Table.csv,csv,https://www.sec.gov/newsroom/social-media,TRUE
Section_Table.csv,csv,https://www.sec.gov/newsroom/social-media,TRUE
Section_Table.csv,csv,https://www.sec.gov/newsroom/social-media,TRUE
Section_Table.csv,csv,https://www.sec.gov/,TRUE
Section_Table.csv,csv,https://www.sec.gov/enforcement-litigation/whistleblower-program,TRUE
Section_Table.csv,csv,https://www.sec.gov/enforcement-litigation/whistleblower-program,TRUE
Section_Table.csv,csv,https://www.sec.gov/about/crypto-task-force/crypto-points-contact-secgov,TRUE
Section_Table.csv,csv,https://www.sec.gov/enforcement-litigation/whistleblower-program,TRUE
Section_Table.csv,csv,https://www.sec.gov/files/ctf-written-input-nasdaq-050225.pdf,TRUE
Section_Table.csv,csv,https://www.sec.gov/files/ctf-written-rscr-walker-03222023.pdf,TRUE
Section_Table.csv,csv,https://www.sec.gov/,TRUE
Section_Table.csv,csv,https://www.sec.gov/files/ctf-memo-anchorage-labs-inc-mercury-strategies-llc-060525.pdf,TRUE
Section_Table.csv,csv,https://www.sec.gov/about/crypto-task-force/crypto-points-contact-secgov,TRUE
Section_Table.csv,csv,https://www.sec.gov/enforcement-litigation/whistleblower-program,TRUE
Section_Table.csv,csv,https://www.sec.gov/enforcement-litigation/whistleblower-program,TRUE
Section_Table.csv,csv,https://www.sec.gov/enforcement-litigation/whistleblower-program,TRUE
Section_Table.csv,csv,https://www.sec.gov/enforcement-litigation/whistleblower-program,TRUE
Section_Table.csv,csv,https://www.sec.gov/enforcement-litigation/whistleblower-program,TRUE
Section_Table.csv,csv,https://www.sec.gov/enforcement-litigation/whistleblower-program,TRUE
Section_Table.csv,csv,https://www.sec.gov/?page=1,TRUE
Section_Table.csv,csv,https://www.sec.gov/?page=1,TRUE
Section_Table.csv,csv,https://www.sec.gov/enforcement-litigation/whistleblower-program,TRUE
Section_Table.csv,csv,https://www.sec.gov/enforcement-litigation/whistleblower-program,TRUE
Section_Table.csv,csv,https://www.sec.gov/enforcement-litigation/whistleblower-program,TRUE
Section_Table.csv,csv,https://www.sec.gov/enforcement-litigation/whistleblower-program,TRUE
Section_Table.csv,csv,https://www.sec.gov/enforcement-litigation/whistleblower-program,TRUE
Section_Table.csv,csv,https://www.sec.gov/files/ctf-written-input-nasdaq-042525.pdf,TRUE
Section_Table.csv,csv,https://www.sec.gov/enforcement-litigation/whistleblower-program,TRUE
Section_Table.csv,csv,https://www.sec.gov/enforcement-litigation/whistleblower-program,TRUE
Section_Table.csv,csv,https://www.sec.gov/enforcement-litigation/whistleblower-program,TRUE
Section_Table.csv,csv,https://www.sec.gov/enforcement-litigation/whistleblower-program,TRUE
Section_Table.csv,csv,https://www.sec.gov/enforcement-litigation/whistleblower-program,TRUE
Section_Table.csv,csv,https://www.sec.gov/enforcement-litigation/whistleblower-program,TRUE
Section_Table.csv,csv,https://www.sec.gov/enforcement-litigation/whistleblower-program,TRUE
Section_Table.csv,csv,https://www.sec.gov/enforcement-litigation/whistleblower-program,TRUE
Section_Table.csv,csv,https://www.sec.gov/forms/corp_fin_interpretive#no-back,TRUE
Section_Table.csv,csv,https://www.sec.gov/enforcement-litigation/whistleblower-program,TRUE
Section_Table.csv,csv,https://www.sec.gov/enforcement-litigation/whistleblower-program,TRUE
Section_Table.csv,csv,https://www.sec.gov/enforcement-litigation/whistleblower-program,TRUE
Section_Table.csv,csv,https://www.sec.gov/enforcement-litigation/whistleblower-program,TRUE
Section_Table.csv,csv,https://www.sec.gov/files/ctf-memo-21-finance-ag-willkie-farr-gallagher-llp-080525.pdf,TRUE
Section_Table.csv,csv,https://www.sec.gov/files/ctf-memo-flexa-072925.pdf,TRUE
Section_Table.csv,csv,https://www.sec.gov/files/ctf-memo-coalition-cooperative-blockchain-organizations-071425.pdf,TRUE
Section_Table.csv,csv,https://www.sec.gov/enforcement-litigation/whistleblower-program,TRUE
Section_Table.csv,csv,https://www.sec.gov/enforcement-litigation/whistleblower-program,TRUE
Section_Table.csv,csv,https://www.sec.gov/enforcement-litigation/whistleblower-program,TRUE
Section_Table.csv,csv,https://www.sec.gov/enforcement-litigation/whistleblower-program,TRUE
Section_Table.csv,csv,https://www.sec.gov/files/ctf-memo-erc-3643-association-071625.pdf,TRUE
Section_Table.csv,csv,https://www.sec.gov/enforcement-litigation/whistleblower-program,TRUE
Section_Table.csv,csv,https://www.sec.gov/enforcement-litigation/whistleblower-program,TRUE
Section_Table.csv,csv,https://www.sec.gov/enforcement-litigation/whistleblower-program,TRUE
Section_Table.csv,csv,https://www.sec.gov/enforcement-litigation/whistleblower-program,TRUE
Section_Table.csv,csv,https://www.sec.gov/enforcement-litigation/whistleblower-program,TRUE
Section_Table.csv,csv,https://www.sec.gov/files/ctf-memo-dealmaker-dealmaker-securities-llc-070825.pdf,TRUE
Section_Table.csv,csv,https://www.sec.gov/enforcement-litigation/whistleblower-program,TRUE
Section_Table.csv,csv,https://www.sec.gov/enforcement-litigation/whistleblower-program,TRUE
Section_Table.csv,csv,https://www.sec.gov/enforcement-litigation/whistleblower-program,TRUE
Section_Table.csv,csv,https://www.sec.gov/enforcement-litigation/whistleblower-program,TRUE
Section_Table.csv,csv,https://www.sec.gov/enforcement-litigation/whistleblower-program,TRUE
Section_Table.csv,csv,https://www.sec.gov/enforcement-litigation/whistleblower-program,TRUE
Section_Table.csv,csv,https://www.sec.gov/enforcement-litigation/whistleblower-program,TRUE
Section_Table.csv,csv,https://www.sec.gov/enforcement-litigation/whistleblower-program,TRUE
Section_Table.csv,csv,https://www.sec.gov/enforcement-litigation/whistleblower-program,TRUE
Section_Table.csv,csv,https://www.sec.gov/enforcement-litigation/whistleblower-program,TRUE
Section_Table.csv,csv,https://www.sec.gov/enforcement-litigation/whistleblower-program,TRUE
Section_Table.csv,csv,https://www.sec.gov/enforcement-litigation/whistleblower-program,TRUE
Section_Table.csv,csv,https://www.sec.gov/enforcement-litigation/whistleblower-program,TRUE
Section_Table.csv,csv,https://www.sec.gov/enforcement-litigation/whistleblower-program,TRUE
Section_Table.csv,csv,https://www.sec.gov/enforcement-litigation/whistleblower-program,TRUE
Section_Table.csv,csv,https://www.sec.gov/enforcement-litigation/whistleblower-program,TRUE
Section_Table.csv,csv,https://www.sec.gov/enforcement-litigation/whistleblower-program,TRUE
Section_Table.csv,csv,https://www.sec.gov/enforcement-litigation/whistleblower-program,TRUE
Section_Table.csv,csv,https://www.sec.gov/files/ctf-memo-syracuse-053025.pdf,TRUE
Section_Table.csv,csv,https://www.sec.gov/enforcement-litigation/whistleblower-program,TRUE
Section_Table.csv,csv,https://www.sec.gov/enforcement-litigation/whistleblower-program,TRUE
Section_Table.csv,csv,https://www.sec.gov/enforcement-litigation/whistleblower-program,TRUE
Section_Table.csv,csv,https://www.sec.gov/enforcement-litigation/whistleblower-program,TRUE
Section_Table.csv,csv,https://www.sec.gov/enforcement-litigation/whistleblower-program,TRUE
Section_Table.csv,csv,https://www.sec.gov/enforcement-litigation/whistleblower-program,TRUE
Section_Table.csv,csv,https://www.sec.gov/files/ctf-memo-hiro-systems-pbc-wilson-sonsini-goodrich-rosati-051325.pdf,TRUE
Section_Table.csv,csv,https://www.sec.gov/newsroom/press-releases,TRUE
Section_Table.csv,csv,https://www.sec.gov/enforcement-litigation/whistleblower-program,TRUE
Section_Table.csv,csv,https://www.sec.gov/enforcement-litigation/whistleblower-program,TRUE
Section_Table.csv,csv,https://www.sec.gov/enforcement-litigation/whistleblower-program,TRUE
Section_Table.csv,csv,https://www.sec.gov/enforcement-litigation/whistleblower-program,TRUE
Section_Table.csv,csv,https://www.sec.gov/enforcement-litigation/whistleblower-program,TRUE
Section_Table.csv,csv,https://www.sec.gov/newsroom/press-releases,TRUE
Section_Table.csv,csv,https://www.sec.gov/files/ctf-memo-depository-trust-clearing-corporation-051325.pdf,TRUE
Section_Table.csv,csv,https://www.sec.gov/enforcement-litigation/whistleblower-program,TRUE
Section_Table.csv,csv,https://www.sec.gov/enforcement-litigation/whistleblower-program,TRUE
Section_Table.csv,csv,https://www.sec.gov/enforcement-litigation/whistleblower-program,TRUE
Section_Table.csv,csv,https://www.sec.gov/enforcement-litigation/whistleblower-program,TRUE
Section_Table.csv,csv,https://www.sec.gov/files/ctf-memo-fidelity-digital-asset-services-050625.pdf,TRUE
Section_Table.csv,csv,https://www.sec.gov/enforcement-litigation/whistleblower-program,TRUE
Section_Table.csv,csv,https://www.sec.gov/enforcement-litigation/whistleblower-program,TRUE
Section_Table.csv,csv,https://www.sec.gov/enforcement-litigation/whistleblower-program,TRUE
Section_Table.csv,csv,https://www.sec.gov/enforcement-litigation/whistleblower-program,TRUE
Section_Table.csv,csv,https://www.sec.gov/enforcement-litigation/whistleblower-program,TRUE
Section_Table.csv,csv,https://www.sec.gov/enforcement-litigation/whistleblower-program,TRUE
Section_Table.csv,csv,https://www.sec.gov/enforcement-litigation/whistleblower-program,TRUE
Section_Table.csv,csv,https://www.sec.gov/enforcement-litigation/whistleblower-program,TRUE
Section_Table.csv,csv,https://www.sec.gov/enforcement-litigation/whistleblower-program,TRUE
Section_Table.csv,csv,https://www.sec.gov/enforcement-litigation/whistleblower-program,TRUE
Section_Table.csv,csv,https://www.sec.gov/enforcement-litigation/whistleblower-program,TRUE
Section_Table.csv,csv,https://www.sec.gov/enforcement-litigation/whistleblower-program,TRUE
Section_Table.csv,csv,https://www.sec.gov/enforcement-litigation/whistleblower-program,TRUE
Section_Table.csv,csv,https://www.sec.gov/enforcement-litigation/whistleblower-program,TRUE
Section_Table.csv,csv,https://www.sec.gov/enforcement-litigation/whistleblower-program,TRUE
Section_Table.csv,csv,https://www.sec.gov/enforcement-litigation/whistleblower-program,TRUE
Section_Table.csv,csv,https://www.sec.gov/files/ctf-memo-perkin-law-firm-llc-elsalvadornatl-natlcom-digital-assts-hshemilt-ceochoa-042225.pdf,TRUE
Section_Table.csv,csv,https://www.sec.gov/enforcement-litigation/whistleblower-program,TRUE
Section_Table.csv,csv,https://www.sec.gov/enforcement-litigation/whistleblower-program,TRUE
Section_Table.csv,csv,https://www.sec.gov/enforcement-litigation/whistleblower-program,TRUE
Section_Table.csv,csv,https://www.sec.gov/enforcement-litigation/whistleblower-program,TRUE
Section_Table.csv,csv,https://www.sec.gov/enforcement-litigation/whistleblower-program,TRUE
Section_Table.csv,csv,https://www.sec.gov/files/ctf-memo-r3-04162025.pdf,TRUE
Section_Table.csv,csv,https://www.sec.gov/enforcement-litigation/whistleblower-program,TRUE
Section_Table.csv,csv,https://www.sec.gov/enforcement-litigation/whistleblower-program,TRUE
Section_Table.csv,csv,https://www.sec.gov/enforcement-litigation/whistleblower-program,TRUE
Section_Table.csv,csv,https://www.sec.gov/enforcement-litigation/whistleblower-program,TRUE
Section_Table.csv,csv,https://www.sec.gov/enforcement-litigation/whistleblower-program,TRUE
Section_Table.csv,csv,https://www.sec.gov/enforcement-litigation/whistleblower-program,TRUE
Section_Table.csv,csv,https://www.sec.gov/enforcement-litigation/whistleblower-program,TRUE
Section_Table.csv,csv,https://www.sec.gov/files/ctf-memo-open-security-alliance-paradigm-operations-040425.pdf,TRUE
Section_Table.csv,csv,https://www.sec.gov/files/ctf-memo-wall-street-blockchain-alliance-3-27-25.pdf,TRUE
Section_Table.csv,csv,https://www.sec.gov/files/ctf-memo-columbia-business-school-university-chicago-booth-school-business-3-24-25.pdf,TRUE
Section_Table.csv,csv,https://www.sec.gov/enforcement-litigation/whistleblower-program,TRUE
Section_Table.csv,csv,https://www.sec.gov/enforcement-litigation/whistleblower-program,TRUE
Section_Table.csv,csv,https://www.sec.gov/enforcement-litigation/whistleblower-program,TRUE
Section_Table.csv,csv,https://www.sec.gov/enforcement-litigation/whistleblower-program,TRUE
Section_Table.csv,csv,https://www.sec.gov/enforcement-litigation/whistleblower-program,TRUE
Section_Table.csv,csv,https://www.sec.gov/about,TRUE
Section_Table.csv,csv,https://www.sec.gov/files/ctf-memo-duke-university-moskowitz-law-firm-2025-3-18.pdf,TRUE
Section_Table.csv,csv,https://www.sec.gov/enforcement-litigation/whistleblower-program,TRUE
Section_Table.csv,csv,https://www.sec.gov/enforcement-litigation/whistleblower-program,TRUE
Section_Table.csv,csv,https://www.sec.gov/enforcement-litigation/whistleblower-program,TRUE
Section_Table.csv,csv,https://www.sec.gov/enforcement-litigation/whistleblower-program,TRUE
Section_Table.csv,csv,https://www.sec.gov/enforcement-litigation/whistleblower-program,TRUE
Section_Table.csv,csv,https://www.sec.gov/files/ctf-memo-figure-markets-031725.pdf,TRUE
Section_Table.csv,csv,https://www.sec.gov/files/ctf-memo-sifma-2025-3-14.pdf,TRUE
Section_Table.csv,csv,https://www.sec.gov/files/ctf-memo-gabe-shapiro-2025-3-13.pdf,TRUE
Section_Table.csv,csv,https://www.sec.gov/about/crypto-task-force/crypto-task-force-road,TRUE
Section_Table.csv,csv,https://www.sec.gov/enforcement-litigation/whistleblower-program,TRUE
Section_Table.csv,csv,https://www.sec.gov/enforcement-litigation/whistleblower-program,TRUE
Section_Table.csv,csv,https://www.sec.gov/enforcement-litigation/whistleblower-program,TRUE
Section_Table.csv,csv,https://www.sec.gov/enforcement-litigation/whistleblower-program,TRUE
Section_Table.csv,csv,https://www.sec.gov/enforcement-litigation/whistleblower-program,TRUE
Section_Table.csv,csv,https://www.sec.gov/enforcement-litigation/whistleblower-program,TRUE
Section_Table.csv,csv,https://www.sec.gov/enforcement-litigation/whistleblower-program,TRUE
Section_Table.csv,csv,https://www.sec.gov/enforcement-litigation/whistleblower-program,TRUE
Section_Table.csv,csv,https://www.sec.gov/enforcement-litigation/whistleblower-program,TRUE
Section_Table.csv,csv,https://www.sec.gov/enforcement-litigation/whistleblower-program,TRUE
Section_Table.csv,csv,https://www.sec.gov/enforcement-litigation/whistleblower-program,TRUE
Section_Table.csv,csv,https://www.sec.gov/enforcement-litigation/whistleblower-program,TRUE
Section_Table.csv,csv,https://www.sec.gov/files/ctf-input-mooney-041425.pdf,TRUE
Section_Table.csv,csv,https://www.sec.gov/enforcement-litigation/whistleblower-program,TRUE
Section_Table.csv,csv,https://www.sec.gov/enforcement-litigation/whistleblower-program,TRUE
Section_Table.csv,csv,https://www.sec.gov/enforcement-litigation/whistleblower-program,TRUE
Section_Table.csv,csv,https://www.sec.gov/enforcement-litigation/whistleblower-program,TRUE
Section_Table.csv,csv,https://www.sec.gov/enforcement-litigation/whistleblower-program,TRUE
Section_Table.csv,csv,https://www.sec.gov/enforcement-litigation/whistleblower-program,TRUE
Section_Table.csv,csv,https://www.sec.gov/enforcement-litigation/whistleblower-program,TRUE
Section_Table.csv,csv,https://www.sec.gov/enforcement-litigation/whistleblower-program,TRUE
Section_Table.csv,csv,https://www.sec.gov/about/crypto-task-force/crypto-points-contact-secgov,TRUE
Section_Table.csv,csv,https://www.sec.gov/enforcement-litigation/whistleblower-program,TRUE
Section_Table.csv,csv,https://www.sec.gov/files/ctf-input-gellasch-hma-041125.pdf,TRUE
Section_Table.csv,csv,https://www.sec.gov/about,TRUE
Section_Table.csv,csv,https://www.sec.gov/about,TRUE
Section_Table.csv,csv,https://www.sec.gov/enforcement-litigation/whistleblower-program,TRUE
Section_Table.csv,csv,https://www.sec.gov/files/ctf-input-mooney-2-041425.pdf,TRUE
Section_Table.csv,csv,https://www.sec.gov/files/ctf-memo-van-eck-associates-corporation-092525.pdf,TRUE
Section_Table.csv,csv,https://www.sec.gov/files/ctf-memo-wintermute-trading-ltd-091625.pdf,TRUE
Section_Table.csv,csv,https://www.sec.gov/files/ctf-memo-decentralization-research-center-bgr-group-091625.pdf,TRUE
Section_Table.csv,csv,https://www.sec.gov/files/ctf-memo-term-finance-091525.pdf,TRUE
Section_Table.csv,csv,https://www.sec.gov/files/ctf-memo-lagrange-labs-inc-091225.pdf,TRUE
Section_Table.csv,csv,https://www.sec.gov/files/ctf-memo-sifma-091025.pdf,TRUE
Section_Table.csv,csv,https://www.sec.gov/files/ctf-memo-bitgo-091025.pdf,TRUE
Section_Table.csv,csv,https://www.sec.gov/files/ctf-memo-anchain-ai-090925.pdf,TRUE
Section_Table.csv,csv,https://www.sec.gov/files/ctf-memo-mysten-labs-090925.pdf,TRUE
Section_Table.csv,csv,https://www.sec.gov/files/ctf-memo-collab-currency-090825.pdf,TRUE
Section_Table.csv,csv,https://www.sec.gov/?page=1,TRUE
Section_Table.csv,csv,https://www.sec.gov/files/ctf-memo-blockchain-assn-multicoin-capital-mngemnt-llc-blockchain-capital-llc-sullivan-cromwell-llp.pdf,TRUE
Section_Table.csv,csv,https://www.sec.gov/files/ctf-memo-computershare-limited-072825.pdf,TRUE
Section_Table.csv,csv,https://www.sec.gov/,TRUE
Section_Table.csv,csv,https://www.sec.gov/files/ctf-memo-adam-tomas-brad-tonkin-072125.pdf,TRUE
Section_Table.csv,csv,https://www.sec.gov/files/ctf-memo-optimism-foundation-op-labs-pbc-072125.pdf,TRUE
Section_Table.csv,csv,https://www.sec.gov/files/ctf-memo-deutsche-bank-071525.pdf,TRUE
Section_Table.csv,csv,https://www.sec.gov/files/ctf-memo-cryptex-finance-071125.pdf,TRUE
Section_Table.csv,csv,https://www.sec.gov/files/ctf-memo-agora-labs-s-r-l-arktouros-pllc-071025.pdf,TRUE
Section_Table.csv,csv,https://www.sec.gov/about/webmaster-frequently-asked-questions,TRUE
Section_Table.csv,csv,https://www.sec.gov/enforcement-litigation/whistleblower-program,TRUE
Section_Table.csv,csv,https://www.sec.gov/enforcement-litigation/whistleblower-program,TRUE
Section_Table.csv,csv,https://www.sec.gov/enforcement-litigation/whistleblower-program,TRUE
Section_Table.csv,csv,https://www.sec.gov/enforcement-litigation/whistleblower-program,TRUE
Section_Table.csv,csv,https://www.sec.gov/enforcement-litigation/whistleblower-program,TRUE
Section_Table.csv,csv,https://www.sec.gov/newsroom,TRUE
Section_Table.csv,csv,https://www.sec.gov/files/ctf-memo-phantom-technologies-inc-bgr-group-wilmer-cutler-pickering-hale-dorr-llp-070225.pdf,TRUE
Section_Table.csv,csv,https://www.sec.gov/about/webmaster-frequently-asked-questions,TRUE
Section_Table.csv,csv,https://www.sec.gov/files/ctf-memo-ethena-labs-s-morrison-cohen-llp-070125.pdf,TRUE
Section_Table.csv,csv,https://www.sec.gov/files/ctf-memo-tradeweb-markets-llc-rich-feuer-anderson-062525.pdf,TRUE
Section_Table.csv,csv,https://www.sec.gov/?page=1,TRUE
Section_Table.csv,csv,https://www.sec.gov/?page=1,TRUE
Section_Table.csv,csv,https://www.sec.gov/files/ctf-memo-university-california-berkeley-law-georgetown-university-law-university-chicago-law.pdf,TRUE
Section_Table.csv,csv,https://www.sec.gov/files/ctf-memo-metrika-capitol-asset-strategies-062325.pdf,TRUE
Section_Table.csv,csv,https://www.sec.gov/files/ctf-memo-dinari-wilmer-cutler-pickering-hale-dorr-062025.pdf,TRUE
Section_Table.csv,csv,https://www.sec.gov/files/ctf-memo-dtcc-062025.pdf,TRUE
Section_Table.csv,csv,https://www.sec.gov/files/ctf-memo-figure-markets-holdings-inc-figure-certificate-co-allen-overy-shearman-sterling-llp-practus.pdf,TRUE
Section_Table.csv,csv,https://www.sec.gov/files/ctf-memo-inx-securities-llc-inx-digital-company-inc-061725.pdf,TRUE
Section_Table.csv,csv,https://www.sec.gov/files/ctf-memo-north-american-securities-administrators-association-061625.pdf,TRUE
Section_Table.csv,csv,https://www.sec.gov/files/ctf-memo-amalgamated-token-services-inc-manatt-phelps-phillips-llp-061625.pdf,TRUE
Section_Table.csv,csv,https://www.sec.gov/files/ctf-memo-confusion-capital-inc-digital-securities-initiative-ketsal-arktouros-pllc-061225.pdf,TRUE
Section_Table.csv,csv,https://www.sec.gov/files/ctf-memo-committee-capital-markets-regulation-061125.pdf,TRUE
Section_Table.csv,csv,https://www.sec.gov/files/ctf-memo-tokenco-wm-entriken-design-blockchain-technology-061015.pdf,TRUE
Section_Table.csv,csv,https://www.sec.gov/files/ctf-memo-vaneck-corporation-dla-piper-llp-060625.pdf,TRUE
Section_Table.csv,csv,https://www.sec.gov/about/webmaster-frequently-asked-questions,TRUE
Section_Table.csv,csv,https://www.sec.gov/files/ctf-memo-glennon-labs-060425.pdf,TRUE
Section_Table.csv,csv,https://www.sec.gov/files/ctf-memo-chamber-digital-finance-instruments-060225.pdf,TRUE
Section_Table.csv,csv,https://www.sec.gov/files/ctf-memo-interop-labs-060425.pdf,TRUE
Section_Table.csv,csv,https://www.sec.gov/files/ctf-memo-prometheum-inc-060325.pdf,TRUE
Section_Table.csv,csv,https://www.sec.gov/files/ctf-memo-tzero-group-inc-cleary-gottlieb-steen-hamilton-llp-052925.pdf,TRUE
Section_Table.csv,csv,https://www.sec.gov/files/ctf-memo-securities-industry-financial-markets-assoc-cahillnxt-052725.pdf,TRUE
Section_Table.csv,csv,https://www.sec.gov/files/ctf-memo-permuto-capital-llc-skadden-arps-slate-meagher-flom-llp-052725.pdf,TRUE
Section_Table.csv,csv,https://www.sec.gov/files/ctf-memo-dragonfly-052325.pdf,TRUE
Section_Table.csv,csv,https://www.sec.gov/files/ctf-memo-etherealize-metalex-052225.pdf,TRUE
Section_Table.csv,csv,https://www.sec.gov/files/ctf-memo-coinshares-international-limited-chapman-cutler-llp-060325.pdf,TRUE
Section_Table.csv,csv,https://www.sec.gov/files/ctf-memo-auditchain-labs-ag-rutgers-business-school-060225.pdf,TRUE
Section_Table.csv,csv,https://www.sec.gov/?page=1,TRUE
Section_Table.csv,csv,https://www.sec.gov/files/ctf-memo-plume-network-blue-ridge-law-policy-pc-052225.pdf,TRUE
Section_Table.csv,csv,https://www.sec.gov/enforcement-litigation/whistleblower-program,TRUE
Section_Table.csv,csv,https://www.sec.gov/files/ctf-memo-nasdaq-052125.pdf,TRUE
Section_Table.csv,csv,https://www.sec.gov/files/ctf-memo-multicoin-capital-management-chapman-cutler-052125.pdf,TRUE
Section_Table.csv,csv,https://www.sec.gov/files/ctf-memo-dourolabs-052025.pdf,TRUE
Section_Table.csv,csv,https://www.sec.gov/files/ctf-memo-ripplelabs-052025.pdf,TRUE
Section_Table.csv,csv,https://www.sec.gov/enforcement-litigation/whistleblower-program,TRUE
Section_Table.csv,csv,https://www.sec.gov/enforcement-litigation/whistleblower-program,TRUE
Section_Table.csv,csv,https://www.sec.gov/files/ctf-memo-opensea-051625.pdf,TRUE
Section_Table.csv,csv,https://www.sec.gov/files/ctf-memo-paradigm-cooley-051525.pdf,TRUE
Section_Table.csv,csv,https://www.sec.gov/newsroom,TRUE
Section_Table.csv,csv,https://www.sec.gov/files/ctf-memo-demolytics-llc-051425.pdf,TRUE
Section_Table.csv,csv,https://www.sec.gov/files/ctf-memo-temporal-051325.pdf,TRUE
Section_Table.csv,csv,https://www.sec.gov/files/ctf-memo-everstake-050925.pdf,TRUE
Section_Table.csv,csv,https://www.sec.gov/files/ctf-memo-kiln-fs-vector-llc-050825.pdf,TRUE
Section_Table.csv,csv,https://www.sec.gov/files/ctf-memo-phase-labs-technologies-limited-050725.pdf,TRUE
Section_Table.csv,csv,https://www.sec.gov/newsroom/meetings-events/past-events,TRUE
Section_Table.csv,csv,https://www.sec.gov/files/ctf-memo-lmax-group-phronesis-dc-050725.pdf,TRUE
Section_Table.csv,csv,https://www.sec.gov/newsroom/speeches-statements,TRUE
Section_Table.csv,csv,https://www.sec.gov/about/webmaster-frequently-asked-questions,TRUE
Section_Table.csv,csv,https://www.sec.gov/?page=1,TRUE
Section_Table.csv,csv,https://www.sec.gov/files/ctf-memo-paxos-trust-co-manatt-phelps-phillips-llp-050625.pdf,TRUE
Section_Table.csv,csv,https://www.sec.gov/files/ctf-memo-knowpia-050525.pdf,TRUE
Section_Table.csv,csv,https://www.sec.gov/files/ctf-memo-taft-stettinius-hollister-llp-050525.pdf,TRUE
Section_Table.csv,csv,https://www.sec.gov/files/ctf-memo-pricewaterhousecoopers-050225.pdf,TRUE
Section_Table.csv,csv,https://www.sec.gov/files/ctf-memo-anchorage-digital-bank-mercury-strategies-050225.pdf,TRUE
Section_Table.csv,csv,https://www.sec.gov/files/ctf-memo-wilmerhale-dinari-050125.pdf,TRUE
Section_Table.csv,csv,https://www.sec.gov/files/ctf-memo-etana-custody-inc-taft-stettinius-hollister-llp-050125.pdf,TRUE
Section_Table.csv,csv,https://www.sec.gov/files/ctf-memo-wilson-sonsini-goodrich-rosati-043025.pdf,TRUE
Section_Table.csv,csv,https://www.sec.gov/files/ctf-memo-phantom-042925.pdf,TRUE
Section_Table.csv,csv,https://www.sec.gov/files/ctf-memo-sidley-austin-ava-labs-042925.pdf,TRUE
Section_Table.csv,csv,https://www.sec.gov/files/ctf-memo-algorithmic-ratings-investment-analysis-sas-042925.pdf,TRUE
Section_Table.csv,csv,https://www.sec.gov/files/ctf-memo-coalition-cooperative-blockchain-organizations-042825.pdf,TRUE
Section_Table.csv,csv,https://www.sec.gov/files/ctf-memo-mv-global-042825.pdf,TRUE
Section_Table.csv,csv,https://www.sec.gov/about/webmaster-frequently-asked-questions,TRUE
Section_Table.csv,csv,https://www.sec.gov/files/ctf-memo-solidus-labs-042425.pdf,TRUE
Section_Table.csv,csv,https://www.sec.gov/files/ctf-memo-ondo-finance-inc-davis-polk-wardwell-llp-042425.pdf,TRUE
Section_Table.csv,csv,https://www.sec.gov/files/ctf-memo-asia-web3-alliance-japan-042225.pdf,TRUE
Section_Table.csv,csv,https://www.sec.gov/files/ctf-memo-chiliz-digital-chamber-zuber-lawler-llp-042225.pdf,TRUE
Section_Table.csv,csv,https://www.sec.gov/files/ctf-memo-realassets-technologies-labs-042225.pdf,TRUE
Section_Table.csv,csv,https://www.sec.gov/files/ctf-memo-alluvia-042125.pdf,TRUE
Section_Table.csv,csv,https://www.sec.gov/files/ctf-memo-fif-042125.pdf,TRUE
Section_Table.csv,csv,https://www.sec.gov/files/ctf-memo-grayscale-davis-polk-042125.pdf,TRUE
Section_Table.csv,csv,https://www.sec.gov/about/webmaster-frequently-asked-questions,TRUE
Section_Table.csv,csv,https://www.sec.gov/files/ctf-memo-platonic-04182025.pdf,TRUE
Section_Table.csv,csv,https://www.sec.gov/newsroom,TRUE
Section_Table.csv,csv,https://www.sec.gov/newsroom,TRUE
Section_Table.csv,csv,https://www.sec.gov/newsroom,TRUE
Section_Table.csv,csv,https://www.sec.gov/newsroom,TRUE
Section_Table.csv,csv,https://www.sec.gov/files/ctf-memo-dtcc-040725.pdf,TRUE
Section_Table.csv,csv,https://www.sec.gov/files/ctf-memo-hashdex-asset-management-dechert-32825.pdf,TRUE
Section_Table.csv,csv,https://www.sec.gov/files/ctf-memo-chainlink-labs-032825.pdf,TRUE
Section_Table.csv,csv,https://www.sec.gov/files/ctf-memo-wintermute-trading-morrison-cohen-3-28-25.pdf,TRUE
Section_Table.csv,csv,https://www.sec.gov/files/ctf-memo-perpetual-cyclist-services-cahill-gordon-reindell-3-28-25.pdf,TRUE
Section_Table.csv,csv,https://www.sec.gov/?page=1,TRUE
Section_Table.csv,csv,https://www.sec.gov/files/ctf-memo-fs-vector-clients-3-27-25.pdf,TRUE
Section_Table.csv,csv,https://www.sec.gov/newsroom,TRUE
Section_Table.csv,csv,https://www.sec.gov/files/ctf-memo-bsv-association-3-27-25.pdf,TRUE
Section_Table.csv,csv,https://www.sec.gov/files/ctf-memo-dragonchain-3-24-25.pdf,TRUE
Section_Table.csv,csv,https://www.sec.gov/?page=1,TRUE
Section_Table.csv,csv,https://www.sec.gov/files/ctf-memo-chainlink-labs-3-24-25.pdf,TRUE
Section_Table.csv,csv,https://www.sec.gov/files/ctf-memo-coinregtech-2025-3-10.pdf,TRUE
Section_Table.csv,csv,https://www.sec.gov/newsroom,TRUE
Section_Table.csv,csv,https://www.sec.gov/?page=1,TRUE
Section_Table.csv,csv,https://www.sec.gov/files/ctf-memo-cryptocom-2025-3-10.pdf,TRUE
Section_Table.csv,csv,https://www.sec.gov/files/ctf-memo-knox-networks-2025-3-10.pdf,TRUE
Section_Table.csv,csv,https://www.sec.gov/files/ctf-memo-coinbase-global-2025-03-06.pdf,TRUE
Section_Table.csv,csv,https://www.sec.gov/files/memo-wisdomtree-digital-management-inc-030525.pdf,TRUE
Section_Table.csv,csv,https://www.sec.gov/files/memo-circle-internet-financial-llc-030525.pdf,TRUE
Section_Table.csv,csv,https://www.sec.gov/files/memo-coinfund-management-llc-030425.pdf,TRUE
Section_Table.csv,csv,https://www.sec.gov/files/memo-dtcc-022525.pdf,TRUE
Section_Table.csv,csv,https://www.sec.gov/files/memo-gottlieb-hinkes-verret-022425.pdf,TRUE
Section_Table.csv,csv,https://www.sec.gov/files/crypto-council-innovation-022125.pdf,TRUE
Section_Table.csv,csv,https://www.sec.gov/files/memo-fireblocks-inc-022025.pdf,TRUE
Section_Table.csv,csv,https://www.sec.gov/files/memo-paradigm-operations-lp-021825.pdf,TRUE
Section_Table.csv,csv,https://www.sec.gov/files/memo-texture-capital-021325.pdf,TRUE
Section_Table.csv,csv,https://www.sec.gov/files/lloyd-memo-020725.pdf,TRUE
Section_Table.csv,csv,https://www.sec.gov/files/nasdaq-020625.pdf,TRUE
Section_Table.csv,csv,https://www.sec.gov/files/ah-capital-management-a16z.pdf,TRUE
Section_Table.csv,csv,https://www.sec.gov/files/jito-memo-020525.pdf,TRUE
Section_Table.csv,csv,https://www.sec.gov/files/blockchain-association-020425.pdf,TRUE
Section_Table.csv,csv,https://www.sec.gov/files/memo-defi-education-fund-020325.pdf,TRUE
Section_Table.csv,csv,https://www.sec.gov/files/digital-chamber.pdf,TRUE
Section_Table.csv,csv,https://www.sec.gov/files/coin-routes-letter-092425.pdf,TRUE
Section_Table.csv,csv,https://www.sec.gov/files/ctf-written-input-epistria-llc-ssrn-comprehensive-paper-092325.pdf,TRUE
Section_Table.csv,csv,https://www.sec.gov/files/ctf-written-input-epistria-llc-cryptos-evidentiary-debt-crisis-092325.pdf,TRUE
Section_Table.csv,csv,https://www.sec.gov/files/ctf-written-input-gridtek-llc-092325.pdf,TRUE
Section_Table.csv,csv,https://www.sec.gov/files/ctf-written-input-daniel-bruno-corvelo-costa-092125.pdf,TRUE
Section_Table.csv,csv,https://www.sec.gov/files/ctf-written-proposal-sec-project-09-15-2025.pdf,TRUE
Section_Table.csv,csv,https://www.sec.gov/files/ctf-written-input-daniel-bruno-corvelo-costa-091125.pdf,TRUE
Section_Table.csv,csv,https://www.sec.gov/files/ctf-input-honeycomb-digital-investments-090925.pdf,TRUE
Section_Table.csv,csv,https://www.sec.gov/files/filing-fee-fedwire-payment-template-07-14-2025.pdf,TRUE
Section_Table.csv,csv,https://www.sec.gov/about/webmaster-frequently-asked-questions,TRUE
Section_Table.csv,csv,https://www.sec.gov/about,TRUE
Section_Table.csv,csv,https://www.sec.gov/edgar/searchedgar/companysearch.html,TRUE
Section_Table.csv,csv,https://www.sec.gov/edgar/searchedgar/companysearch.html,TRUE
Section_Table.csv,csv,https://www.sec.gov/edgar/searchedgar/companysearch.html,TRUE
Section_Table.csv,csv,https://www.sec.gov/edgar/searchedgar/companysearch.html,TRUE
Section_Table.csv,csv,https://www.sec.gov/edgar/searchedgar/companysearch.html,TRUE
Section_Table.csv,csv,https://www.sec.gov/edgar/searchedgar/companysearch.html,TRUE
Section_Table.csv,csv,https://www.sec.gov/enforcement-litigation/whistleblower-program,TRUE
Section_Table.csv,csv,https://www.sec.gov/edgar/searchedgar/companysearch.html,TRUE
Section_Table.csv,csv,https://www.sec.gov/edgar/searchedgar/companysearch.html,TRUE
Section_Table.csv,csv,https://www.sec.gov/edgar/searchedgar/companysearch.html,TRUE
Section_Table.csv,csv,https://www.sec.gov/edgar/searchedgar/companysearch.html,TRUE
Section_Table.csv,csv,https://www.sec.gov/edgar/searchedgar/companysearch.html,TRUE
Section_Table.csv,csv,https://www.sec.gov/edgar/searchedgar/companysearch.html,TRUE
Section_Table.csv,csv,https://www.sec.gov/edgar/searchedgar/companysearch.html,TRUE
Section_Table.csv,csv,https://www.sec.gov/edgar/searchedgar/companysearch.html,TRUE
Section_Table.csv,csv,https://www.sec.gov/cgi-bin/browse-edgar?action=getcurrent,TRUE
Section_Table.csv,csv,https://www.sec.gov/cgi-bin/browse-edgar?action=getcurrent,TRUE
Section_Table.csv,csv,https://www.sec.gov/cgi-bin/browse-edgar?action=getcurrent,TRUE
Section_Table.csv,csv,https://www.sec.gov/education/capitalraising,TRUE
Section_Table.csv,csv,https://www.sec.gov/newsroom,TRUE
Section_Table.csv,csv,https://www.sec.gov/newsroom,TRUE
Section_Table.csv,csv,https://www.sec.gov/newsroom,TRUE
Section_Table.csv,csv,https://www.sec.gov/newsroom,TRUE
Section_Table.csv,csv,https://www.sec.gov/newsroom/meetings-events/past-events,TRUE
Section_Table.csv,csv,https://www.sec.gov/about/contact-sec,TRUE
Section_Table.csv,csv,https://www.sec.gov/about/mission,TRUE
Section_Table.csv,csv,https://www.sec.gov/about/webmaster-frequently-asked-questions,TRUE
Section_Table.csv,csv,https://www.sec.gov/about/webmaster-frequently-asked-questions,TRUE
Section_Table.csv,csv,https://www.sec.gov/about/webmaster-frequently-asked-questions,TRUE
Section_Table.csv,csv,https://www.sec.gov/newsroom/meetings-events/past-events,TRUE
Section_Table.csv,csv,https://www.sec.gov/enforcement-litigation/whistleblower-program,TRUE
Section_Table.csv,csv,https://www.sec.gov/about/webmaster-frequently-asked-questions,TRUE
Section_Table.csv,csv,https://www.sec.gov/about/mission,TRUE
Section_Table.csv,csv,https://www.sec.gov/newsroom,TRUE
Section_Table.csv,csv,https://www.sec.gov/newsroom/meetings-events,TRUE
Section_Table.csv,csv,https://www.sec.gov/enforcement-litigation/whistleblower-program,TRUE
Section_Table.csv,csv,https://www.sec.gov/newsroom/meetings-events/past-events,TRUE
Section_Table.csv,csv,https://www.sec.gov/enforcement-litigation/whistleblower-program,TRUE
Section_Table.csv,csv,https://www.sec.gov/about/mission,TRUE
Section_Table.csv,csv,https://www.sec.gov/about/mission,TRUE
Section_Table.csv,csv,https://www.sec.gov/about/mission,TRUE
Section_Table.csv,csv,https://www.sec.gov/about/crypto-task-force,TRUE
Section_Table.csv,csv,https://www.sec.gov/about/advisory-committees,TRUE
Section_Table.csv,csv,https://www.sec.gov/newsroom,TRUE
Section_Table.csv,csv,https://www.sec.gov/newsroom,TRUE
Section_Table.csv,csv,https://www.sec.gov/about/advisory-committees,TRUE
Section_Table.csv,csv,https://www.sec.gov/enforcement-litigation/whistleblower-program,TRUE
Section_Table.csv,csv,https://www.sec.gov/newsroom,TRUE
Section_Table.csv,csv,https://www.sec.gov/about/advisory-committees,TRUE
Section_Table.csv,csv,https://www.sec.gov/enforcement-litigation/whistleblower-program,TRUE
Section_Table.csv,csv,https://www.sec.gov/enforcement-litigation/whistleblower-program,TRUE
Section_Table.csv,csv,https://www.sec.gov/about/advisory-committees,TRUE
Section_Table.csv,csv,https://www.sec.gov/about/advisory-committees,TRUE
Section_Table.csv,csv,https://www.sec.gov/about/commission-votes,TRUE
Section_Table.csv,csv,https://www.sec.gov/about/crypto-task-force/crypto-points-contact-secgov,TRUE
Section_Table.csv,csv,https://www.sec.gov/enforcement-litigation/whistleblower-program,TRUE
Section_Table.csv,csv,https://www.sec.gov/newsroom/speeches-statements,TRUE
Section_Table.csv,csv,https://www.sec.gov/newsroom/meetings-events,TRUE
Section_Table.csv,csv,https://www.sec.gov/newsroom/meetings-events,TRUE
Section_Table.csv,csv,https://www.sec.gov/newsroom/meetings-events,TRUE
Section_Table.csv,csv,https://www.sec.gov/newsroom/meetings-events,TRUE
Section_Table.csv,csv,https://www.sec.gov/enforcement-litigation/whistleblower-program,TRUE
Section_Table.csv,csv,https://www.sec.gov/rules/interp/33-6253.pdf,TRUE
Section_Table.csv,csv,https://www.sec.gov/about/commission-votes,TRUE
Section_Table.csv,csv,https://www.sec.gov/about/commission-votes,TRUE
Section_Table.csv,csv,https://www.sec.gov/enforcement-litigation/whistleblower-program,TRUE
Section_Table.csv,csv,https://www.sec.gov/enforcement-litigation/whistleblower-program,TRUE
Section_Table.csv,csv,https://www.sec.gov/about/commission-votes,TRUE
Section_Table.csv,csv,https://www.sec.gov/newsroom/meetings-events/past-events,TRUE
Section_Table.csv,csv,https://www.sec.gov/newsroom/meetings-events/past-events,TRUE
Section_Table.csv,csv,https://www.sec.gov/newsroom/meetings-events/past-events,TRUE
Section_Table.csv,csv,https://www.sec.gov/newsroom/meetings-events/past-events,TRUE
Section_Table.csv,csv,https://www.sec.gov/newsroom/meetings-events/past-events,TRUE
Section_Table.csv,csv,https://www.sec.gov/enforcement-litigation/whistleblower-program,TRUE
Section_Table.csv,csv,https://www.sec.gov/files/sec-2023-agency-financial-report.pdf,TRUE
Section_Table.csv,csv,https://www.sec.gov/newsroom,TRUE
Section_Table.csv,csv,https://www.sec.gov/newsroom,TRUE
Section_Table.csv,csv,https://www.sec.gov/enforcement-litigation/whistleblower-program,TRUE
Section_Table.csv,csv,https://www.sec.gov/enforcement-litigation/whistleblower-program,TRUE
Section_Table.csv,csv,https://www.sec.gov/enforcement-litigation/whistleblower-program,TRUE
Section_Table.csv,csv,https://www.sec.gov/files/investment/no-action/simpsonthacherbartlett093025-incoming.pdf,TRUE
Section_Table.csv,csv,https://www.sec.gov/files/corpfin/no-action/doublezero-final-conformed-092625.pdf,TRUE
Section_Table.csv,csv,https://www.sec.gov/enforcement-litigation/whistleblower-program,TRUE
Section_Table.csv,csv,https://www.sec.gov/enforcement-litigation/whistleblower-program,TRUE
Section_Table.csv,csv,https://www.sec.gov/enforcement-litigation/whistleblower-program,TRUE
Section_Table.csv,csv,https://www.sec.gov/newsroom,TRUE
Section_Table.csv,csv,https://www.sec.gov/newsroom,TRUE
Section_Table.csv,csv,https://www.sec.gov/enforcement-litigation/whistleblower-program,TRUE
Section_Table.csv,csv,https://www.sec.gov/enforcement-litigation/whistleblower-program,TRUE
Section_Table.csv,csv,https://www.sec.gov/enforcement-litigation/whistleblower-program,TRUE
Section_Table.csv,csv,https://www.sec.gov/enforcement-litigation/whistleblower-program,TRUE
Section_Table.csv,csv,https://www.sec.gov/enforcement-litigation/whistleblower-program,TRUE
Section_Table.csv,csv,https://www.sec.gov/enforcement-litigation/whistleblower-program,TRUE
Section_Table.csv,csv,https://www.sec.gov/enforcement-litigation/whistleblower-program,TRUE
Section_Table.csv,csv,https://www.sec.gov/enforcement-litigation/whistleblower-program,TRUE
Section_Table.csv,csv,https://www.sec.gov/enforcement-litigation/whistleblower-program,TRUE
Section_Table.csv,csv,https://www.sec.gov/enforcement-litigation/whistleblower-program,TRUE
Section_Table.csv,csv,https://www.sec.gov/enforcement-litigation/whistleblower-program,TRUE
Section_Table.csv,csv,https://www.sec.gov/enforcement-litigation/whistleblower-program,TRUE
Section_Table.csv,csv,https://www.sec.gov/about/contact-sec,TRUE
Section_Table.csv,csv,https://www.sec.gov/about/contact-sec,TRUE
Section_Table.csv,csv,https://www.sec.gov/about/contact-sec,TRUE
Section_Table.csv,csv,https://www.sec.gov/about/contact-sec,TRUE
Section_Table.csv,csv,https://www.sec.gov/about/contact-sec,TRUE
Section_Table.csv,csv,https://www.sec.gov/about/contact-sec,TRUE
Section_Table.csv,csv,https://www.sec.gov/about/contact-sec,TRUE
Section_Table.csv,csv,https://www.sec.gov/about/contact-sec,TRUE
Section_Table.csv,csv,https://www.sec.gov/about/contact-sec,TRUE
Section_Table.csv,csv,https://www.sec.gov/about/contact-sec,TRUE
Section_Table.csv,csv,https://www.sec.gov/about/crypto-task-force,TRUE
Section_Table.csv,csv,https://www.sec.gov/about/crypto-task-force,TRUE
Section_Table.csv,csv,https://www.sec.gov/about/crypto-task-force,TRUE
Section_Table.csv,csv,https://www.sec.gov/about/crypto-task-force,TRUE
Section_Table.csv,csv,https://www.sec.gov/about/crypto-task-force,TRUE
Section_Table.csv,csv,https://www.sec.gov/about/crypto-task-force,TRUE
Section_Table.csv,csv,https://www.sec.gov/about/crypto-task-force,TRUE
Section_Table.csv,csv,https://www.sec.gov/about/crypto-task-force,TRUE
Section_Table.csv,csv,https://www.sec.gov/about/crypto-task-force,TRUE
Section_Table.csv,csv,https://www.sec.gov/newsroom/videos,TRUE
Section_Table.csv,csv,https://www.sec.gov/about/crypto-task-force,TRUE
Section_Table.csv,csv,https://www.sec.gov/about/crypto-task-force/crypto-newsroom,TRUE
Section_Table.csv,csv,https://www.sec.gov/about/crypto-task-force/crypto-task-force-frequently-asked-questions,TRUE
Section_Table.csv,csv,https://www.sec.gov/about/crypto-task-force/crypto-task-force-meetings,TRUE
Section_Table.csv,csv,https://www.sec.gov/about/webmaster-frequently-asked-questions,TRUE
Section_Table.csv,csv,https://www.sec.gov/about/contact-sec,TRUE
Section_Table.csv,csv,https://www.sec.gov/about/payment-options,TRUE
Section_Table.csv,csv,https://www.sec.gov/rules-regulations/statutes-regulations,TRUE
Section_Table.csv,csv,https://www.sec.gov/rules-regulations/statutes-regulations,TRUE
Section_Table.csv,csv,https://www.sec.gov/enforcement-litigation/whistleblower-program,TRUE
Section_Table.csv,csv,https://www.sec.gov/newsroom/meetings-events/past-events,TRUE
Section_Table.csv,csv,https://www.sec.gov/newsroom/videos,TRUE
Section_Table.csv,csv,https://www.sec.gov/newsroom/meetings-events/past-events,TRUE
Section_Table.csv,csv,https://www.sec.gov/newsroom/meetings-events/past-events,TRUE
Section_Table.csv,csv,https://www.sec.gov/newsroom/meetings-events/past-events,TRUE
Section_Table.csv,csv,https://www.sec.gov/newsroom/meetings-events/past-events,TRUE
Section_Table.csv,csv,https://www.sec.gov/newsroom/meetings-events/past-events,TRUE
Section_Table.csv,csv,https://www.sec.gov/newsroom/meetings-events/past-events,TRUE
Section_Table.csv,csv,https://www.sec.gov/newsroom/meetings-events/past-events,TRUE
Section_Table.csv,csv,https://www.sec.gov/newsroom/meetings-events/past-events,TRUE
Section_Table.csv,csv,https://www.sec.gov/newsroom/meetings-events/past-events,TRUE
Section_Table.csv,csv,https://www.sec.gov/newsroom/meetings-events/past-events,TRUE
Section_Table.csv,csv,https://www.sec.gov/newsroom/meetings-events/past-events,TRUE
Section_Table.csv,csv,https://www.sec.gov/newsroom/meetings-events/past-events,TRUE
Section_Table.csv,csv,https://www.sec.gov/newsroom/videos,TRUE
Section_Table.csv,csv,https://www.sec.gov/newsroom/meetings-events/past-events,TRUE
Section_Table.csv,csv,https://www.sec.gov/newsroom/meetings-events/past-events,TRUE
Section_Table.csv,csv,https://www.sec.gov/newsroom/meetings-events/past-events,TRUE
Section_Table.csv,csv,https://www.sec.gov/newsroom/meetings-events/past-events,TRUE
Section_Table.csv,csv,https://www.sec.gov/newsroom/videos,TRUE
Section_Table.csv,csv,https://www.sec.gov/newsroom/videos,TRUE
Section_Table.csv,csv,https://www.sec.gov/newsroom/videos,TRUE
Section_Table.csv,csv,https://www.sec.gov/,TRUE
Section_Table.csv,csv,https://www.sec.gov/,TRUE
Section_Table.csv,csv,https://www.sec.gov/,TRUE
Section_Table.csv,csv,https://www.sec.gov/,TRUE
Section_Table.csv,csv,https://www.sec.gov/,TRUE
Section_Table.csv,csv,https://www.sec.gov/,TRUE
Section_Table.csv,csv,https://www.sec.gov/,TRUE
Section_Table.csv,csv,https://www.sec.gov/about/webmaster-frequently-asked-questions,TRUE
Section_Table.csv,csv,https://www.sec.gov/about/webmaster-frequently-asked-questions,TRUE
Section_Table.csv,csv,https://www.sec.gov/about/webmaster-frequently-asked-questions,TRUE
Section_Table.csv,csv,https://www.sec.gov/about/webmaster-frequently-asked-questions,TRUE
Section_Table.csv,csv,https://www.sec.gov/about/webmaster-frequently-asked-questions,TRUE
Section_Table.csv,csv,https://www.sec.gov/about/webmaster-frequently-asked-questions,TRUE
Section_Table.csv,csv,https://www.sec.gov/about/webmaster-frequently-asked-questions,TRUE
Section_Table.csv,csv,https://www.sec.gov/about/webmaster-frequently-asked-questions,TRUE
Section_Table.csv,csv,https://www.sec.gov/about/webmaster-frequently-asked-questions,TRUE
Section_Table.csv,csv,https://www.sec.gov/about/webmaster-frequently-asked-questions,TRUE
Section_Table.csv,csv,https://www.sec.gov/about/webmaster-frequently-asked-questions,TRUE
Section_Table.csv,csv,https://www.sec.gov/about/webmaster-frequently-asked-questions,TRUE
Section_Table.csv,csv,https://www.sec.gov/about/webmaster-frequently-asked-questions,TRUE
Section_Table.csv,csv,https://www.sec.gov/about/webmaster-frequently-asked-questions,TRUE
Section_Table.csv,csv,https://www.sec.gov/about/webmaster-frequently-asked-questions,TRUE
Section_Table.csv,csv,https://www.sec.gov/about/webmaster-frequently-asked-questions,TRUE
Section_Table.csv,csv,https://www.sec.gov/about/webmaster-frequently-asked-questions,TRUE
Section_Table.csv,csv,https://www.sec.gov/about/webmaster-frequently-asked-questions,TRUE
Section_Table.csv,csv,https://www.sec.gov/about/webmaster-frequently-asked-questions,TRUE
Section_Table.csv,csv,https://www.sec.gov/about/webmaster-frequently-asked-questions,TRUE
Section_Table.csv,csv,https://www.sec.gov/about/webmaster-frequently-asked-questions,TRUE
Section_Table.csv,csv,https://www.sec.gov/about/webmaster-frequently-asked-questions,TRUE
Section_Table.csv,csv,https://www.sec.gov/about/webmaster-frequently-asked-questions,TRUE
Section_Table.csv,csv,https://www.sec.gov/about/webmaster-frequently-asked-questions,TRUE
Section_Table.csv,csv,https://www.sec.gov/about/webmaster-frequently-asked-questions,TRUE
Section_Table.csv,csv,https://www.sec.gov/about/webmaster-frequently-asked-questions,TRUE
Section_Table.csv,csv,https://www.sec.gov/about/webmaster-frequently-asked-questions,TRUE
Section_Table.csv,csv,https://www.sec.gov/about/webmaster-frequently-asked-questions,TRUE
Section_Table.csv,csv,https://www.sec.gov/about/webmaster-frequently-asked-questions,TRUE
Section_Table.csv,csv,https://www.sec.gov/about/webmaster-frequently-asked-questions,TRUE
Section_Table.csv,csv,https://www.sec.gov/about/webmaster-frequently-asked-questions,TRUE
Section_Table.csv,csv,https://www.sec.gov/about/webmaster-frequently-asked-questions,TRUE
Section_Table.csv,csv,https://www.sec.gov/about/webmaster-frequently-asked-questions,TRUE
Section_Table.csv,csv,https://www.sec.gov/about/webmaster-frequently-asked-questions,TRUE
Section_Table.csv,csv,https://www.sec.gov/about/webmaster-frequently-asked-questions,TRUE
Section_Table.csv,csv,https://www.sec.gov/about/webmaster-frequently-asked-questions,TRUE
Section_Table.csv,csv,https://www.sec.gov/about/webmaster-frequently-asked-questions,TRUE
Section_Table.csv,csv,https://www.sec.gov/about/webmaster-frequently-asked-questions,TRUE
Section_Table.csv,csv,https://www.sec.gov/about/webmaster-frequently-asked-questions,TRUE
Section_Table.csv,csv,https://www.sec.gov/rules-regulations/no-action-interpretive-exemptive-letters/division-corporation-finance-no-action/imvu-111920-2a1,TRUE
Section_Table.csv,csv,https://www.sec.gov/about/sec-commissioners,TRUE
Section_Table.csv,csv,https://www.sec.gov/rules-regulations/no-action-interpretive-exemptive-letters/division-corporation-finance-no-action/imvu-111920-2a1,TRUE
Section_Table.csv,csv,https://www.sec.gov/rules-regulations/no-action-interpretive-exemptive-letters/division-corporation-finance-no-action/imvu-111920-2a1,TRUE
Section_Table.csv,csv,https://www.sec.gov/rules-regulations/no-action-interpretive-exemptive-letters/division-corporation-finance-no-action/imvu-111920-2a1,TRUE
Section_Table.csv,csv,https://www.sec.gov/about,TRUE
Section_Table.csv,csv,https://www.sec.gov/about/advisory-committees,TRUE
Section_Table.csv,csv,https://www.sec.gov/about/commission-votes,TRUE
Section_Table.csv,csv,https://www.sec.gov/about/commission-votes,TRUE
Section_Table.csv,csv,https://www.sec.gov/about/contact-sec,TRUE
Section_Table.csv,csv,https://www.sec.gov/about/contact-sec,TRUE
Section_Table.csv,csv,https://www.sec.gov/about/crypto-task-force,TRUE
Section_Table.csv,csv,https://www.sec.gov/about/crypto-task-force,TRUE
Section_Table.csv,csv,https://www.sec.gov/enforcement-litigation/whistleblower-program,TRUE
Section_Table.csv,csv,https://www.sec.gov/enforcement-litigation/whistleblower-program,TRUE
Section_Table.csv,csv,https://www.sec.gov/enforcement-litigation/whistleblower-program,TRUE
Section_Table.csv,csv,https://www.sec.gov/about/crypto-task-force,TRUE
Section_Table.csv,csv,https://www.sec.gov/enforcement-litigation/whistleblower-program,TRUE
Section_Table.csv,csv,https://www.sec.gov/enforcement-litigation/whistleblower-program,TRUE
Section_Table.csv,csv,https://www.sec.gov/about/payment-options,TRUE
Section_Table.csv,csv,https://www.sec.gov/about/divisions-offices,TRUE
Section_Table.csv,csv,https://www.sec.gov/about/division-office-directors,TRUE
Section_Table.csv,csv,https://www.sec.gov/about/division-office-directors,TRUE
Section_Table.csv,csv,https://www.sec.gov/about/division-office-directors,TRUE
Section_Table.csv,csv,https://www.sec.gov/about/division-office-directors,TRUE
Section_Table.csv,csv,https://www.sec.gov/about/division-office-directors,TRUE
Section_Table.csv,csv,https://www.sec.gov/about/division-office-directors,TRUE
Section_Table.csv,csv,https://www.sec.gov/about/division-office-directors,TRUE
Section_Table.csv,csv,https://www.sec.gov/about/division-office-directors,TRUE
Section_Table.csv,csv,https://www.sec.gov/about/division-office-directors,TRUE
Section_Table.csv,csv,https://www.sec.gov/about/division-office-directors,TRUE
Section_Table.csv,csv,https://www.sec.gov/about/division-office-directors,TRUE
Section_Table.csv,csv,https://www.sec.gov/about/division-office-directors,TRUE
Section_Table.csv,csv,https://www.sec.gov/about/division-office-directors,TRUE
Section_Table.csv,csv,https://www.sec.gov/about/division-office-directors,TRUE
Section_Table.csv,csv,https://www.sec.gov/about/division-office-directors,TRUE
Section_Table.csv,csv,https://www.sec.gov/about/division-office-directors,TRUE
Section_Table.csv,csv,https://www.sec.gov/about/division-office-directors,TRUE
Section_Table.csv,csv,https://www.sec.gov/about/division-office-directors,TRUE
Section_Table.csv,csv,https://www.sec.gov/about/division-office-directors,TRUE
Section_Table.csv,csv,https://www.sec.gov/about/division-office-directors,TRUE
Section_Table.csv,csv,https://www.sec.gov/about/division-office-directors,TRUE
Section_Table.csv,csv,https://www.sec.gov/about/open-government-directive,TRUE
Section_Table.csv,csv,https://www.sec.gov/about/division-office-directors,TRUE
Section_Table.csv,csv,https://www.sec.gov/about/division-office-directors,TRUE
Section_Table.csv,csv,https://www.sec.gov/about/division-office-directors,TRUE
Section_Table.csv,csv,https://www.sec.gov/about/division-office-directors,TRUE
Section_Table.csv,csv,https://www.sec.gov/about/division-office-directors,TRUE
Section_Table.csv,csv,https://www.sec.gov/about/division-office-directors,TRUE
Section_Table.csv,csv,https://www.sec.gov/about/division-office-directors,TRUE
Section_Table.csv,csv,https://www.sec.gov/about/division-office-directors,TRUE
Section_Table.csv,csv,https://www.sec.gov/about/division-office-directors,TRUE
Section_Table.csv,csv,https://www.sec.gov/about/regional-offices,TRUE
Section_Table.csv,csv,https://www.sec.gov/about/filing-fee-rate,TRUE
Section_Table.csv,csv,https://www.sec.gov/about/filing-fee-rate,TRUE
Section_Table.csv,csv,https://www.sec.gov/about/open-government-directive,TRUE
Section_Table.csv,csv,https://www.sec.gov/about/payment-options,TRUE
Section_Table.csv,csv,https://www.sec.gov/about/payment-options,TRUE
Section_Table.csv,csv,https://www.sec.gov/about/payment-options,TRUE
Section_Table.csv,csv,https://www.sec.gov/about/payment-options,TRUE
Section_Table.csv,csv,https://www.sec.gov/about/payment-options,TRUE
Section_Table.csv,csv,https://www.sec.gov/about/payment-options,TRUE
Section_Table.csv,csv,https://www.sec.gov/about/payment-options,TRUE
Section_Table.csv,csv,https://www.sec.gov/about/payment-options,TRUE
Section_Table.csv,csv,https://www.sec.gov/reports,TRUE
Section_Table.csv,csv,https://www.sec.gov/reports,TRUE
Section_Table.csv,csv,https://www.sec.gov/about/budget-performance,TRUE
Section_Table.csv,csv,https://www.sec.gov/about/budget-performance,TRUE
Section_Table.csv,csv,https://www.sec.gov/about/budget-performance,TRUE
Section_Table.csv,csv,https://www.sec.gov/about/budget-performance,TRUE
Section_Table.csv,csv,https://www.sec.gov/about/careers-securities-exchange-commission,TRUE
Section_Table.csv,csv,https://www.sec.gov/about/careers-securities-exchange-commission,TRUE
Section_Table.csv,csv,https://www.sec.gov/about/careers-securities-exchange-commission,TRUE
Section_Table.csv,csv,https://www.sec.gov/about/careers-securities-exchange-commission,TRUE
Section_Table.csv,csv,https://www.sec.gov/about/developer-resources,TRUE
Section_Table.csv,csv,https://www.sec.gov/about/developer-resources,TRUE
Section_Table.csv,csv,https://www.sec.gov/about/developer-resources,TRUE
Section_Table.csv,csv,https://www.sec.gov/rules-regulations/statutes-regulations,TRUE
Section_Table.csv,csv,https://www.sec.gov/about/developer-resources,TRUE
Section_Table.csv,csv,https://www.sec.gov/about/developer-resources,TRUE
Section_Table.csv,csv,https://www.sec.gov/about/developer-resources,TRUE
Section_Table.csv,csv,https://www.sec.gov/about/developer-resources,TRUE
Section_Table.csv,csv,https://www.sec.gov/rules-regulations/statutes-regulations,TRUE
Section_Table.csv,csv,https://www.sec.gov/about/developer-resources,TRUE
Section_Table.csv,csv,https://www.sec.gov/about/rss-feeds,TRUE
Section_Table.csv,csv,https://www.sec.gov/about/rss-feeds,TRUE
Section_Table.csv,csv,https://www.sec.gov/about/rss-feeds,TRUE
Section_Table.csv,csv,https://www.sec.gov/about/rss-feeds,TRUE
Section_Table.csv,csv,https://www.sec.gov/about/open-government-directive,TRUE
Section_Table.csv,csv,https://www.sec.gov/about/open-government-directive,TRUE
Section_Table.csv,csv,https://www.sec.gov/about/open-government-directive,TRUE
Section_Table.csv,csv,https://www.sec.gov/about/open-government-directive,TRUE
Section_Table.csv,csv,https://www.sec.gov/foia-services/contact-office-foia-services,TRUE
Section_Table.csv,csv,https://www.sec.gov/foia-services/contact-office-foia-services,TRUE
Section_Table.csv,csv,https://www.sec.gov/foia-services/contact-office-foia-services,TRUE
Section_Table.csv,csv,https://www.sec.gov/foia-services/contact-office-foia-services,TRUE
Section_Table.csv,csv,https://www.sec.gov/foia-services/contact-office-foia-services,TRUE
Section_Table.csv,csv,https://www.sec.gov/rules-regulations/statutes-regulations,TRUE
Section_Table.csv,csv,https://www.sec.gov/rules-regulations/statutes-regulations,TRUE
Section_Table.csv,csv,https://www.sec.gov/rules-regulations/statutes-regulations,TRUE
Section_Table.csv,csv,https://www.sec.gov/rules-regulations/statutes-regulations,TRUE
Section_Table.csv,csv,https://www.sec.gov/rules-regulations/statutes-regulations,TRUE
Section_Table.csv,csv,https://www.sec.gov/rules-regulations/statutes-regulations,TRUE
Section_Table.csv,csv,https://www.sec.gov/rules-regulations/statutes-regulations,TRUE
Section_Table.csv,csv,https://www.sec.gov/rules-regulations/statutes-regulations,TRUE
Section_Table.csv,csv,https://www.sec.gov/rules-regulations/statutes-regulations,TRUE
Section_Table.csv,csv,https://www.sec.gov/rules-regulations/statutes-regulations,TRUE
Section_Table.csv,csv,https://www.sec.gov/rules-regulations/statutes-regulations,TRUE
Section_Table.csv,csv,https://www.sec.gov/rules-regulations/statutes-regulations,TRUE
Section_Table.csv,csv,https://www.sec.gov/newsroom/press-releases/2025-129-sec-announces-departure-director-office-advocate-small-business-capital-formation-stacey-bowers,TRUE
Section_Table.csv,csv,https://www.sec.gov/education/capitalraising,TRUE
Section_Table.csv,csv,https://www.sec.gov/education/capitalraising,TRUE
Section_Table.csv,csv,https://www.sec.gov/education/capitalraising,TRUE
Section_Table.csv,csv,https://www.sec.gov/education/capitalraising,TRUE
Section_Table.csv,csv,https://www.sec.gov/education/capitalraising,TRUE
Section_Table.csv,csv,https://www.sec.gov/education/capitalraising,TRUE
Section_Table.csv,csv,https://www.sec.gov/education/capitalraising,TRUE
Section_Table.csv,csv,https://www.sec.gov/education/capitalraising,TRUE
Section_Table.csv,csv,https://www.sec.gov/education/capitalraising,TRUE
Section_Table.csv,csv,https://www.sec.gov/education/capitalraising,TRUE
Section_Table.csv,csv,https://www.sec.gov/education/capitalraising,TRUE
Section_Table.csv,csv,https://www.sec.gov/education/capitalraising,TRUE
Section_Table.csv,csv,https://www.sec.gov/education/capitalraising,TRUE
Section_Table.csv,csv,https://www.sec.gov/education/capitalraising,TRUE
Section_Table.csv,csv,https://www.sec.gov/education/capitalraising,TRUE
Section_Table.csv,csv,https://www.sec.gov/education/capitalraising,TRUE
Section_Table.csv,csv,https://www.sec.gov/education/capitalraising,TRUE
Section_Table.csv,csv,https://www.sec.gov/enforcement-litigation/whistleblower-program,TRUE
Section_Table.csv,csv,https://www.sec.gov/enforcement-litigation/whistleblower-program,TRUE
Section_Table.csv,csv,https://www.sec.gov/enforcement-litigation/whistleblower-program,TRUE
Section_Table.csv,csv,https://www.sec.gov/enforcement-litigation/whistleblower-program,TRUE
Statement_Table.csv,csv,https://www.sec.gov/about/crypto-task-force/cryptosec,TRUE
Statement_Table.csv,csv,https://www.sec.gov/about/crypto-task-force/cryptosec,TRUE
Statement_Table.csv,csv,https://www.sec.gov/about/crypto-task-force/cryptosec,TRUE
Statement_Table.csv,csv,https://www.sec.gov/about/crypto-task-force/cryptosec,TRUE
Statement_Table.csv,csv,https://www.sec.gov/about/crypto-task-force/cryptosec,TRUE
Statement_Table.csv,csv,https://www.sec.gov/about/crypto-task-force/cryptosec,TRUE
Statement_Table.csv,csv,https://www.sec.gov/about/crypto-task-force/cryptosec,TRUE
Statement_Table.csv,csv,https://www.sec.gov/about/crypto-task-force/cryptosec,TRUE
Statement_Table.csv,csv,https://www.sec.gov/about/crypto-task-force/cryptosec,TRUE
Statement_Table.csv,csv,https://www.sec.gov/about/crypto-task-force/cryptosec,TRUE
Statement_Table.csv,csv,https://www.sec.gov/about/crypto-task-force/cryptosec,TRUE
Statement_Table.csv,csv,https://www.sec.gov/about/crypto-task-force/cryptosec,TRUE
Statement_Table.csv,csv,https://www.sec.gov/about/crypto-task-force/cryptosec,TRUE
Statement_Table.csv,csv,https://www.sec.gov/about/crypto-task-force/cryptosec,TRUE
Statement_Table.csv,csv,https://www.sec.gov/about/crypto-task-force/cryptosec,TRUE
Statement_Table.csv,csv,https://www.sec.gov/about/crypto-task-force/cryptosec,TRUE
Statement_Table.csv,csv,https://www.sec.gov/about/crypto-task-force/cryptosec,TRUE
Task_Force_Written_Input_Table.csv,csv,https://www.sec.gov/files/wintermute-response-sec-090325.pdf,TRUE
Task_Force_Written_Input_Table.csv,csv,https://www.sec.gov/files/ctf-wrttien-input-lisa-crossley-national-society-compliance-professionals-090825.pdf,TRUE
Task_Force_Written_Input_Table.csv,csv,https://www.sec.gov/files/ctf-written-technical-proposal-regulation-09-08-2025.pdf,TRUE
Task_Force_Written_Input_Table.csv,csv,https://www.sec.gov/files/ctf-written-sec-proposal-digital-asset-09-08-2025.pdf,TRUE
Task_Force_Written_Input_Table.csv,csv,https://www.sec.gov/files/ctf-written-input-otc-meme-corp-083025.pdf,TRUE
Task_Force_Written_Input_Table.csv,csv,https://www.sec.gov/files/ctf-written-input-ian-kane-firepan-082525.pdf,TRUE
Task_Force_Written_Input_Table.csv,csv,https://www.sec.gov/files/ctf-written-polaris-30-08222025.pdf,TRUE
Task_Force_Written_Input_Table.csv,csv,https://www.sec.gov/files/ctf-written-input-tariq-muhammad-08152025.pdf,TRUE
Task_Force_Written_Input_Table.csv,csv,https://www.sec.gov/files/ctf-written-securities-questions-responses-081525.pdf,TRUE
Task_Force_Written_Input_Table.csv,csv,https://www.sec.gov/files/ctf-written-input-statter-foundation-081525.pdf,TRUE
Task_Force_Written_Input_Table.csv,csv,https://www.sec.gov/files/ctf-written-input-osbon-capital-management-081425.pdf,TRUE
Task_Force_Written_Input_Table.csv,csv,https://www.sec.gov/files/ctf-written-input-james-williams-manatt-phelps-phillips-llp-081425.pdf,TRUE
Task_Force_Written_Input_Table.csv,csv,https://www.sec.gov/files/ctf-written-a16z-def-safe-harbor-proposal-applications-081325.pdf,TRUE
Task_Force_Written_Input_Table.csv,csv,https://www.sec.gov/files/ctf-written-douro-labs-llc-081125.pdf,TRUE
Task_Force_Written_Input_Table.csv,csv,https://www.sec.gov/files/ctf-written-blockchain-association-letter-08-08-2025.pdf,TRUE
Task_Force_Written_Input_Table.csv,csv,https://www.sec.gov/files/ctf-written-sifma-digital-08072025.pdf,TRUE
Task_Force_Written_Input_Table.csv,csv,https://www.sec.gov/files/ctf-written-input-fia-ptg-080125.pdf,TRUE
Task_Force_Written_Input_Table.csv,csv,https://www.sec.gov/files/ctf-written-letter-sec-07312025.pdf,TRUE
Task_Force_Written_Input_Table.csv,csv,https://www.sec.gov/files/ctf-written-input-tdc-crypto-lending-letter-response-072525.pdf,TRUE
Task_Force_Written_Input_Table.csv,csv,https://www.sec.gov/files/ctf-written-input-healthy-markets-association-072425.pdf,TRUE
Task_Force_Written_Input_Table.csv,csv,https://www.sec.gov/files/polzer-sec-comment-cryptotaskforce-tokenized-equities-20250723.pdf,TRUE
Task_Force_Written_Input_Table.csv,csv,https://www.sec.gov/files/letter-amendment-crypto-policy-legislation-072125.pdf,TRUE
Task_Force_Written_Input_Table.csv,csv,https://www.sec.gov/files/070925-crypto-time-trump.pdf,TRUE
Task_Force_Written_Input_Table.csv,csv,https://www.sec.gov/files/ctf-written-input-miles-jennings-scott-walker-michele-korver-jai-ramaswamy-andreessen-horowitz.pdf,TRUE
Task_Force_Written_Input_Table.csv,csv,https://www.sec.gov/files/comments-sec-crypto-task-forces-072125.pdf,TRUE
Task_Force_Written_Input_Table.csv,csv,https://www.sec.gov/files/ctf-written-concept-draft-non-fungible-membership-interest-safe-harbor.pdf,TRUE
Task_Force_Written_Input_Table.csv,csv,https://www.sec.gov/files/ctf-written-input-digital-chamber-071425.pdf,TRUE
Task_Force_Written_Input_Table.csv,csv,https://www.sec.gov/files/ctf-written-input-tzero-group-060422.pdf,TRUE
Task_Force_Written_Input_Table.csv,csv,https://www.sec.gov/files/ctf-written-input-coinlist-070925.pdf,TRUE
Task_Force_Written_Input_Table.csv,csv,https://www.sec.gov/files/ctf-written-input-courage-kimber-crypto-education-research-070925.pdf,TRUE
Task_Force_Written_Input_Table.csv,csv,https://www.sec.gov/files/ctf-written-input-complementary-strategic-report-070825.pdf,TRUE
Task_Force_Written_Input_Table.csv,csv,https://www.sec.gov/files/ctf-written-input-normative-theory-web3-commercial-integrity-070825.pdf,TRUE
Task_Force_Written_Input_Table.csv,csv,https://www.sec.gov/files/ctf-written-input-web3-commercial-integrity-paper-070825.pdf,TRUE
Task_Force_Written_Input_Table.csv,csv,https://www.sec.gov/files/ctf-written-input-bruno-costa-070725.pdf,TRUE
Task_Force_Written_Input_Table.csv,csv,https://www.sec.gov/files/ctf-davis-wright-tremaine-sec-ltr-07072025.pdf,TRUE
Task_Force_Written_Input_Table.csv,csv,https://www.sec.gov/files/ctf-written-thats-our-two-satoshis-arca-funds-recap-06302025.pdf,TRUE
Task_Force_Written_Input_Table.csv,csv,https://www.sec.gov/files/ctf-written-input-r3-070225.pdf,TRUE
Task_Force_Written_Input_Table.csv,csv,https://www.sec.gov/files/ctf-written-input-sifma-063025.pdf,TRUE
Task_Force_Written_Input_Table.csv,csv,https://www.sec.gov/files/ctf-written-input-jonathan-schmalfeld-daniel-mcavoy-stephen-rutenberg-polsinelli-pc-062725.pdf,TRUE
Task_Force_Written_Input_Table.csv,csv,https://www.sec.gov/files/ctf-written-recommendation-letter-legal-pathway-06272024.pdf,TRUE
Task_Force_Written_Input_Table.csv,csv,https://www.sec.gov/files/ctf-tdc-062625.pdf,TRUE
Task_Force_Written_Input_Table.csv,csv,https://www.sec.gov/files/ctf-blockchain-association-062625.pdf,TRUE
Task_Force_Written_Input_Table.csv,csv,https://www.sec.gov/files/ctf-written-response-letter-re-40-act-custody-questions-06-23-2025.pdf,TRUE
Task_Force_Written_Input_Table.csv,csv,https://www.sec.gov/files/ctf-written-modernize-ric-tax-rules-06192025.pdf,TRUE
Task_Force_Written_Input_Table.csv,csv,https://www.sec.gov/files/ctf-written-coin-shares-follow-letter-06182025.pdf,TRUE
Task_Force_Written_Input_Table.csv,csv,https://www.sec.gov/files/ctf-written-financial-standards-impact-06182025.pdf,TRUE
Task_Force_Written_Input_Table.csv,csv,https://www.sec.gov/files/phantom-technologies-061725.pdf,TRUE
Task_Force_Written_Input_Table.csv,csv,https://www.sec.gov/files/ctf-superstate-letter-061725.pdf,TRUE
Task_Force_Written_Input_Table.csv,csv,https://www.sec.gov/files/orca-creative-061725.pdf,TRUE
Task_Force_Written_Input_Table.csv,csv,https://www.sec.gov/files/project-open-chain-equities-infrastructure-061725.pdf,TRUE
Task_Force_Written_Input_Table.csv,csv,https://www.sec.gov/files/project-open-061725.pdf,TRUE
Task_Force_Written_Input_Table.csv,csv,https://www.sec.gov/files/ctf-written-input-irene-aldridge-ableblox-052525.pdf,TRUE
Task_Force_Written_Input_Table.csv,csv,https://www.sec.gov/files/ctf-written-input-crowdfunding-professional-association-061325.pdf,TRUE
Task_Force_Written_Input_Table.csv,csv,https://www.sec.gov/files/ctf-written-input-sifma-061125.pdf,TRUE
Task_Force_Written_Input_Table.csv,csv,https://www.sec.gov/files/rules/other/2025/better-markets-comment-letter-061125.pdf,TRUE
Task_Force_Written_Input_Table.csv,csv,https://www.sec.gov/files/ctf-written-input-ethena-labs-061125.pdf,TRUE
Task_Force_Written_Input_Table.csv,csv,https://www.sec.gov/files/eros-comment-letter-061025.pdf,TRUE
Task_Force_Written_Input_Table.csv,csv,https://www.sec.gov/files/cft-written-fusionpay-tokenomic-whitepaper-06102025.pdf,TRUE
Task_Force_Written_Input_Table.csv,csv,https://www.sec.gov/files/ctf-written-input-consensys-software-060625.pdf,TRUE
Task_Force_Written_Input_Table.csv,csv,https://www.sec.gov/files/digital-assets-sandbox-comment-060625.pdf,TRUE
Task_Force_Written_Input_Table.csv,csv,https://www.sec.gov/files/ctf-written-input-van-eck-associates-corporation-060525.pdf,TRUE
Task_Force_Written_Input_Table.csv,csv,https://www.sec.gov/files/ctf-written-input-nilmini-rubin-hedera-060325.pdf,TRUE
Task_Force_Written_Input_Table.csv,csv,https://www.sec.gov/files/ctf-written-r-taas-onepager-06022025.pdf,TRUE
Task_Force_Written_Input_Table.csv,csv,https://www.sec.gov/files/ctf-written-pre-whitepaper-06022025.pdf,TRUE
Task_Force_Written_Input_Table.csv,csv,https://www.sec.gov/files/ctf-written-policy-brief-06022025.pdf,TRUE
Task_Force_Written_Input_Table.csv,csv,https://www.sec.gov/files/ctf-input-kecheng-lai-knowpia-inc-060125.pdf,TRUE
Task_Force_Written_Input_Table.csv,csv,https://www.sec.gov/files/ctf-written-input-dealmaker-053025.pdf,TRUE
Task_Force_Written_Input_Table.csv,csv,https://www.sec.gov/files/ctf-written-input-fairmint-inc-052925.pdf,TRUE
Task_Force_Written_Input_Table.csv,csv,https://www.sec.gov/files/ctf-written-input-inatba-053025.pdf,TRUE
Task_Force_Written_Input_Table.csv,csv,https://www.sec.gov/files/ctf-written-input-ernst-young-u-s-llp-052825.pdf,TRUE
Task_Force_Written_Input_Table.csv,csv,https://www.sec.gov/files/ctf-written-input-ripple-letter-regulatory-sandboxes-052825.pdf,TRUE
Task_Force_Written_Input_Table.csv,csv,https://www.sec.gov/files/ctf-written-vanguard-global-05282025.pdf,TRUE
Task_Force_Written_Input_Table.csv,csv,https://www.sec.gov/files/ctf-written-input-anti-fraud-coalition-052725_0.pdf,TRUE
Task_Force_Written_Input_Table.csv,csv,https://www.sec.gov/files/ctf-written-input-ripple-052725.pdf,TRUE
Task_Force_Written_Input_Table.csv,csv,https://www.sec.gov/files/written-input-fusionpay-052725.pdf,TRUE
Task_Force_Written_Input_Table.csv,csv,https://www.sec.gov/files/sidley-austin-behalf-ava-labs-052725.pdf,TRUE
Task_Force_Written_Input_Table.csv,csv,https://www.sec.gov/files/ctf-written-input-charles-w-mooney-jr-u-penn-carey-law-school-052725.pdf,TRUE
Task_Force_Written_Input_Table.csv,csv,https://www.sec.gov/files/dragonflys-state-airdrops-report-2025.pdf,TRUE
Task_Force_Written_Input_Table.csv,csv,https://www.sec.gov/files/ctf-written-input-everstake-052325.pdf,TRUE
Task_Force_Written_Input_Table.csv,csv,https://www.sec.gov/files/ctf-written-input-digital-chamber-052125.pdf,TRUE
Task_Force_Written_Input_Table.csv,csv,https://www.sec.gov/files/ctf-written-input-mohamed-elbendary-052025-1.pdf,TRUE
Task_Force_Written_Input_Table.csv,csv,https://www.sec.gov/files/ctf-written-input-mohamed-elbendary-052025-2.pdf,TRUE
Task_Force_Written_Input_Table.csv,csv,https://www.sec.gov/files/ctf-written-input-brandon-h-ferrick-douro-labs-llc-052025.pdf,TRUE
Task_Force_Written_Input_Table.csv,csv,https://www.sec.gov/files/ctf-written-input-figure-markets-holdings-figure-certificate-company-051625-1.pdf,TRUE
Task_Force_Written_Input_Table.csv,csv,https://www.sec.gov/files/ctf-written-input-figure-markets-holdings-figure-certificate-company-051625-2.pdf,TRUE
Task_Force_Written_Input_Table.csv,csv,https://www.sec.gov/files/guardo-crypto-task-force-letter-051425.pdf,TRUE
Task_Force_Written_Input_Table.csv,csv,https://www.sec.gov/files/acii-comment-letter-crypto-task-force-051425.pdf,TRUE
Task_Force_Written_Input_Table.csv,csv,https://www.sec.gov/files/ctf-written-antonio-lanotte-global-blockchain-business-council-051425.pdf,TRUE
Task_Force_Written_Input_Table.csv,csv,https://www.sec.gov/files/ctf-written-input-interop-labs-inc-051225.pdf,TRUE
Task_Force_Written_Input_Table.csv,csv,https://www.sec.gov/files/tdc-response-051225.pdf,TRUE
Task_Force_Written_Input_Table.csv,csv,https://www.sec.gov/files/response-letter-digital-chamber-051225.pdf,TRUE
Task_Force_Written_Input_Table.csv,csv,https://www.sec.gov/files/anderson-pc-comment-letter-051225.pdf,TRUE
Task_Force_Written_Input_Table.csv,csv,https://www.sec.gov/files/ctf-written-robinhood-tokenization-letter-04252025.pdf,TRUE
Task_Force_Written_Input_Table.csv,csv,https://www.sec.gov/files/ctf-written-input-mysten-labs-050925.pdf,TRUE
Task_Force_Written_Input_Table.csv,csv,https://www.sec.gov/files/ctf-written-input-digital-chamber-050825.pdf,TRUE
Task_Force_Written_Input_Table.csv,csv,https://www.sec.gov/files/ctf-written-input-akemona-050825.pdf,TRUE
Task_Force_Written_Input_Table.csv,csv,https://www.sec.gov/files/unit-410-050725.pdf,TRUE
Task_Force_Written_Input_Table.csv,csv,https://www.sec.gov/files/ctf-written-input-securitize-050725.pdf,TRUE
Task_Force_Written_Input_Table.csv,csv,https://www.sec.gov/files/ctf-written-input-deloitte-touche-llp-050725.pdf,TRUE
Task_Force_Written_Input_Table.csv,csv,https://www.sec.gov/files/ctf-written-input-crypto-policy-working-group-050525.pdf,TRUE
Task_Force_Written_Input_Table.csv,csv,https://www.sec.gov/files/ctf-written-input-north-capital-private-securities-corp-050525.pdf,TRUE
Task_Force_Written_Input_Table.csv,csv,https://www.sec.gov/files/ctf-written-input-nasdaq-050225.pdf,TRUE
Task_Force_Written_Input_Table.csv,csv,https://www.sec.gov/files/ctf-written-input-blockchain-association-050225.pdf,TRUE
Task_Force_Written_Input_Table.csv,csv,https://www.sec.gov/files/ctf-written-input-center-audit-quality-050225.pdf,TRUE
Task_Force_Written_Input_Table.csv,csv,https://www.sec.gov/files/ctf-written-input-pwc-050225.pdf,TRUE
Task_Force_Written_Input_Table.csv,csv,https://www.sec.gov/files/ctf-written-input-jump-crypto-050225.pdf,TRUE
Task_Force_Written_Input_Table.csv,csv,https://www.sec.gov/files/ctf-written-input-horowitz-050125.pdf,TRUE
Task_Force_Written_Input_Table.csv,csv,https://www.sec.gov/files/ctf-written-input-navigating-dao-legality-opolis-043025.pdf,TRUE
Task_Force_Written_Input_Table.csv,csv,https://www.sec.gov/files/ctf-written-input-cooperatives-ownership-model-digital-networks-orrick-kpmg-upside-coop-043025.pdf,TRUE
Task_Force_Written_Input_Table.csv,csv,https://www.sec.gov/files/ctf-written-input-keen-043025.pdf,TRUE
Task_Force_Written_Input_Table.csv,csv,https://www.sec.gov/files/ctf-written-input-posa-043025.pdf,TRUE
Task_Force_Written_Input_Table.csv,csv,https://www.sec.gov/files/ctf-written-input-callan-042925.pdf,TRUE
Task_Force_Written_Input_Table.csv,csv,https://www.sec.gov/files/ctf-written-input-stablecoins-042825.pdf,TRUE
Task_Force_Written_Input_Table.csv,csv,https://www.sec.gov/files/ctf-written-input-tdc-rfi-042825.pdf,TRUE
Task_Force_Written_Input_Table.csv,csv,https://www.sec.gov/files/ctf-written-project-open-wireframe-04282025.pdf,TRUE
Task_Force_Written_Input_Table.csv,csv,https://www.sec.gov/files/ctf-written-input-sea-swami-llc-042525.pdf,TRUE
Task_Force_Written_Input_Table.csv,csv,https://www.sec.gov/files/ctf-written-input-mcknight-042525.pdf,TRUE
Task_Force_Written_Input_Table.csv,csv,https://www.sec.gov/files/ctf-written-input-nasdaq-042525.pdf,TRUE
Task_Force_Written_Input_Table.csv,csv,https://www.sec.gov/files/ctf-written-recommendation-letter-04252025.pdf,TRUE
Task_Force_Written_Input_Table.csv,csv,https://www.sec.gov/files/ctf-written-input-kpmg-042425.pdf,TRUE
Task_Force_Written_Input_Table.csv,csv,https://www.sec.gov/files/ctf-written-input-securities-questions-responses-042325.pdf,TRUE
Task_Force_Written_Input_Table.csv,csv,https://www.sec.gov/files/ctf-written-sidley-austin-ava-labs-04232025.pdf,TRUE
Task_Force_Written_Input_Table.csv,csv,https://www.sec.gov/files/ctf-written-input-task-force-response-sprague-rivetz.pdf,TRUE
Task_Force_Written_Input_Table.csv,csv,https://www.sec.gov/files/ctf-written-input-cfpa-response-sec-re-nfts-042325.pdf,TRUE
Task_Force_Written_Input_Table.csv,csv,https://www.sec.gov/files/ctf-written-input-startengine-042225.pdf,TRUE
Task_Force_Written_Input_Table.csv,csv,https://www.sec.gov/files/ctf-written-input-alluvial-finance-042125.pdf,TRUE
Task_Force_Written_Input_Table.csv,csv,https://www.sec.gov/files/ctf-written-input-aicpa-042125.pdf,TRUE
Task_Force_Written_Input_Table.csv,csv,https://www.sec.gov/files/ctf-input-amar-purushotham-bhat-041925.pdf,TRUE
Task_Force_Written_Input_Table.csv,csv,https://www.sec.gov/files/ctf-input-paradigm-041825.pdf,TRUE
Task_Force_Written_Input_Table.csv,csv,https://www.sec.gov/files/ctf-written-how-build-new-web30-01272025.pdf,TRUE
Task_Force_Written_Input_Table.csv,csv,https://www.sec.gov/files/ctf-written-input-defi-education-fund-041825.pdf,TRUE
Task_Force_Written_Input_Table.csv,csv,https://www.sec.gov/files/ctf-written-input-lai-041725.pdf,TRUE
Task_Force_Written_Input_Table.csv,csv,https://www.sec.gov/files/ctf-written-open-zeppelin-security-audit-04162025.pdf,TRUE
Task_Force_Written_Input_Table.csv,csv,https://www.sec.gov/files/ctf-written-rscr-walker-03222023.pdf,TRUE
Task_Force_Written_Input_Table.csv,csv,https://www.sec.gov/files/ctf-input-mooney-2-041425.pdf,TRUE
Task_Force_Written_Input_Table.csv,csv,https://www.sec.gov/files/ctf-input-exemptions-blockchain-innovations-letter-04132025.pdf,TRUE
Task_Force_Written_Input_Table.csv,csv,https://www.sec.gov/files/ctf-input-professor-guttentag-comments-4-13-2025.pdf,TRUE
Task_Force_Written_Input_Table.csv,csv,https://www.sec.gov/files/ctf-input-metrika-041125.pdf,TRUE
Task_Force_Written_Input_Table.csv,csv,https://www.sec.gov/files/ctf-input-lin-sebesta-041125.pdf,TRUE
Task_Force_Written_Input_Table.csv,csv,https://www.sec.gov/files/ctf-input-dti-foundation-041125.pdf,TRUE
Task_Force_Written_Input_Table.csv,csv,https://www.sec.gov/files/ctf-input-gellasch-hma-041125.pdf,TRUE
Task_Force_Written_Input_Table.csv,csv,https://www.sec.gov/files/ctf-input-horowitz-040925.pdf,TRUE
Task_Force_Written_Input_Table.csv,csv,https://www.sec.gov/files/ctf-input-pizzola-040925.pdf,TRUE
Task_Force_Written_Input_Table.csv,csv,https://www.sec.gov/files/ctf-input-bitcoin-look-again-040925.pdf,TRUE
Task_Force_Written_Input_Table.csv,csv,https://www.sec.gov/files/ctf-input-figure-markets-040825.pdf,TRUE
Task_Force_Written_Input_Table.csv,csv,https://www.sec.gov/files/ctf-input-everstake-letter-04082025.pdf,TRUE
Task_Force_Written_Input_Table.csv,csv,https://www.sec.gov/files/ctf-input-sto-token-model-04092025.pdf,TRUE
Task_Force_Written_Input_Table.csv,csv,https://www.sec.gov/files/the_fork_in_americas_financial_future.pdf,TRUE
Task_Force_Written_Input_Table.csv,csv,https://www.sec.gov/files/the_future_of_global_financial_systems.pdf,TRUE
Task_Force_Written_Input_Table.csv,csv,https://www.sec.gov/files/stablecoin_regulatory_framework.pdf,TRUE
Task_Force_Written_Input_Table.csv,csv,https://www.sec.gov/files/ctf-input-vanguard-global-holdings-llc-040725.pdf,TRUE
Task_Force_Written_Input_Table.csv,csv,https://www.sec.gov/files/ctf-input-kiln-040325.pdf,TRUE
Task_Force_Written_Input_Table.csv,csv,https://www.sec.gov/files/ctf-input-schoenecker-040225.pdf,TRUE
Task_Force_Written_Input_Table.csv,csv,https://www.sec.gov/files/ctf-input-lee-4125.pdf,TRUE
Task_Force_Written_Input_Table.csv,csv,https://www.sec.gov/files/ctf-input-lai-4125.pdf,TRUE
Task_Force_Written_Input_Table.csv,csv,https://www.sec.gov/files/ctf-input-hale-32725.pdf,TRUE
Task_Force_Written_Input_Table.csv,csv,https://www.sec.gov/files/ctf-input-global-legal-entity-identifier-foundation-3-24-25.pdf,TRUE
Task_Force_Written_Input_Table.csv,csv,https://www.sec.gov/files/ctf-input-kecheng-lai-3-27-25.pdf,TRUE
Task_Force_Written_Input_Table.csv,csv,https://www.sec.gov/files/ctf-input-andreessen-horowitz-a16z.pdf,TRUE
Task_Force_Written_Input_Table.csv,csv,https://www.sec.gov/files/ctf-input-figure-markets-3-25-25.pdf,TRUE
Task_Force_Written_Input_Table.csv,csv,https://www.sec.gov/files/ctf-input-asia-web3-alliance-japan-3-25-25.pdf,TRUE
Task_Force_Written_Input_Table.csv,csv,https://www.sec.gov/files/ctf-input-lido-labs-foundation-3-24-25.pdf,TRUE
Task_Force_Written_Input_Table.csv,csv,https://www.sec.gov/files/ctf-input-tupper-3-24-25.pdf,TRUE
Task_Force_Written_Input_Table.csv,csv,https://www.sec.gov/files/ctf-input-lai-3-23-25.pdf,TRUE
Task_Force_Written_Input_Table.csv,csv,https://www.sec.gov/files/ctf-input-hale-3-22-25.pdf,TRUE
Task_Force_Written_Input_Table.csv,csv,https://www.sec.gov/files/ctf-input-hart-3-21-25.pdf,TRUE
Task_Force_Written_Input_Table.csv,csv,https://www.sec.gov/files/ctf-input-cohen-2-3-20-2025.pdf,TRUE
Task_Force_Written_Input_Table.csv,csv,https://www.sec.gov/files/ctf-input-world-federation-exchanges-2-2025-3-18.pdf,TRUE
Task_Force_Written_Input_Table.csv,csv,https://www.sec.gov/files/ctf-input-daugherty-2025-3-20.pdf,TRUE
Task_Force_Written_Input_Table.csv,csv,https://www.sec.gov/files/ctf-input-smith-2025-3-20.pdf,TRUE
Task_Force_Written_Input_Table.csv,csv,https://www.sec.gov/files/ctf-input-jean-noel-1-2025-3-20.pdf,TRUE
Task_Force_Written_Input_Table.csv,csv,https://www.sec.gov/files/ctf-input-jean-noel-2-2025-3-20.pdf,TRUE
Task_Force_Written_Input_Table.csv,csv,https://www.sec.gov/files/ctf-input-jean-noel-3-2025-3-20.pdf,TRUE
Task_Force_Written_Input_Table.csv,csv,https://www.sec.gov/files/ctf-input-ferrick-2025-3-19.pdf,TRUE
Task_Force_Written_Input_Table.csv,csv,https://www.sec.gov/files/ctf-input-hanks-2025-3-19.pdf,TRUE
Task_Force_Written_Input_Table.csv,csv,https://www.sec.gov/files/ctf-input-grewal-2025-3-19.pdf,TRUE
Task_Force_Written_Input_Table.csv,csv,https://www.sec.gov/files/ctf-input-world-federation-exchanges-1-2025-3-18.pdf,TRUE
Task_Force_Written_Input_Table.csv,csv,https://www.sec.gov/files/ctf-input-dunn-2025-3-18.pdf,TRUE
Task_Force_Written_Input_Table.csv,csv,https://www.sec.gov/files/ctf-input-lawler-2025-3-17.pdf,TRUE
Task_Force_Written_Input_Table.csv,csv,https://www.sec.gov/files/ctf-input-cumberland-drw-2015-03-16.pdf,TRUE
Task_Force_Written_Input_Table.csv,csv,https://www.sec.gov/files/guerino-task-force-proposal.pdf,TRUE
Task_Force_Written_Input_Table.csv,csv,https://www.sec.gov/files/ctf-input-sagint-2025-03-14.pdf,TRUE
Task_Force_Written_Input_Table.csv,csv,https://www.sec.gov/files/ctf-input-shapiro-2025-03-14.pdf,TRUE
Task_Force_Written_Input_Table.csv,csv,https://www.sec.gov/files/ctf-input-robinhood-2025-03-13.pdf,TRUE
Task_Force_Written_Input_Table.csv,csv,https://www.sec.gov/files/a16z-crypto-safe-harbor-proposal-03132025.pdf,TRUE
Task_Force_Written_Input_Table.csv,csv,https://www.sec.gov/files/ctf-input-tokeny-2025-03-13.pdf,TRUE
Task_Force_Written_Input_Table.csv,csv,https://www.sec.gov/files/ctf-input-staudinger-2025-03-12.pdf,TRUE
Task_Force_Written_Input_Table.csv,csv,https://www.sec.gov/files/ctf-input-roets-2025-03-10.pdf,TRUE
Task_Force_Written_Input_Table.csv,csv,https://www.sec.gov/files/ctf-input-brennan-2025-03-10.pdf,TRUE
Task_Force_Written_Input_Table.csv,csv,https://www.sec.gov/files/ctf-input-mcgrail-2025-03-07.pdf,TRUE
Task_Force_Written_Input_Table.csv,csv,https://www.sec.gov/files/ctf-inpu-parsan-2025-03-07.pdf,TRUE
Task_Force_Written_Input_Table.csv,csv,https://www.sec.gov/files/ctf-input-kim-2025-03-06.pdf,TRUE
Task_Force_Written_Input_Table.csv,csv,https://www.sec.gov/files/ctf-input-konevsky-2025-03-05.pdf,TRUE
Task_Force_Written_Input_Table.csv,csv,https://www.sec.gov/files/ctf-input-dane-2025-02-23.pdf,TRUE
Task_Force_Written_Input_Table.csv,csv,https://www.sec.gov/files/ctf-input-verret-2025-02-23.pdf,TRUE
Task_Force_Written_Input_Table.csv,csv,https://www.sec.gov/files/ctf-input-stanek-2025-02-23.pdf,TRUE
Task_Force_Written_Input_Table.csv,csv,https://www.sec.gov/files/ctf-input-allen-2025-02-23.pdf,TRUE
Task_Force_Written_Input_Table.csv,csv,https://www.sec.gov/files/ctf-input-berkun-2025-02-22.pdf,TRUE
Task_Force_Written_Input_Table.csv,csv,https://www.sec.gov/files/ctf-input-hughes-2025-02-21.pdf,TRUE
Task_Force_Written_Input_Table.csv,csv,https://www.sec.gov/files/ctf-input-arte-2025-02-19.pdf,TRUE
Task_Force_Written_Input_Table.csv,csv,https://www.sec.gov/files/coin-routes-letter-092425.pdf,TRUE
Task_Force_Written_Input_Table.csv,csv,https://www.sec.gov/files/ctf-written-input-epistria-llc-when-digitial-evidence-092325.pdf,TRUE
Task_Force_Written_Input_Table.csv,csv,https://www.sec.gov/files/ctf-written-input-epistria-llc-cryptos-evidentiary-debt-crisis-092325.pdf,TRUE
Task_Force_Written_Input_Table.csv,csv,https://www.sec.gov/files/ctf-written-input-gridtek-llc-092325.pdf,TRUE
Task_Force_Written_Input_Table.csv,csv,https://www.sec.gov/files/ctf-written-input-daniel-bruno-corvelo-costa-092125.pdf,TRUE
Task_Force_Written_Input_Table.csv,csv,https://www.sec.gov/files/ctf-written-agc-bpi-fsf-custody-comment-ltr-09182025.pdf,TRUE
Task_Force_Written_Input_Table.csv,csv,https://www.sec.gov/files/ctf-written-proposal-sec-project-09-15-2025.pdf,TRUE
Task_Force_Written_Input_Table.csv,csv,https://www.sec.gov/files/ctf-input-honeycomb-digital-investments-090925.pdf,TRUE
Task_Force_Written_Input_Table.csv,csv,https://www.sec.gov/files/ctf-written-gold-paper-making-america-greater-09-05-2025.pdf,TRUE
Task_Force_Written_Input_Table.csv,csv,https://www.sec.gov/files/ctf-written-comments-cryptocurreny-09-03-2025.pdf,TRUE
Task_Force_Written_Input_Table.csv,csv,https://www.sec.gov/files/ctf-written-sidley-austin-ava-labs-09-03-2025.pdf,TRUE
Task_Force_Written_Input_Table.csv,csv,https://www.sec.gov/files/cft-written-input-alex-grieve-paradigm-090225.pdf,TRUE
Task_Force_Written_Input_Table.csv,csv,https://www.sec.gov/files/ctf-written-input-daniel-bruno-corvelo-costa-081825.pdf,TRUE
Task_Force_Written_Input_Table.csv,csv,https://www.sec.gov/files/ctf-written-proposal-081125.pdf,TRUE
Task_Force_Written_Input_Table.csv,csv,https://www.sec.gov/files/ctf-written-suggestion-080825.pdf,TRUE
Task_Force_Written_Input_Table.csv,csv,https://www.sec.gov/files/ctf-written-aifinance-whitepaper-08082025.pdf,TRUE
Task_Force_Written_Input_Table.csv,csv,https://www.sec.gov/files/ctf-written-input-digital-chamber-073125.pdf,TRUE
Task_Force_Written_Input_Table.csv,csv,https://www.sec.gov/files/ctf-written-input-tdc-crypto-lending-letter-response-exhibit-072525_1.pdf,TRUE
Task_Force_Written_Input_Table.csv,csv,https://www.sec.gov/files/tdc-tokenized-securities-submission-072325.pdf,TRUE
Task_Force_Written_Input_Table.csv,csv,https://www.sec.gov/files/bsv-blockchain-060325.pdf,TRUE
Task_Force_Written_Input_Table.csv,csv,https://www.sec.gov/files/citadel-securities-response-crypto-task-force-072125.pdf,TRUE
Task_Force_Written_Input_Table.csv,csv,https://www.sec.gov/files/ctf-wrriten-input-noah-axler-injective-labs-inc-070925.pdf,TRUE
Task_Force_Written_Input_Table.csv,csv,https://www.sec.gov/files/ctf-written-input-fidelity-investments-070225.pdf,TRUE
Task_Force_Written_Input_Table.csv,csv,https://www.sec.gov/files/ctf-written-input-mitchell-062025.pdf,TRUE
Task_Force_Written_Input_Table.csv,csv,https://www.sec.gov/files/ctf-written-digital-chambers-response-questions-24-26-06202025.pdf,TRUE
Task_Force_Written_Input_Table.csv,csv,https://www.sec.gov/files/ctf-written-sea-ss-gn-glw-signed-06182025.pdf,TRUE
Task_Force_Written_Input_Table.csv,csv,https://www.sec.gov/files/ctf-written-crypto-council-innovation-sec-rfi-response-05292025.pdf,TRUE
Task_Force_Written_Input_Table.csv,csv,https://www.sec.gov/files/ctf-written-input-defi-education-fund-uniswap-foundation-052725.pdf,TRUE
Task_Force_Written_Input_Table.csv,csv,https://www.sec.gov/files/etherfuse-brogan-law-052325.pdf,TRUE
Task_Force_Written_Input_Table.csv,csv,https://www.sec.gov/files/token-information-guidelines-letter-051625.pdf,TRUE
Task_Force_Written_Input_Table.csv,csv,https://www.sec.gov/files/sifma-sec-crypto-rfi-initial-response-050925.pdf,TRUE
Task_Force_Written_Input_Table.csv,csv,https://www.sec.gov/files/ctf-written-input-plume-050525.pdf,TRUE
Task_Force_Written_Input_Table.csv,csv,https://www.sec.gov/files/ctf-written-input-coa-coop-blockchain-orgs-prop-rulemaking-non-fungible-memb-interests-043025.pdf,TRUE
Task_Force_Written_Input_Table.csv,csv,https://www.sec.gov/files/ctf-written-input-etherealize-042525.pdf,TRUE
Task_Force_Written_Input_Table.csv,csv,https://www.sec.gov/files/ctf-written-input-cardano-foundation-042225.pdf,TRUE
Task_Force_Written_Input_Table.csv,csv,https://www.sec.gov/files/ctf-input-mooney-041425.pdf,TRUE
Task_Force_Written_Input_Table.csv,csv,https://www.sec.gov/files/ctf-input-faure-brookover-040925.pdf,TRUE
Task_Force_Written_Input_Table.csv,csv,https://www.sec.gov/files/ctf-input-berkun-040325.pdf,TRUE
Task_Force_Written_Input_Table.csv,csv,https://www.sec.gov/files/ctf-input-alternative-investment-management-association-3-25-25.pdf,TRUE
Task_Force_Written_Input_Table.csv,csv,https://www.sec.gov/files/ctf-input-ripple-2025-3-21.pdf,TRUE
Task_Force_Written_Input_Table.csv,csv,https://www.sec.gov/files/ctf-input-cohen-1-3-20-2025.pdf,TRUE
Task_Force_Written_Input_Table.csv,csv,https://www.sec.gov/files/ctf-input-world-federation-exchanges-3-2025-3-18.pdf,TRUE
Task_Force_Written_Input_Table.csv,csv,https://www.sec.gov/files/ctf-input-reiners-2025-3-18.pdf,TRUE
Task_Force_Written_Input_Table.csv,csv,https://www.sec.gov/files/a16z-crypto-response-sec-rfi-questions-1-6-03132025.pdf,TRUE
Task_Force_Written_Input_Table.csv,csv,https://www.sec.gov/files/ctf-input-lawler-2025-03-12.pdf,TRUE
Task_Force_Written_Input_Table.csv,csv,https://www.sec.gov/files/ctf-input-digital-asset-holdings-2025-02-25.pdf,TRUE
Task_Force_Written_Input_Table.csv,csv,https://www.sec.gov/files/ctf-written-input-epistria-llc-ssrn-comprehensive-paper-092325.pdf,TRUE
Task_Force_Written_Input_Table.csv,csv,https://www.sec.gov/files/ctf-written-input-daniel-bruno-corvelo-costa-091125.pdf,TRUE
Task_Force_Written_Input_Table.csv,csv,https://www.sec.gov/files/cft-written-input-daniel-bruno-corvelo-costa-090325.pdf,TRUE
crypto_task_force_meeting.csv,csv,https://www.sec.gov/about/crypto-task-force/crypto-task-force-meetings,TRUE
crypto_task_force_meeting.csv,csv,https://www.sec.gov/about/crypto-task-force/crypto-task-force-meetings,TRUE
crypto_task_force_meeting.csv,csv,https://www.sec.gov/about/crypto-task-force/crypto-task-force-meetings,TRUE
crypto_task_force_meeting.csv,csv,https://www.sec.gov/about/crypto-task-force/crypto-task-force-meetings,TRUE
crypto_task_force_meeting.csv,csv,https://www.sec.gov/about/crypto-task-force/crypto-task-force-meetings,TRUE
crypto_task_force_meeting.csv,csv,https://www.sec.gov/about/crypto-task-force/crypto-task-force-meetings,TRUE
crypto_task_force_meeting.csv,csv,https://www.sec.gov/about/crypto-task-force/crypto-task-force-meetings,TRUE
crypto_task_force_meeting.csv,csv,https://www.sec.gov/about/crypto-task-force/crypto-task-force-meetings,TRUE
crypto_task_force_meeting.csv,csv,https://www.sec.gov/about/crypto-task-force/crypto-task-force-meetings,TRUE
crypto_task_force_meeting.csv,csv,https://www.sec.gov/about/crypto-task-force/crypto-task-force-meetings,TRUE
crypto_task_force_meeting.csv,csv,https://www.sec.gov/about/crypto-task-force/crypto-task-force-meetings,TRUE
crypto_task_force_meeting.csv,csv,https://www.sec.gov/about/crypto-task-force/crypto-task-force-meetings,TRUE
crypto_task_force_meeting.csv,csv,https://www.sec.gov/about/crypto-task-force/crypto-task-force-meetings,TRUE
crypto_task_force_meeting.csv,csv,https://www.sec.gov/about/crypto-task-force/crypto-task-force-meetings,TRUE
crypto_task_force_meeting.csv,csv,https://www.sec.gov/about/crypto-task-force/crypto-task-force-meetings,TRUE
crypto_task_force_meeting.csv,csv,https://www.sec.gov/about/crypto-task-force/crypto-task-force-meetings,TRUE
crypto_task_force_meeting.csv,csv,https://www.sec.gov/about/crypto-task-force/crypto-task-force-meetings,TRUE
crypto_task_force_meeting.csv,csv,https://www.sec.gov/about/crypto-task-force/crypto-task-force-meetings,TRUE
crypto_task_force_meeting.csv,csv,https://www.sec.gov/about/crypto-task-force/crypto-task-force-meetings,TRUE
crypto_task_force_meeting.csv,csv,https://www.sec.gov/about/crypto-task-force/crypto-task-force-meetings,TRUE
crypto_task_force_meeting.csv,csv,https://www.sec.gov/about/crypto-task-force/crypto-task-force-meetings,TRUE
crypto_task_force_meeting.csv,csv,https://www.sec.gov/about/crypto-task-force/crypto-task-force-meetings,TRUE
crypto_task_force_meeting.csv,csv,https://www.sec.gov/about/crypto-task-force/crypto-task-force-meetings,TRUE
crypto_task_force_meeting.csv,csv,https://www.sec.gov/about/crypto-task-force/crypto-task-force-meetings,TRUE
crypto_task_force_meeting.csv,csv,https://www.sec.gov/about/crypto-task-force/crypto-task-force-meetings,TRUE
crypto_task_force_meeting.csv,csv,https://www.sec.gov/about/crypto-task-force/crypto-task-force-meetings,TRUE
crypto_task_force_meeting.csv,csv,https://www.sec.gov/about/crypto-task-force/crypto-task-force-meetings,TRUE
crypto_task_force_meeting.csv,csv,https://www.sec.gov/about/crypto-task-force/crypto-task-force-meetings,TRUE
crypto_task_force_meeting.csv,csv,https://www.sec.gov/about/crypto-task-force/crypto-task-force-meetings,TRUE
crypto_task_force_meeting.csv,csv,https://www.sec.gov/about/crypto-task-force/crypto-task-force-meetings,TRUE
crypto_task_force_meeting.csv,csv,https://www.sec.gov/about/crypto-task-force/crypto-task-force-meetings,TRUE
crypto_task_force_meeting.csv,csv,https://www.sec.gov/about/crypto-task-force/crypto-task-force-meetings,TRUE
crypto_task_force_meeting.csv,csv,https://www.sec.gov/about/crypto-task-force/crypto-task-force-meetings,TRUE
crypto_task_force_meeting.csv,csv,https://www.sec.gov/about/crypto-task-force/crypto-task-force-meetings,TRUE
crypto_task_force_meeting.csv,csv,https://www.sec.gov/about/crypto-task-force/crypto-task-force-meetings,TRUE
crypto_task_force_meeting.csv,csv,https://www.sec.gov/about/crypto-task-force/crypto-task-force-meetings,TRUE
crypto_task_force_meeting.csv,csv,https://www.sec.gov/about/crypto-task-force/crypto-task-force-meetings,TRUE
crypto_task_force_meeting.csv,csv,https://www.sec.gov/about/crypto-task-force/crypto-task-force-meetings,TRUE
crypto_task_force_meeting.csv,csv,https://www.sec.gov/about/crypto-task-force/crypto-task-force-meetings,TRUE
crypto_task_force_meeting.csv,csv,https://www.sec.gov/about/crypto-task-force/crypto-task-force-meetings,TRUE
crypto_task_force_meeting.csv,csv,https://www.sec.gov/about/crypto-task-force/crypto-task-force-meetings,TRUE
crypto_task_force_meeting.csv,csv,https://www.sec.gov/about/crypto-task-force/crypto-task-force-meetings,TRUE
crypto_task_force_meeting.csv,csv,https://www.sec.gov/about/crypto-task-force/crypto-task-force-meetings,TRUE
crypto_task_force_meeting.csv,csv,https://www.sec.gov/about/crypto-task-force/crypto-task-force-meetings,TRUE
crypto_task_force_meeting.csv,csv,https://www.sec.gov/about/crypto-task-force/crypto-task-force-meetings,TRUE
crypto_task_force_meeting.csv,csv,https://www.sec.gov/about/crypto-task-force/crypto-task-force-meetings,TRUE
crypto_task_force_meeting.csv,csv,https://www.sec.gov/about/crypto-task-force/crypto-task-force-meetings,TRUE
crypto_task_force_meeting.csv,csv,https://www.sec.gov/about/crypto-task-force/crypto-task-force-meetings,TRUE
crypto_task_force_meeting.csv,csv,https://www.sec.gov/about/crypto-task-force/crypto-task-force-meetings,TRUE
crypto_task_force_meeting.csv,csv,https://www.sec.gov/about/crypto-task-force/crypto-task-force-meetings,TRUE
crypto_task_force_meeting.csv,csv,https://www.sec.gov/about/crypto-task-force/crypto-task-force-meetings,TRUE
crypto_task_force_meeting.csv,csv,https://www.sec.gov/about/crypto-task-force/crypto-task-force-meetings,TRUE
crypto_task_force_meeting.csv,csv,https://www.sec.gov/about/crypto-task-force/crypto-task-force-meetings,TRUE
crypto_task_force_meeting.csv,csv,https://www.sec.gov/about/crypto-task-force/crypto-task-force-meetings,TRUE
crypto_task_force_meeting.csv,csv,https://www.sec.gov/about/crypto-task-force/crypto-task-force-meetings,TRUE
crypto_task_force_meeting.csv,csv,https://www.sec.gov/about/crypto-task-force/crypto-task-force-meetings,TRUE
crypto_task_force_meeting.csv,csv,https://www.sec.gov/about/crypto-task-force/crypto-task-force-meetings,TRUE
crypto_task_force_meeting.csv,csv,https://www.sec.gov/about/crypto-task-force/crypto-task-force-meetings,TRUE
crypto_task_force_meeting.csv,csv,https://www.sec.gov/about/crypto-task-force/crypto-task-force-meetings,TRUE
crypto_task_force_meeting.csv,csv,https://www.sec.gov/about/crypto-task-force/crypto-task-force-meetings,TRUE
crypto_task_force_meeting.csv,csv,https://www.sec.gov/about/crypto-task-force/crypto-task-force-meetings,TRUE
crypto_task_force_meeting.csv,csv,https://www.sec.gov/about/crypto-task-force/crypto-task-force-meetings,TRUE
crypto_task_force_meeting.csv,csv,https://www.sec.gov/about/crypto-task-force/crypto-task-force-meetings,TRUE
crypto_task_force_meeting.csv,csv,https://www.sec.gov/about/crypto-task-force/crypto-task-force-meetings,TRUE
crypto_task_force_meeting.csv,csv,https://www.sec.gov/about/crypto-task-force/crypto-task-force-meetings,TRUE
crypto_task_force_meeting.csv,csv,https://www.sec.gov/about/crypto-task-force/crypto-task-force-meetings,TRUE
crypto_task_force_meeting.csv,csv,https://www.sec.gov/about/crypto-task-force/crypto-task-force-meetings,TRUE
crypto_task_force_meeting.csv,csv,https://www.sec.gov/about/crypto-task-force/crypto-task-force-meetings,TRUE
crypto_task_force_meeting.csv,csv,https://www.sec.gov/about/crypto-task-force/crypto-task-force-meetings,TRUE
crypto_task_force_meeting.csv,csv,https://www.sec.gov/about/crypto-task-force/crypto-task-force-meetings,TRUE
crypto_task_force_meeting.csv,csv,https://www.sec.gov/about/crypto-task-force/crypto-task-force-meetings,TRUE
crypto_task_force_meeting.csv,csv,https://www.sec.gov/about/crypto-task-force/crypto-task-force-meetings,TRUE
crypto_task_force_meeting.csv,csv,https://www.sec.gov/about/crypto-task-force/crypto-task-force-meetings,TRUE
crypto_task_force_meeting.csv,csv,https://www.sec.gov/about/crypto-task-force/crypto-task-force-meetings,TRUE
crypto_task_force_meeting.csv,csv,https://www.sec.gov/about/crypto-task-force/crypto-task-force-meetings,TRUE
crypto_task_force_meeting.csv,csv,https://www.sec.gov/about/crypto-task-force/crypto-task-force-meetings,TRUE
crypto_task_force_meeting.csv,csv,https://www.sec.gov/about/crypto-task-force/crypto-task-force-meetings,TRUE
crypto_task_force_meeting.csv,csv,https://www.sec.gov/about/crypto-task-force/crypto-task-force-meetings,TRUE
crypto_task_force_meeting.csv,csv,https://www.sec.gov/about/crypto-task-force/crypto-task-force-meetings,TRUE
crypto_task_force_meeting.csv,csv,https://www.sec.gov/about/crypto-task-force/crypto-task-force-meetings,TRUE
crypto_task_force_meeting.csv,csv,https://www.sec.gov/about/crypto-task-force/crypto-task-force-meetings,TRUE
crypto_task_force_meeting.csv,csv,https://www.sec.gov/about/crypto-task-force/crypto-task-force-meetings,TRUE
crypto_task_force_meeting.csv,csv,https://www.sec.gov/about/crypto-task-force/crypto-task-force-meetings,TRUE
crypto_task_force_meeting.csv,csv,https://www.sec.gov/about/crypto-task-force/crypto-task-force-meetings,TRUE
crypto_task_force_meeting.csv,csv,https://www.sec.gov/about/crypto-task-force/crypto-task-force-meetings,TRUE
crypto_task_force_meeting.csv,csv,https://www.sec.gov/about/crypto-task-force/crypto-task-force-meetings,TRUE
crypto_task_force_meeting.csv,csv,https://www.sec.gov/about/crypto-task-force/crypto-task-force-meetings,TRUE
crypto_task_force_meeting.csv,csv,https://www.sec.gov/about/crypto-task-force/crypto-task-force-meetings,TRUE
crypto_task_force_meeting.csv,csv,https://www.sec.gov/about/crypto-task-force/crypto-task-force-meetings,TRUE
crypto_task_force_meeting.csv,csv,https://www.sec.gov/about/crypto-task-force/crypto-task-force-meetings,TRUE
crypto_task_force_meeting.csv,csv,https://www.sec.gov/about/crypto-task-force/crypto-task-force-meetings,TRUE
crypto_task_force_meeting.csv,csv,https://www.sec.gov/about/crypto-task-force/crypto-task-force-meetings,TRUE
crypto_task_force_meeting.csv,csv,https://www.sec.gov/about/crypto-task-force/crypto-task-force-meetings,TRUE
crypto_task_force_meeting.csv,csv,https://www.sec.gov/about/crypto-task-force/crypto-task-force-meetings,TRUE
crypto_task_force_meeting.csv,csv,https://www.sec.gov/about/crypto-task-force/crypto-task-force-meetings,TRUE
crypto_task_force_meeting.csv,csv,https://www.sec.gov/about/crypto-task-force/crypto-task-force-meetings,TRUE
crypto_task_force_meeting.csv,csv,https://www.sec.gov/about/crypto-task-force/crypto-task-force-meetings,TRUE
crypto_task_force_meeting.csv,csv,https://www.sec.gov/about/crypto-task-force/crypto-task-force-meetings,TRUE
crypto_task_force_meeting.csv,csv,https://www.sec.gov/about/crypto-task-force/crypto-task-force-meetings,TRUE
crypto_task_force_meeting.csv,csv,https://www.sec.gov/about/crypto-task-force/crypto-task-force-meetings,TRUE
crypto_task_force_meeting.csv,csv,https://www.sec.gov/about/crypto-task-force/crypto-task-force-meetings,TRUE
crypto_task_force_meeting.csv,csv,https://www.sec.gov/about/crypto-task-force/crypto-task-force-meetings,TRUE
crypto_task_force_meeting.csv,csv,https://www.sec.gov/about/crypto-task-force/crypto-task-force-meetings,TRUE
crypto_task_force_meeting.csv,csv,https://www.sec.gov/about/crypto-task-force/crypto-task-force-meetings,TRUE
crypto_task_force_meeting.csv,csv,https://www.sec.gov/about/crypto-task-force/crypto-task-force-meetings,TRUE
crypto_task_force_meeting.csv,csv,https://www.sec.gov/about/crypto-task-force/crypto-task-force-meetings,TRUE
crypto_task_force_meeting.csv,csv,https://www.sec.gov/about/crypto-task-force/crypto-task-force-meetings,TRUE
crypto_task_force_meeting.csv,csv,https://www.sec.gov/about/crypto-task-force/crypto-task-force-meetings,TRUE
crypto_task_force_meeting.csv,csv,https://www.sec.gov/about/crypto-task-force/crypto-task-force-meetings,TRUE
crypto_task_force_meeting.csv,csv,https://www.sec.gov/about/crypto-task-force/crypto-task-force-meetings,TRUE
crypto_task_force_meeting.csv,csv,https://www.sec.gov/about/crypto-task-force/crypto-task-force-meetings,TRUE
crypto_task_force_meeting.csv,csv,https://www.sec.gov/about/crypto-task-force/crypto-task-force-meetings,TRUE
crypto_task_force_meeting.csv,csv,https://www.sec.gov/about/crypto-task-force/crypto-task-force-meetings,TRUE
crypto_task_force_meeting.csv,csv,https://www.sec.gov/about/crypto-task-force/crypto-task-force-meetings,TRUE
crypto_task_force_meeting.csv,csv,https://www.sec.gov/about/crypto-task-force/crypto-task-force-meetings,TRUE
crypto_task_force_meeting.csv,csv,https://www.sec.gov/about/crypto-task-force/crypto-task-force-meetings,TRUE
crypto_task_force_meeting.csv,csv,https://www.sec.gov/about/crypto-task-force/crypto-task-force-meetings,TRUE
crypto_task_force_meeting.csv,csv,https://www.sec.gov/about/crypto-task-force/crypto-task-force-meetings,TRUE
crypto_task_force_meeting.csv,csv,https://www.sec.gov/about/crypto-task-force/crypto-task-force-meetings,TRUE
crypto_task_force_meeting.csv,csv,https://www.sec.gov/about/crypto-task-force/crypto-task-force-meetings,TRUE
crypto_task_force_meeting.csv,csv,https://www.sec.gov/about/crypto-task-force/crypto-task-force-meetings,TRUE
crypto_task_force_meeting.csv,csv,https://www.sec.gov/about/crypto-task-force/crypto-task-force-meetings,TRUE
crypto_task_force_meeting.csv,csv,https://www.sec.gov/about/crypto-task-force/crypto-task-force-meetings,TRUE
crypto_task_force_meeting.csv,csv,https://www.sec.gov/about/crypto-task-force/crypto-task-force-meetings,TRUE
crypto_task_force_meeting.csv,csv,https://www.sec.gov/about/crypto-task-force/crypto-task-force-meetings,TRUE
crypto_task_force_meeting.csv,csv,https://www.sec.gov/about/crypto-task-force/crypto-task-force-meetings,TRUE
crypto_task_force_meeting.csv,csv,https://www.sec.gov/about/crypto-task-force/crypto-task-force-meetings,TRUE
crypto_task_force_meeting.csv,csv,https://www.sec.gov/about/crypto-task-force/crypto-task-force-meetings,TRUE
crypto_task_force_meeting.csv,csv,https://www.sec.gov/about/crypto-task-force/crypto-task-force-meetings,TRUE
crypto_task_force_meeting.csv,csv,https://www.sec.gov/about/crypto-task-force/crypto-task-force-meetings,TRUE
crypto_task_force_meeting.csv,csv,https://www.sec.gov/about/crypto-task-force/crypto-task-force-meetings,TRUE
crypto_task_force_meeting.csv,csv,https://www.sec.gov/about/crypto-task-force/crypto-task-force-meetings,TRUE
crypto_task_force_meeting.csv,csv,https://www.sec.gov/about/crypto-task-force/crypto-task-force-meetings,TRUE
crypto_task_force_meeting.csv,csv,https://www.sec.gov/about/crypto-task-force/crypto-task-force-meetings,TRUE
crypto_task_force_meeting.csv,csv,https://www.sec.gov/about/crypto-task-force/crypto-task-force-meetings,TRUE
crypto_task_force_meeting.csv,csv,https://www.sec.gov/about/crypto-task-force/crypto-task-force-meetings,TRUE
crypto_task_force_meeting.csv,csv,https://www.sec.gov/about/crypto-task-force/crypto-task-force-meetings,TRUE
crypto_task_force_meeting.csv,csv,https://www.sec.gov/about/crypto-task-force/crypto-task-force-meetings,TRUE
crypto_task_force_meeting.csv,csv,https://www.sec.gov/about/crypto-task-force/crypto-task-force-meetings,TRUE
crypto_task_force_meeting.csv,csv,https://www.sec.gov/about/crypto-task-force/crypto-task-force-meetings,TRUE
crypto_task_force_meeting.csv,csv,https://www.sec.gov/about/crypto-task-force/crypto-task-force-meetings,TRUE
crypto_task_force_meeting.csv,csv,https://www.sec.gov/about/crypto-task-force/crypto-task-force-meetings,TRUE
crypto_task_force_meeting.csv,csv,https://www.sec.gov/about/crypto-task-force/crypto-task-force-meetings,TRUE
crypto_task_force_meeting.csv,csv,https://www.sec.gov/about/crypto-task-force/crypto-task-force-meetings,TRUE
crypto_task_force_meeting.csv,csv,https://www.sec.gov/about/crypto-task-force/crypto-task-force-meetings,TRUE
crypto_task_force_meeting.csv,csv,https://www.sec.gov/about/crypto-task-force/crypto-task-force-meetings,TRUE
crypto_task_force_meeting.csv,csv,https://www.sec.gov/about/crypto-task-force/crypto-task-force-meetings,TRUE
crypto_task_force_meeting.csv,csv,https://www.sec.gov/about/crypto-task-force/crypto-task-force-meetings,TRUE
crypto_task_force_meeting.csv,csv,https://www.sec.gov/about/crypto-task-force/crypto-task-force-meetings,TRUE
crypto_task_force_meeting.csv,csv,https://www.sec.gov/about/crypto-task-force/crypto-task-force-meetings,TRUE
crypto_task_force_meeting.csv,csv,https://www.sec.gov/about/crypto-task-force/crypto-task-force-meetings,TRUE
crypto_task_force_meeting.csv,csv,https://www.sec.gov/about/crypto-task-force/crypto-task-force-meetings,TRUE
crypto_task_force_meeting.csv,csv,https://www.sec.gov/about/crypto-task-force/crypto-task-force-meetings,TRUE
crypto_task_force_meeting.csv,csv,https://www.sec.gov/about/crypto-task-force/crypto-task-force-meetings,TRUE
crypto_task_force_meeting.csv,csv,https://www.sec.gov/about/crypto-task-force/crypto-task-force-meetings,TRUE
crypto_task_force_meeting.csv,csv,https://www.sec.gov/about/crypto-task-force/crypto-task-force-meetings,TRUE
crypto_task_force_meeting.csv,csv,https://www.sec.gov/about/crypto-task-force/crypto-task-force-meetings,TRUE
crypto_task_force_meeting.csv,csv,https://www.sec.gov/about/crypto-task-force/crypto-task-force-meetings,TRUE
crypto_task_force_meeting.csv,csv,https://www.sec.gov/about/crypto-task-force/crypto-task-force-meetings,TRUE
crypto_task_force_meeting.csv,csv,https://www.sec.gov/about/crypto-task-force/crypto-task-force-meetings,TRUE
crypto_task_force_meeting.csv,csv,https://www.sec.gov/about/crypto-task-force/crypto-task-force-meetings,TRUE
crypto_task_force_meeting.csv,csv,https://www.sec.gov/about/crypto-task-force/crypto-task-force-meetings,TRUE
crypto_task_force_meeting.csv,csv,https://www.sec.gov/about/crypto-task-force/crypto-task-force-meetings,TRUE
crypto_task_force_meeting.csv,csv,https://www.sec.gov/about/crypto-task-force/crypto-task-force-meetings,TRUE
crypto_task_force_meeting.csv,csv,https://www.sec.gov/about/crypto-task-force/crypto-task-force-meetings,TRUE
crypto_task_force_meeting.csv,csv,https://www.sec.gov/about/crypto-task-force/crypto-task-force-meetings,TRUE
crypto_task_force_meeting.csv,csv,https://www.sec.gov/about/crypto-task-force/crypto-task-force-meetings,TRUE
crypto_task_force_meeting.csv,csv,https://www.sec.gov/about/crypto-task-force/crypto-task-force-meetings,TRUE
crypto_task_force_meeting.csv,csv,https://www.sec.gov/about/crypto-task-force/crypto-task-force-meetings,TRUE
crypto_task_force_meeting.csv,csv,https://www.sec.gov/about/crypto-task-force/crypto-task-force-meetings,TRUE
crypto_task_force_meeting.csv,csv,https://www.sec.gov/about/crypto-task-force/crypto-task-force-meetings,TRUE
crypto_task_force_meeting.csv,csv,https://www.sec.gov/about/crypto-task-force/crypto-task-force-meetings,TRUE
crypto_task_force_meeting.csv,csv,https://www.sec.gov/about/crypto-task-force/crypto-task-force-meetings,TRUE
crypto_task_force_meeting.csv,csv,https://www.sec.gov/about/crypto-task-force/crypto-task-force-meetings,TRUE
crypto_task_force_meeting.csv,csv,https://www.sec.gov/about/crypto-task-force/crypto-task-force-meetings,TRUE
crypto_task_force_meeting.csv,csv,https://www.sec.gov/about/crypto-task-force/crypto-task-force-meetings,TRUE
cyrpto_news_room.csv,csv,https://www.sec.gov/newsroom/speeches-statements/peirce-statement-rfi-022125,TRUE
cyrpto_news_room.csv,csv,https://www.sec.gov/newsroom/speeches-statements/peirce-journey-begins-020425,TRUE
cyrpto_news_room.csv,csv,https://www.sec.gov/newsroom/speeches-statements/uyeda-remarks-crypto-roundtable-032125,TRUE
cyrpto_news_room.csv,csv,https://www.sec.gov/newsroom/speeches-statements/peirce-remarks-crypto-roundtable-032125,TRUE
cyrpto_news_room.csv,csv,https://www.sec.gov/newsroom/speeches-statements/crenshaw-remarks-crypto-roundtable-032125,TRUE
cyrpto_news_room.csv,csv,https://www.sec.gov/newsroom/speeches-statements/peirce-lava-lamps-opening-remarks-crypto-custody-roundtable-042525,TRUE
cyrpto_news_room.csv,csv,https://www.sec.gov/newsroom/speeches-statements/crenshaw-remarks-crypto-roundtable-042525,TRUE
cyrpto_news_room.csv,csv,https://www.sec.gov/newsroom/speeches-statements/uyeda-remarks-crypto-task-force-roundtable-custody-042525,TRUE
cyrpto_news_room.csv,csv,https://www.sec.gov/newsroom/press-releases/2025-65,TRUE
cyrpto_news_room.csv,csv,https://www.sec.gov/newsroom/speeches-statements/peirce-opening-remarks-trading-roundtable-041125,TRUE
cyrpto_news_room.csv,csv,https://www.sec.gov/newsroom/speeches-statements/uyeda-remarks-ctf-roundtable-crypto-trading-041125,TRUE
cyrpto_news_room.csv,csv,https://www.sec.gov/newsroom/speeches-statements/crenshaw-remarks-ctf-roundtable-crypto-trading-041125,TRUE
cyrpto_news_room.csv,csv,https://www.sec.gov/newsroom/speeches-statements/peirce-statement-offerings-registration-041025,TRUE
cyrpto_news_room.csv,csv,https://www.sec.gov/newsroom/speeches-statements/peirce-statement-protocol-staking-052925,TRUE
cyrpto_news_room.csv,csv,https://www.sec.gov/newsroom/speeches-statements/peirce-remarks-sec-speaks-051925-new-paradigm-remarks-sec-speaks,TRUE
cyrpto_news_room.csv,csv,https://www.sec.gov/newsroom/speeches-statements/peirce-tm-faq-051525,TRUE
cyrpto_news_room.csv,csv,https://www.sec.gov/newsroom/speeches-statements/atkins-remarks-crypto-roundtable-tokenization-051225-keynote-address-crypto-task-force-roundtable-tokenization,TRUE
cyrpto_news_room.csv,csv,https://www.sec.gov/newsroom/speeches-statements/peirce-remarks-crypto-roundtable-tokenization-051225,TRUE
cyrpto_news_room.csv,csv,https://www.sec.gov/newsroom/speeches-statements/crenshaw-remarks-crypto-roundtable-tokenization-051225,TRUE
cyrpto_news_room.csv,csv,https://www.sec.gov/newsroom/speeches-statements/uyeda-remarks-crypto-roundtable-tokenization-051225,TRUE
cyrpto_news_room.csv,csv,https://www.sec.gov/newsroom/speeches-statements/peirce-iismgd-050825,TRUE
cyrpto_news_room.csv,csv,https://www.sec.gov/newsroom/press-releases/2025-72,TRUE
cyrpto_news_room.csv,csv,https://www.sec.gov/newsroom/speeches-statements/atkins-remarks-defi-roundtable-060925,TRUE
cyrpto_news_room.csv,csv,https://www.sec.gov/newsroom/speeches-statements/peirce-remarks-defi-roundtable-060925,TRUE
cyrpto_news_room.csv,csv,https://www.sec.gov/newsroom/speeches-statements/crenshaw-remarks-crypto-roundtable-060925,TRUE
cyrpto_news_room.csv,csv,https://www.sec.gov/newsroom/speeches-statements/uyeda-remarks-defi-roundtable-060925,TRUE
cyrpto_news_room.csv,csv,https://www.sec.gov/newsroom/speeches-statements/atkins-digital-finance-revolution-073125,TRUE
cyrpto_news_room.csv,csv,https://www.sec.gov/newsroom/speeches-statements/atkins-2025-regulatory-agenda-090425,TRUE
cyrpto_news_room.csv,csv,https://www.sec.gov/newsroom/press-releases/2025-30,TRUE
cyrpto_news_room.csv,csv,https://www.sec.gov/newsroom/press-releases/2025-42,TRUE
cyrpto_news_room.csv,csv,https://www.sec.gov/newsroom/speeches-statements/peirce-statement-tokenized-securities-070925,TRUE
cyrpto_news_room.csv,csv,https://www.sec.gov/newsroom/speeches-statements/crenshaw-statement-liquid-staking-080525,TRUE
cyrpto_news_room.csv,csv,https://www.sec.gov/newsroom/speeches-statements/peirce-staking-sequel-080525,TRUE
cyrpto_news_room.csv,csv,https://www.sec.gov/newsroom/speeches-statements/peirce-remarks-blockchain-conference-080425,TRUE
cyrpto_news_room.csv,csv,https://www.sec.gov/newsroom/speeches-statements/peirce-statement-custody-crypto-assets-093025,TRUE
cyrpto_news_room.csv,csv,https://www.sec.gov/newsroom/speeches-statements/peirce-092925-deep-statement-doublezero-no-action-letter,TRUE
cyrpto_news_room.csv,csv,https://www.sec.gov/newsroom/press-releases/2025-124-sec-announces-agenda-panelists-sec-cftc-roundtable-regulatory-harmonization-efforts,TRUE
cyrpto_news_room.csv,csv,https://www.sec.gov/newsroom/press-releases/2025-57,TRUE
cyrpto_news_room.csv,csv,https://www.sec.gov/newsroom/press-releases/2025-51,TRUE
cyrpto_news_room.csv,csv,https://www.sec.gov/newsroom/press-releases/2025-49,TRUE
cyrpto_news_room.csv,csv,https://www.sec.gov/newsroom/speeches-statements/atkins-remarks-crypto-task-force-roundtable-042525,TRUE
cyrpto_news_room.csv,csv,https://www.sec.gov/newsroom/press-releases/2025-61,TRUE
cyrpto_news_room.csv,csv,https://www.sec.gov/newsroom/press-releases/2025-78-sec-announces-agenda-panelists-roundtable-crypto-defi,TRUE
cyrpto_news_room.csv,csv,https://www.sec.gov/newsroom/speeches-statements/uyeda-statement-crypto-exchange-traded-products-072925,TRUE
cyrpto_news_room.csv,csv,https://www.sec.gov/newsroom/press-releases/2025-101-sec-permits-kind-creations-redemptions-crypto-etps,TRUE
cyrpto_news_room.csv,csv,https://www.sec.gov/newsroom/speeches-statements/atkins-statement-genius-act-071825,TRUE
cyrpto_news_room.csv,csv,https://www.sec.gov/newsroom/speeches-statements/peirce-statement-genius-act-071825,TRUE
cyrpto_news_room.csv,csv,https://www.sec.gov/newsroom/speeches-statements/atkins-statement-genius-act-071725,TRUE
cyrpto_news_room.csv,csv,https://www.sec.gov/newsroom/press-releases/2025-104-securities-exchange-commission-division-corporation-finance-issues-staff-statement-certain-liquid,TRUE
cyrpto_news_room.csv,csv,https://www.sec.gov/newsroom/press-releases/2025-102-road-sec-crypto-task-force-host-series-roundtables-across-us,TRUE
cyrpto_news_room.csv,csv,https://www.sec.gov/newsroom/press-releases/2025-114-sec-crypto-task-force-host-roundtable-financial-surveillance-privacy,TRUE
cyrpto_news_room.csv,csv,https://www.sec.gov/newsroom/press-releases/2025-112-sec-cftc-issue-joint-statement-regulatory-harmonization-efforts-will-co-host-roundtable-sept-29,TRUE
cyrpto_news_room.csv,csv,https://www.sec.gov/newsroom/press-releases/2025-110-sec-cftc-staff-issue-joint-statement-trading-certain-spot-crypto-asset-products,TRUE
faq_tables.csv,csv,https://www.sec.gov/about/crypto-task-force/crypto-task-force-frequently-asked-questions,TRUE
faq_tables.csv,csv,https://www.sec.gov/about/crypto-task-force/crypto-task-force-frequently-asked-questions,TRUE
faq_tables.csv,csv,https://www.sec.gov/about/crypto-task-force/crypto-task-force-frequently-asked-questions,TRUE
faq_tables.csv,csv,https://www.sec.gov/about/crypto-task-force/crypto-task-force-frequently-asked-questions,TRUE
faq_tables.csv,csv,https://www.sec.gov/about/crypto-task-force/crypto-task-force-frequently-asked-questions,TRUE
faq_tables.csv,csv,https://www.sec.gov/about/crypto-task-force/crypto-task-force-frequently-asked-questions,TRUE
faq_tables.csv,csv,https://www.sec.gov/about/crypto-task-force/crypto-task-force-frequently-asked-questions,TRUE
faq_tables.csv,csv,https://www.sec.gov/about/crypto-task-force/crypto-task-force-frequently-asked-questions,TRUE
faq_tables.csv,csv,https://www.sec.gov/about/crypto-task-force/crypto-task-force-frequently-asked-questions,TRUE
faq_tables.csv,csv,https://www.sec.gov/about/crypto-task-force/crypto-task-force-frequently-asked-questions,TRUE
faq_tables.csv,csv,https://www.sec.gov/about/crypto-task-force/crypto-task-force-frequently-asked-questions,TRUE
sec_youtube_videos.csv,csv,https://www.youtube.com/watch?v=38O6Cv-PqzE,TRUE
sec_youtube_videos.csv,csv,https://www.youtube.com/watch?v=4MV2xRk4HZQ,TRUE
sec_youtube_videos.csv,csv,https://www.youtube.com/watch?v=5Kzp9Ln8zTU,TRUE
sec_youtube_videos.csv,csv,https://www.youtube.com/watch?v=g104h8GwlXg,TRUE
sec_youtube_videos.csv,csv,https://www.youtube.com/watch?v=HVQuEwYe5K0,TRUE
sec_youtube_videos.csv,csv,https://www.youtube.com/watch?v=IrnVmo3_Sdg,TRUE
sec_youtube_videos.csv,csv,https://www.youtube.com/watch?v=IsWsn5W1OIg,TRUE
sec_youtube_videos.csv,csv,https://www.youtube.com/watch?v=Ix50RVpIABY,TRUE
sec_youtube_videos.csv,csv,https://www.youtube.com/watch?v=jBlBZPwNcEY,TRUE
sec_youtube_videos.csv,csv,https://www.youtube.com/watch?v=KQeyoFzusAo,TRUE
sec_youtube_videos.csv,csv,https://www.youtube.com/watch?v=NEiuqh_PRCY,TRUE
sec_youtube_videos.csv,csv,https://www.youtube.com/watch?v=PVsuaCNXNFQ,TRUE
sec_youtube_videos.csv,csv,https://www.youtube.com/watch?v=Q39cpndNIJ8,TRUE
sec_youtube_videos.csv,csv,https://www.youtube.com/watch?v=wiXNMXJ60As,TRUE
sec_youtube_videos.csv,csv,https://www.youtube.com/watch?v=ydc7nSCZC8M,TRUE
crypto_newsroom.parquet,parquet,https://www.sec.gov/newsroom/speeches-statements/peirce-statement-custody-crypto-assets-093025,FALSE
crypto_newsroom.parquet,parquet,https://www.sec.gov/newsroom/speeches-statements/peirce-092925-deep-statement-doublezero-no-action-letter,FALSE
crypto_newsroom.parquet,parquet,https://www.sec.gov/newsroom/press-releases/2025-124-sec-announces-agenda-panelists-sec-cftc-roundtable-regulatory-harmonization-efforts,FALSE
crypto_newsroom.parquet,parquet,https://www.sec.gov/newsroom/press-releases/2025-114-sec-crypto-task-force-host-roundtable-financial-surveillance-privacy,FALSE
crypto_newsroom.parquet,parquet,https://www.sec.gov/newsroom/press-releases/2025-112-sec-cftc-issue-joint-statement-regulatory-harmonization-efforts-will-co-host-roundtable-sept-29,FALSE
crypto_newsroom.parquet,parquet,https://www.sec.gov/newsroom/speeches-statements/atkins-2025-regulatory-agenda-090425,FALSE
crypto_newsroom.parquet,parquet,https://www.sec.gov/newsroom/press-releases/2025-110-sec-cftc-staff-issue-joint-statement-trading-certain-spot-crypto-asset-products,FALSE
crypto_task_force_meetings.parquet,parquet,https://www.sec.gov/files/ctf-memo-groovy-033026.pdf,FALSE
crypto_task_force_meetings.parquet,parquet,https://www.sec.gov/files/ctf-memo-republic-032526.pdf,FALSE
crypto_task_force_meetings.parquet,parquet,https://www.sec.gov/files/ctf-memo-ripple-rippleprime-katten-muchin-rosenman-llp-032026.pdf,FALSE
crypto_task_force_meetings.parquet,parquet,https://www.sec.gov/files/ctf-memo-infochat-031626.pdf,FALSE
crypto_task_force_meetings.parquet,parquet,https://www.sec.gov/files/ctf-memo-yuma-digital-currency-group-inc-cooley-llp-030926.pdf,FALSE
crypto_task_force_meetings.parquet,parquet,https://www.sec.gov/files/ctf-memo-molecule-ag-cahill-gordon-reindel-llp-030226.pdf,FALSE
crypto_written_input.parquet,parquet,https://www.sec.gov/files/ctf-written-input-sifma-033026.pdf,FALSE
crypto_written_input.parquet,parquet,https://www.sec.gov/files/ctf-written-input-varfacts-032726.pdf,FALSE
crypto_written_input.parquet,parquet,https://www.sec.gov/files/ctf-written-letter-sec-cryptotf-prasaga-03-24-2026.pdf,FALSE
crypto_written_input.parquet,parquet,https://www.sec.gov/files/ctf-written-input-fidelity-investments-032026.pdf,FALSE
crypto_written_input.parquet,parquet,https://www.sec.gov/files/ctf-written-sifma-ats-rfi-letter-03-17-2026.pdf,FALSE
crypto_written_input.parquet,parquet,https://www.sec.gov/files/ctf-written-trustlogic-sec-submission-03-16-2026.pdf,FALSE
crypto_written_input.parquet,parquet,https://www.sec.gov/files/ctf-written-sec-rwa-inquiry-letter-03-16-2025.pdf,FALSE
crypto_written_input.parquet,parquet,https://www.sec.gov/files/ctf-written-sec-crypto-task-force-buglio-030926.pdf,FALSE
crypto_written_input.parquet,parquet,https://www.sec.gov/files/ctf-written-input-coin-center-030526.pdf,FALSE
cryptosec.parquet,parquet,https://www.sec.gov/files/rules/sro/nasdaq/2026/34-105047.pdf,FALSE
cryptosec.parquet,parquet,https://www.sec.gov/files/rules/interp/2026/33-11412.pdf,FALSE
no_action_letters.parquet,parquet,https://www.sec.gov/divisions/corpfin/cf-noaction/2012/pncbank020112-15ga1.htm,FALSE
no_action_letters.parquet,parquet,https://www.sec.gov/divisions/corpfin/cf-noaction/2007/mpef091907-1101.htm,TRUE
no_action_letters.parquet,parquet,https://www.sec.gov/divisions/corpfin/cf-noaction/unisphere011502.htm,FALSE
no_action_letters.parquet,parquet,https://www.sec.gov/divisions/corpfin/cf-noaction/repricingorder.htm,FALSE
no_action_letters.parquet,parquet,https://www.sec.gov/divisions/investment/noaction/etrade113005.htm,FALSE
no_action_letters.parquet,parquet,https://www.sec.gov/divisions/investment/noaction/reflow071502.htm,FALSE
no_action_letters.parquet,parquet,https://www.sec.gov/divisions/investment/noaction/1971/statestreet122771.pdf,FALSE
no_action_letters.parquet,parquet,https://www.sec.gov/divisions/investment/noaction/1971/urban-land-investments-110471-3c5.pdf,FALSE
no_action_letters.parquet,parquet,https://www.sec.gov/divisions/marketreg/mr-noaction/2012/jwolfson072612-15b6.pdf,FALSE
no_action_letters.parquet,parquet,https://www.sec.gov/divisions/marketreg/mr-noaction/2012/rwolfson072612-15b6.pdf,FALSE
no_action_letters.parquet,parquet,https://www.sec.gov/divisions/marketreg/mr-noaction/ubs060806.htm,FALSE
no_action_letters.parquet,parquet,https://www.sec.gov/divisions/marketreg/mr-noaction/isg060394.htm,FALSE
no_action_letters.parquet,parquet,https://www.sec.gov/divisions/corpfin/cf-noaction/2012/pncbank020112-15ga1.htm,FALSE
no_action_letters.parquet,parquet,https://www.sec.gov/divisions/corpfin/cf-noaction/2007/mpef091907-1101.htm,FALSE
no_action_letters.parquet,parquet,https://www.sec.gov/divisions/corpfin/cf-noaction/unisphere011502.htm,FALSE
no_action_letters.parquet,parquet,https://www.sec.gov/divisions/corpfin/cf-noaction/repricingorder.htm,FALSE
press_releases.parquet,parquet,https://www.sec.gov/newsroom/press-releases/2026-32-sec-highlights-financial-independence-during-financial-literacy-month,FALSE
press_releases.parquet,parquet,https://www.sec.gov/newsroom/press-releases/2026-31-sec-approves-amendment-nms-plan-further-reduce-costs-consolidated-audit-trail,FALSE
press_releases.parquet,parquet,https://www.sec.gov/newsroom/press-releases/2026-30-sec-clarifies-application-federal-securities-laws-crypto-assets,FALSE
press_releases.parquet,parquet,https://www.sec.gov/newsroom/press-releases/2026-29-sec-publishes-data-public-private-offerings-municipal-advisors-transfer-agents-securities-based-swap,FALSE
press_releases.parquet,parquet,https://www.sec.gov/newsroom/press-releases/2026-28-sec-proposes-amendments-exchange-act-rule-15c2-11,FALSE
press_releases.parquet,parquet,https://www.sec.gov/newsroom/press-releases/2026-27-sec-announces-enforcement-division-director-judge-margaret-ryan-has-resigned-agency,FALSE
press_releases.parquet,parquet,https://www.sec.gov/newsroom/press-releases/2026-26-sec-cftc-announce-historic-memorandum-understanding-between-agencies,FALSE
press_releases.parquet,parquet,https://www.sec.gov/newsroom/press-releases/2026-25-sec-investor-advisory-committee-host-march-12-meeting,FALSE
press_releases.parquet,parquet,https://www.sec.gov/newsroom/press-releases/2026-24-sec-announces-roundtable-options-market-structure-reform,FALSE
rulemaking_activity.parquet,parquet,https://www.sec.gov/rules-regulations/2026/05/s7-2026-18#33-11419proposed,FALSE
rulemaking_activity.parquet,parquet,https://www.sec.gov/rules-regulations/2026/05/s7-2026-17#33-11418proposed,FALSE
rulemaking_activity.parquet,parquet,https://www.sec.gov/rules-regulations/2026/05/33-11417#33-11417final,FALSE
rulemaking_activity.parquet,parquet,https://www.sec.gov/rules-regulations/2026/05/s7-2026-15#33-11414proposed,FALSE
rulemaking_activity.parquet,parquet,https://www.sec.gov/rules-regulations/2026/05/34-105346#34-105346final,FALSE
rulemaking_activity.parquet,parquet,https://www.sec.gov/rules-regulations/2026/04/s7-2026-13#IA-6959proposed,FALSE
rulemaking_activity.parquet,parquet,https://www.sec.gov/rules-regulations/2026/04/s7-2026-12#34-105251concept,FALSE
rulemaking_activity.parquet,parquet,https://www.sec.gov/rules-regulations/2026/03/s7-2026-09#33-11412interpretive,FALSE
rulemaking_activity.parquet,parquet,https://www.sec.gov/rules-regulations/2026/03/33-11411#33-11411final,FALSE
rulemaking_activity.parquet,parquet,https://www.sec.gov/rules-regulations/2026/03/s7-2026-08#34-105004proposed,FALSE
rulemaking_activity.parquet,parquet,https://www.sec.gov/rules-regulations/2026/02/34-104903#34-104903final,FALSE
rulemaking_activity.parquet,parquet,https://www.sec.gov/rules-regulations/2026/02/s7-16-22#IC-35963final,FALSE
rulemaking_activity.parquet,parquet,https://www.sec.gov/rules-regulations/2026/02/s7-2026-05#IC-35962proposed,FALSE
rulemaking_activity.parquet,parquet,https://www.sec.gov/rules-regulations/2026/01/technical-amendment-delegation-authority-grant-or-deny-exemptions-rule-612-regulation-nms-under#34-104595final,FALSE
rulemaking_activity.parquet,parquet,https://www.sec.gov/rules-regulations/2026/01/s7-2026-01#IA-6935proposed,FALSE
rulemaking_activity.parquet,parquet,https://www.sec.gov/rules-regulations/2025/12/delegation-authority-director-division-investment-management#IA-6934final,FALSE
rulemaking_activity.parquet,parquet,https://www.sec.gov/rules-regulations/2025/12/technical-amendments-commission-rules-forms#33-11398final,FALSE
rulemaking_activity.parquet,parquet,https://www.sec.gov/rules-regulations/2025/12/technical-amendments-commission-forms#34-104349final,FALSE
rulemaking_activity.parquet,parquet,https://www.sec.gov/rules-regulations/2025/09/disclosure-order-execution-information#34-104147final,FALSE
rulemaking_activity.parquet,parquet,https://www.sec.gov/rules-regulations/2025/09/s7-2025-04#33-11391concept,FALSE
rulemaking_activity.parquet,parquet,https://www.sec.gov/rules-regulations/2025/09/34-103980#34-103980final,FALSE
rulemaking_activity.parquet,parquet,https://www.sec.gov/rules-regulations/2025/09/s7-22-22#IA-6919final,FALSE
rulemaking_activity.parquet,parquet,https://www.sec.gov/rules-regulations/2025/09/electronic-submission-certain-material-under-securities-exchange-act-1934-amendments-regarding-focus#33-11386final,FALSE
rulemaking_activity.parquet,parquet,https://www.sec.gov/rules-regulations/2025/06/s7-2025-02#33-11379final,FALSE
rulemaking_activity.parquet,parquet,https://www.sec.gov/rules-regulations/2025/06/s7-11-23#34-103320final,FALSE
rulemaking_activity.parquet,parquet,https://www.sec.gov/rules-regulations/2025/06/33-11378#33-11378final,FALSE
rulemaking_activity.parquet,parquet,https://www.sec.gov/rules-regulations/2025/06/substantial-implementation-duplication-resubmission-shareholder-proposals-under-exchange-act-rule#33-11377final,FALSE
rulemaking_activity.parquet,parquet,https://www.sec.gov/rules-regulations/2025/06/s7-12-23#33-11377final,FALSE
rulemaking_activity.parquet,parquet,https://www.sec.gov/rules-regulations/2025/06/safeguarding-advisory-client-assets#33-11377final,FALSE
rulemaking_activity.parquet,parquet,https://www.sec.gov/rules-regulations/2025/06/cybersecurity-risk-management-investment-advisers-registered-investment-companies-business#33-11377final,FALSE
rulemaking_activity.parquet,parquet,https://www.sec.gov/rules-regulations/2025/06/s7-17-22#33-11377final,FALSE
rulemaking_activity.parquet,parquet,https://www.sec.gov/rules-regulations/2025/06/outsourcing-investment-advisers#33-11377final,FALSE
rulemaking_activity.parquet,parquet,https://www.sec.gov/rules-regulations/2025/06/position-reporting-large-security-based-swap-positions#33-11377final,FALSE
rulemaking_activity.parquet,parquet,https://www.sec.gov/rules-regulations/2025/06/s7-18-23#33-11377final,FALSE
rulemaking_activity.parquet,parquet,https://www.sec.gov/rules-regulations/2025/06/regulation-best-execution#33-11377final,FALSE
rulemaking_activity.parquet,parquet,https://www.sec.gov/rules-regulations/2025/06/order-competition-rule#33-11377final,FALSE
rulemaking_activity.parquet,parquet,https://www.sec.gov/rules-regulations/2025/06/regulation-systems-compliance-integrity#33-11377final,FALSE
rulemaking_activity.parquet,parquet,https://www.sec.gov/rules-regulations/2025/06/cybersecurity-risk-management-rule-broker-dealers-clearing-agencies-major-security-based-swap#33-11377final,FALSE
rulemaking_activity.parquet,parquet,https://www.sec.gov/rules-regulations/2025/06/s7-02-22#33-11377final,FALSE
rulemaking_activity.parquet,parquet,https://www.sec.gov/rules-regulations/2026/05/s7-2026-19#33-11421proposed,FALSE
rulemaking_activity.parquet,parquet,https://www.sec.gov/rules-regulations/2026/05/34-104903#34-104903Afinal,FALSE
rulemaking_activity.parquet,parquet,https://www.sec.gov/rules-regulations/2026/05/34-104903#34-104903final,FALSE
speeches_statements.parquet,parquet,https://www.sec.gov/newsroom/speeches-statements/atkins-remarks-fsoc-032526,FALSE
speeches_statements.parquet,parquet,https://www.sec.gov/newsroom/speeches-statements/peirce-remarks-investment-company-institute-032426,FALSE
speeches_statements.parquet,parquet,https://www.sec.gov/newsroom/speeches-statements/atkins-remarks-digital-asset-summit-032426,FALSE
speeches_statements.parquet,parquet,https://www.sec.gov/newsroom/speeches-statements/riegel-reischauer-sec-speaks-032026-remarks-sec-speaks-2026-kitchen-table-cap-table-making-capital-formation-work-small-businesses,FALSE
speeches_statements.parquet,parquet,https://www.sec.gov/newsroom/speeches-statements/atkins-remarks-sec-speaks-031926-prepared-remarks-sec-speaks,FALSE
speeches_statements.parquet,parquet,https://www.sec.gov/newsroom/speeches-statements/peirce-remarks-sec-speaks-031926,FALSE
speeches_statements.parquet,parquet,https://www.sec.gov/newsroom/speeches-statements/uyeda-remarks-sec-speaks-031926,FALSE
speeches_statements.parquet,parquet,https://www.sec.gov/newsroom/speeches-statements/atkins-remarks-regulation-crypto-assets-031726,FALSE
speeches_statements.parquet,parquet,https://www.sec.gov/newsroom/speeches-statements/moloney-statement-book-of-howey-031726,FALSE
speeches_statements.parquet,parquet,https://www.sec.gov/newsroom/speeches-statements/peirce-statement-exchange-act-rule-15c2-11-031626,FALSE
speeches_statements.parquet,parquet,https://www.sec.gov/newsroom/speeches-statements/atkins-remarks-iac-031226,FALSE
speeches_statements.parquet,parquet,https://www.sec.gov/newsroom/speeches-statements/peirce-remarks-iac-031226,FALSE
speeches_statements.parquet,parquet,https://www.sec.gov/newsroom/speeches-statements/uyeda-remarks-iac-031226,FALSE
speeches_statements.parquet,parquet,https://www.sec.gov/newsroom/speeches-statements/uyeda-remarks-institute-international-bankers-2026-annual-washington-conference-031026,FALSE
speeches_statements.parquet,parquet,https://www.sec.gov/newsroom/speeches-statements/atkins-fostering-regulatory-harmony-between-sec-cftc-031026,FALSE
speeches_statements.parquet,parquet,https://www.sec.gov/newsroom/speeches-statements/daly-remarks-international-bar-association-031026,FALSE
speeches_statements.parquet,parquet,https://www.sec.gov/newsroom/speeches-statements/atkins-remarks-small-business-forum-030926,FALSE
speeches_statements.parquet,parquet,https://www.sec.gov/newsroom/speeches-statements/peirce-founders-funders-forty-five-forums-remarks-45th-annual-small-business-forum-030926,FALSE
speeches_statements.parquet,parquet,https://www.sec.gov/newsroom/speeches-statements/uyeda-remarks-small-business-forum-030926,FALSE
speeches_statements.parquet,parquet,https://www.sec.gov/newsroom/speeches-statements/atkins-remarks-im-private-markets-roundtable-030426,FALSE
speeches_statements.parquet,parquet,https://www.sec.gov/newsroom/speeches-statements/atkins-remarks-at-financial-stability-oversight-council-artificial-intelligence-innovation-series-roundtable-030426,FALSE
whats_new.parquet,parquet,https://www.sec.gov/enforcement-litigation/litigation-releases/lr-26517,FALSE
whats_new.parquet,parquet,https://www.sec.gov/enforcement-litigation/litigation-releases/lr-26516,FALSE
whats_new.parquet,parquet,https://www.sec.gov/enforcement-litigation/litigation-releases/lr-26515,FALSE
whats_new.parquet,parquet,https://www.sec.gov/files/litigation/admin/2026/34-105122.pdf,FALSE
whats_new.parquet,parquet,https://www.sec.gov/enforcement-litigation/litigation-releases/lr-26514,FALSE
whats_new.parquet,parquet,https://www.sec.gov/enforcement-litigation/litigation-releases/lr-26513,FALSE
whats_new.parquet,parquet,https://www.sec.gov/enforcement-litigation/litigation-releases/lr-26512,FALSE
whats_new.parquet,parquet,https://www.sec.gov/enforcement-litigation/litigation-releases/lr-26511,FALSE
whats_new.parquet,parquet,https://www.sec.gov/enforcement-litigation/litigation-releases/lr-26509,FALSE
whats_new.parquet,parquet,https://www.sec.gov/enforcement-litigation/litigation-releases/lr-26510,FALSE
whats_new.parquet,parquet,https://www.sec.gov/enforcement-litigation/litigation-releases/lr-26508,FALSE
whats_new.parquet,parquet,https://www.sec.gov/enforcement-litigation/litigation-releases/lr-26507,FALSE
whats_new.parquet,parquet,https://www.sec.gov/files/litigation/admin/2026/34-105095.pdf,FALSE
whats_new.parquet,parquet,https://www.sec.gov/files/litigation/admin/2026/34-105092.pdf,FALSE
whats_new.parquet,parquet,https://www.sec.gov/files/litigation/opinions/2026/34-105084.pdf,FALSE
whats_new.parquet,parquet,https://www.sec.gov/files/litigation/opinions/2026/34-105076.pdf,FALSE
whats_new.parquet,parquet,https://www.sec.gov/files/litigation/opinions/2026/34-105075.pdf,FALSE
whats_new.parquet,parquet,https://www.sec.gov/files/litigation/opinions/2026/34-105074.pdf,FALSE
whats_new.parquet,parquet,https://www.sec.gov/enforcement-litigation/litigation-releases/lr-26506,FALSE
whats_new.parquet,parquet,https://www.sec.gov/files/litigation/opinions/2026/34-105068.pdf,FALSE
whats_new.parquet,parquet,https://www.sec.gov/enforcement-litigation/litigation-releases/lr-26505,FALSE
whats_new.parquet,parquet,https://www.sec.gov/files/litigation/admin/2026/34-105067.pdf,FALSE
whats_new.parquet,parquet,https://www.sec.gov/enforcement-litigation/litigation-releases/lr-26504,FALSE
whats_new.parquet,parquet,https://www.sec.gov/files/litigation/opinions/2026/34-105051.pdf,FALSE
whats_new.parquet,parquet,https://www.sec.gov/files/litigation/admin/2026/34-105042.pdf,FALSE
whats_new.parquet,parquet,https://www.sec.gov/enforcement-litigation/litigation-releases/lr-26503,FALSE
whats_new.parquet,parquet,https://www.sec.gov/files/litigation/admin/2026/ia-6953.pdf,FALSE
whats_new.parquet,parquet,https://www.sec.gov/enforcement-litigation/litigation-releases/lr-26502,FALSE
whats_new.parquet,parquet,https://www.sec.gov/enforcement-litigation/litigation-releases/lr-26501,FALSE
whats_new.parquet,parquet,https://www.sec.gov/enforcement-litigation/litigation-releases/lr-26500,FALSE
whats_new.parquet,parquet,https://www.sec.gov/files/litigation/admin/2026/34-105022.pdf,FALSE
whats_new.parquet,parquet,https://www.sec.gov/files/litigation/opinions/2026/34-105021.pdf,FALSE
whats_new.parquet,parquet,https://www.sec.gov/files/litigation/opinions/2026/34-104998.pdf,FALSE
whats_new.parquet,parquet,https://www.sec.gov/files/litigation/opinions/2026/34-104997.pdf,FALSE
whats_new.parquet,parquet,https://www.sec.gov/files/litigation/opinions/2026/34-104996.pdf,FALSE
whats_new.parquet,parquet,https://www.sec.gov/newsroom/press-releases/2026-27-sec-announces-enforcement-division-director-judge-margaret-ryan-has-resigned-agency,FALSE
whats_new.parquet,parquet,https://www.sec.gov/files/litigation/admin/2026/34-104994.pdf,FALSE
whats_new.parquet,parquet,https://www.sec.gov/files/litigation/admin/2026/34-104993.pdf,FALSE
whats_new.parquet,parquet,https://www.sec.gov/files/litigation/admin/2026/34-104992.pdf,FALSE
whats_new.parquet,parquet,https://www.sec.gov/files/litigation/admin/2026/34-104991.pdf,FALSE
whats_new.parquet,parquet,https://www.sec.gov/files/litigation/admin/2026/34-104990.pdf,FALSE
whats_new.parquet,parquet,https://www.sec.gov/files/litigation/opinions/2026/34-104987.pdf,FALSE
whats_new.parquet,parquet,https://www.sec.gov/files/litigation/opinions/2026/34-104986.pdf,FALSE
whats_new.parquet,parquet,https://www.sec.gov/enforcement-litigation/litigation-releases/lr-26499,FALSE
whats_new.parquet,parquet,https://www.sec.gov/files/litigation/opinions/2026/34-104974.pdf,FALSE
whats_new.parquet,parquet,https://www.sec.gov/files/litigation/opinions/2026/34-104972.pdf,FALSE
whats_new.parquet,parquet,https://www.sec.gov/files/litigation/admin/2026/34-104963.pdf,FALSE
whats_new.parquet,parquet,https://www.sec.gov/enforcement-litigation/litigation-releases/lr-26498,FALSE
whats_new.parquet,parquet,https://www.sec.gov/files/litigation/admin/2026/34-104938.pdf,FALSE
whats_new.parquet,parquet,https://www.sec.gov/enforcement-litigation/litigation-releases/lr-26497,FALSE
whats_new.parquet,parquet,https://www.sec.gov/files/litigation/admin/2026/34-104937.pdf,FALSE
whats_new.parquet,parquet,https://www.sec.gov/files/litigation/admin/2026/34-104936.pdf,FALSE
whats_new.parquet,parquet,https://www.sec.gov/files/litigation/admin/2026/34-104935.pdf,FALSE
whats_new.parquet,parquet,https://www.sec.gov/files/litigation/admin/2026/34-104934.pdf,FALSE
whats_new.parquet,parquet,https://www.sec.gov/files/litigation/opinions/2026/34-104930.pdf,FALSE
whats_new.parquet,parquet,https://www.sec.gov/files/litigation/admin/2026/ia-6951.pdf,FALSE
whats_new.parquet,parquet,https://www.sec.gov/files/litigation/admin/2026/ia-6950.pdf,FALSE
whats_new.parquet,parquet,https://www.sec.gov/files/litigation/admin/2026/34-104916.pdf,FALSE
whats_new.parquet,parquet,https://www.sec.gov/files/litigation/admin/2026/34-104915.pdf,FALSE
whats_new.parquet,parquet,https://www.sec.gov/files/litigation/admin/2026/34-104913.pdf,FALSE
whats_new.parquet,parquet,https://www.sec.gov/files/litigation/admin/2026/34-104911.pdf,FALSE
