id,date,title,title_url,text,speaker,vectorized
3,2025-02-20,There Must Be Some Way Out of Here,https://www.sec.gov/newsroom/speeches-statements/peirce-statement-rfi-022125,"# There Must Be Some Way Out of Here
> There Must be Some Way Out of Here Commissioner Hester M. Peirce February 21, 2025

## More in this Section
More in this Section Newsroom Press Releases Speeches & Statements Meetings & Events SEC Videos Social Media Directory What's New Newsroom Press Releases Speeches & Statements Meetings & Events SEC Videos Social Media Directory What's New Home Newsroom Speeches and Statements There Must Be Some Way Out of Here Statement There Must Be Some Way Out of Here Commissioner Hester M. Peirce Washington D.C. Feb. 21, 2025 [1] Five years ago, I remarked that “figuring out how to deal with the SEC on crypto issues [was] like a regulatory version of an escape room.” [2] Now it is time to help open the door. The Task Force, which is composed of exceptional Commission staff, is working on the unlock with other expert, dedicated staff across the Commission. Greater crypto clarity, however, requires the public’s input. We welcome input from anyone in the public with an interest in these topics, and a wide range of perspectives (including from skeptics) will make that input richer. This document invites such input by posing some of the questions with which the Task Force is wrestling. The Task Force is actively considering solutions to many of the issues presented. However, your input can significantly aid in that process. As always, let me start with several disclaimers. My views are my own as a Commissioner and not necessarily those of the Commission or my fellow Commissioners. These questions are not a roadmap to actions the Commission or its staff will take. They are not meant to limit the discussion, so feel free to pose and answer other questions and to address topics that we have not raised. The scope of this inquiry is expansive and calls on the particularized knowledge of a broad range of people. The Task Force welcomes your responses to as many of the questions as you would like to address, but do not feel compelled to swim outside your lane. To aid readers, we have drafted questions with a potential taxonomy in mind: First, crypto assets that are securities because they have the intrinsic characteristics of securities; Second, crypto assets that are offered and sold as part of an investment contract, which is a security, even though the crypto asset may not itself be a security; Third, tokenized securities; and Finally, all other crypto assets, which are not securities, in my view, and are currently the biggest category. The Task Force welcomes your thoughts as to the best paths to improve this taxonomy. The questions below identify some statutes and rules that may present challenges to firms seeking to innovate with crypto assets and blockchain technology, but please identify other federal laws, or state corporate or commercial laws, that present challenges to innovation by Commission registrants. We are looking for creative solutions that comport with the Commission’s statutory framework. The Commission’s three-part mission will guide our work: 1) protecting investors, 2) maintaining fair, orderly, and efficient markets, and 3) facilitating capital formation. Because we hope to make rapid progress and would like to foster a dynamic discussion among respondents, we would appreciate your timely responses but will welcome input at any time. We plan to continue making progress in the meantime, so the earlier we receive your input the more likely it is to inform the options for consideration. Thank you in advance for your help. Finally, as the Task Force works on the issues below, the Commission’s efforts continue unabated to combat fraud involving securities, including crypto assets that are securities or that were offered and sold as part of an investment contract, and tokenized securities. The Commission welcomes the public’s tips about securities violations. [3] Security Status Blockchain technology has given rise to novel assets that rely on cryptographic protocols for their existence (“crypto assets”). Market participants have expressed a reasonable desire to determine with ease whether such an asset is a security or is being offered or sold as part of an investment contract. When crypto assets that are sold along with promises of future work to develop the ecosystem within which those assets operate, analyzing them under Howey’s investment contract test can be difficult. [4] Market participants have expressed concern that the Howey test, as the Commission has applied it, is a complex analysis that can be difficult to apply consistently. One of the Task Force’s goals is to make it easier for investors, market participants, and the Commission to categorize crypto assets and crypto asset transactions. To that end, the Task Force is considering questions, including the following: What type of regulatory taxonomy would provide a predictable, legally precise, and economically rational approach to determining the security status of crypto assets and transactions in such assets without undermining settled approaches for evaluating the security status of non-crypto assets and transactions? Should the Commission address when crypto assets fall within any category of financial instruments, other than investment contracts, that are specifically listed in the definition of “security” in the federal securities laws? [5] Certain crypto assets are used in a variety of functions inherent to the operation of a blockchain network, such as mining or staking as part of a consensus mechanism or securing the network, validating transactions or other related activities on the network, and paying transaction or other fees on the network. These technology functions may be conducted directly or indirectly, such as through third-party service providers. What types of technology functions are inherent to the operation of a blockchain network? Should the Commission address the status of technology functions under the federal securities laws and, if so, what issues should be addressed? Users of liquid staking applications receive a so-called “liquid staking token.” This token represents their staked crypto asset, and the token can be used in other activities, all while continuing to participate in the proof-of-stake protocol. Should the Commission address the status of liquid staking tokens under the federal securities laws, and, if so, what issues should it address? Scoping Out The Commission may be able to provide greater clarity to investors and other market participants by identifying categories of crypto assets (and transactions) that do not fall within its authority. In some cases, these types of crypto assets may be within another regulator’s authority. In determining what falls outside the Commission’s authority, the Commission should look to the economic reality of what is being offered or sold. Simply saying something is not a security does not mean it is not a security. Should the security status of certain categories of crypto assets be addressed, such as stablecoins, wrapped tokens, and NFTs? How can the Commission establish a workable taxonomy while remaining merit- and technology-neutral? Public Offerings People who have conducted or attempted to conduct registered or qualified token offerings have expressed frustration about the cost and feasibility of registration. Tokens and their issuers can differ significantly in some aspects from traditional securities and their issuers. Allowing token issuers to use appropriately tailored registration regimes may protect investors better than insisting that they use registration forms and mechanisms that are designed for other types of securities offerings. Could disclosure guidance and/or targeted relief address the concern, or are new forms or other mechanisms needed? Should the Commission develop tailored disclosure requirements for offerings or classes of specific categories of crypto assets? What types of disclosures would be important for investor protection? Should disclosure occur both at the time of sale and on an ongoing basis? If so, what information should the ongoing disclosure contain and how should that disclosure occur? Does Regulation A under the Securities Act, including the disclosure and ongoing reporting requirements, provide a useful vehicle to conduct offerings of crypto assets? Would revising aspects of Regulation A make it more useful for crypto asset offerings? Safe Harbor from Registration I previously proposed that the Commission consider putting in place a non-exclusive safe harbor—provisionally called Rule 195—that would, among other things, provide a time-limited exemption from the registration requirements under the Securities Act for offers and sales of crypto assets during the development of a blockchain project. [6] My motivation for suggesting such a safe harbor was to enhance and encourage disclosure and provide network developers with a grace period within which, under certain conditions, they can facilitate broad participation in and the development of a functional or decentralized network. At the end of the safe harbor’s term, token transactions may not be securities transactions if the network had matured into a decentralized or functioning network that is not dependent on a single person or group to carry out the essential managerial or entrepreneurial efforts. The safe harbor, which would include tailored disclosures subject to the antifraud provisions in the federal securities laws, is intended to respond to the concern that the disclosure requirements under the federal securities laws applicable to registration and offering statements, as well as ongoing reporting, are not tailored for blockchain projects and crypto assets. To be clear, any safe harbor the Task Force recommends will not offer protection for perpetrators of securities fraud. Should the Commission consider a version of Rule 195, my proposed token safe harbor? Is the iteration on my proposed safe harbor known as “Safe Harbor X,” [7] or some other iteration, a better approach? Should the safe harbor be available retroactively for projects that comply with the disclosure requirements? If a safe harbor of some form is the right approach, what disclosure requirements would be feasible for early-stage projects to provide to token purchasers the material information regarding the blockchain project, crypto assets, and development team? What information should be required to be updated on an ongoing basis, and how should that information be provided? At the expiration of the safe harbor as envisioned, if the network were sufficiently decentralized or functional, registration of the tokens would not be required. If decentralization is used as an indicator of network maturity, should the Commission define objective quantitative thresholds (such as percentage thresholds for ownership and control) to provide greater clarity for issuers, developers, or minters of tokens regarding whether their networks and protocols are sufficiently decentralized and to allow third parties to verify decentralization? Is dispersion of control a better framework than decentralization? If so, how should ownership of governance tokens and voting rights be considered in assessing dispersion of control? How should the delegation of voting rights be taken into account? If an exit marker is achieved, who should be responsible for notifying the Commission? How should the decentralization of a deployed protocol best be evaluated? How should permissioned aspects of crypto-adjacent software or participant roles, such as validators, relayers, and sequencers, be considered? Are there tech-neutral thresholds that can be agreed upon for determining thresholds for decentralization? Trading Secondary market trading of crypto assets raises a variety of issues, some of which may fall within the Commission’s authority. The Commission’s authority in secondary markets generally is limited to assets that themselves are securities based on their intrinsic economic properties or rights, so we have to grapple with how to regulate platforms and market participants that trade securities alongside non-securities. Should the Commission create a new entity registration status with tailored registration requirements for any platform that trades crypto assets that are securities? Should the Commission use or adapt the existing requirements for national securities exchange registration or the alternative trading system exemption from such registration, and if so, how? What updates to the Commission rulebook are needed for side-by-side pairs trading of securities and non-security crypto assets to allow for enhanced interoperability and composability in finance? Does execution in offchain order books or on blockchain networks pose complexities for broker-dealers in satisfying any applicable best execution obligations? Does onchain execution pose complexities for broker-dealers in satisfying their best execution obligations, given onchain complexities such as transaction ordering and block construction? Should any rules, guidelines, or disclosures be modified to address broker-dealer execution reasonably available under the circumstances in offchain and onchain trading environments? The crypto markets are inherently transparent because they use open-source data, from public blockchains to open application programming interfaces (“APIs”). Are there programmatic/technological ways that crypto market participants, intermediaries, potential self-regulatory organizations, or regulators can monitor crypto markets using open-source data? How would this take into consideration nested accounts on centralized exchanges, given that this activity may not appear in public ledgers? Is open-source data sufficient for the market to monitor trading and therefore what non-public information might warrant mandatory disclosure? What sort of open-source tools can be used for enhanced transparency, such as proof of reserves, or proof of holdings? What are the limitations of such tools and such data? With the understanding that both APIs and public ledgers can provide order books, what would be a good strategy for regulators to efficiently ingest and analyze order book data? How can the regulators leverage publicly available data to become more efficient and alleviate regulatory burdens? How should Commission registrants assess Maximal Extractable Value (“MEV”) when they consider building or transacting in these environments? How best should Commission registrants delineate between the different types of MEV occurring onchain? In what ways is the market addressing the MEV in which MEV extractors order or re-order transactions to engage in front running, back running, or so-called “sandwich attacks”? Custody Market participants have broad and specific questions regarding custody requirements for Commission regulated entities—broker-dealers, investment advisers, and investment companies—including whether existing requirements suffice for custodying crypto assets. The Task Force is seeking input on answers to these questions so that individuals and organizations can safely, legally, and practicably custody client crypto assets themselves or with a third party. Should the Commission amend existing rules, propose new rules, or provide guidance to facilitate custody arrangements for crypto assets? If so, what rule amendments or new rules would be appropriate, and to which types of activities should they apply? Should the Commission propose any specific changes to its rules to accommodate the self-custody of crypto assets by entities registered with the Commission? If so, what conditions should apply to self-custody arrangements to mitigate any related risks? Should the requirements for crypto assets that are securities and those that are not differ? Public, permissionless blockchains are being used to tokenize permissioned assets. To the extent the custody rules for broker-dealers, investment advisers, and investment companies are implicated, how should the Commission differentiate between native crypto assets of permissionless blockchains and tokenized permissioned assets? Does either type of crypto asset present greater risks of theft or loss? Are there commonly accepted practices and standards for auditing and accounting for crypto asset investments and transactions, including those related to valuation? How about with respect to verifying the existence and valuation of crypto assets, both among auditors and attestation providers (including non-accountant providers)? Should the Commission propose additional or specific requirements to address the unique nature of crypto assets? Broker-Dealer Custody and Other Financial Responsibility Requirements Should the Commission modify its Special Purpose Broker-Dealer Statement (“SPBD Statement”) or formally withdraw it? If the former, what should those modifications be? For example, should the Commission expand the SPBD Statement to cover broker-dealers that custody crypto asset securities alongside crypto assets that are not securities? If the Commission decides to eliminate the SPBD Statement, should the Commission propose any modifications to the customer protection rule (17 CFR 240.15c3-3) to address crypto assets? The net capital rule (17 CFR 240.15c3-1) requires a broker-dealer to maintain sufficient liquid assets to meet all liabilities, including obligations to customers, counterparties, and other creditors and to have adequate additional resources to wind down its business in an orderly manner, without the need for a formal proceeding if the firm fails financially. Under the net capital rule, assets held by a broker-dealer must be readily convertible into cash to count as allowable for meeting minimum net capital requirements ( e.g. , intangible assets, furniture, fixtures, equipment, and most unsecured receivables are not readily convertible into cash under the rule and, therefore, do not qualify as allowable net capital). How should a given crypto asset be evaluated to assess whether it is readily convertible into cash? Under the net capital rule, securities and commodities are treated as readily convertible into cash. However, they are subject to deductions (known as haircuts) to account for the market, credit, liquidity, basis, and other risks inherent in the instrument. The haircuts range from 0 to 100 percent. For example, exchange-traded equity securities have a 15 percent haircut, while securities without a ready market ( e.g. , securities that are not exchange traded) are subject to haircuts as high as 100 percent. Commodities are subject to a 20 percent haircut. How should crypto assets be evaluated to determine the appropriate haircut to apply? The recordkeeping rules for broker-dealers (17 CFR 240.17a-3 and 17 CFR 240.17a-4) require the creation and maintenance of accounting and operational records designed to assist a firm in tracking and understanding its assets, liabilities, positions, and obligations to customers ( e.g. , cash owed to customers and securities held for customers). What challenges, if any, do the requirements of these recordkeeping rules present with respect to crypto assets that are not an issue for traditional securities? What modifications to the rules could address these challenges? Should crypto assets generally be treated as if they are traditional securities for purposes of these recordkeeping rules? Investment Adviser Custody and Other Requirements What challenges do registered investment advisers (“RIAs”) face in complying with the Investment Advisers Act of 1940 (“Advisers Act”) as it relates to investments in crypto assets that are securities? What common practices, if any, have developed to address these challenges? Could best execution or recordkeeping obligations, or compliance with Form ADV or Form PF disclosure requirements, be clearer in the crypto asset context? Do any crypto asset characteristics or market structures place advisory client crypto assets at a greater or different risk of theft, loss, or misappropriation? If so, how can those risks be addressed? Can RIAs trade, stake, vote, or otherwise participate without moving crypto assets outside a qualified custodian? Should the Commission amend the existing RIA custody rule to provide an exception to allow RIAs to move client crypto assets temporarily out of qualified custodial arrangements to engage in staking, voting, or other novel participatory features of crypto assets? If so, should that exception be subject to time limits or other limitations or requirements? What clarifications, if any, are needed in the Advisers Act regulations to address the cold or hot storage of crypto assets held in custody on behalf of a client? What requirements, if any, should the Commission consider for the custody of crypto assets held in each type of wallet on behalf of a client? Should the requirements be the same for both types of wallets? How would a requirement to maintain custody of some or all crypto assets in either cold or hot storage affect an adviser’s ability to transact in those crypto assets or otherwise implement its investment strategy? What means are available to mitigate the risks related to maintaining crypto assets in hot storage? Investment Company Custody What challenges do registered investment companies (“funds”) face in complying with section 17(f) of the Investment Company Act and the rules thereunder (governing custody) with respect to investments in crypto assets? Are any specific requirements of section 17(f) or the rules thereunder categorically inconsistent with custody of crypto assets? Do funds anticipate that custodians currently eligible to act as fund custodians under the Investment Company Act and the custody rules ( e.g. , banks, foreign banks, broker-dealers) will offer fund custodial services for crypto assets? Can a fund comply with the requirements of section 17(f) and the rules thereunder when trading, staking, voting, or otherwise engaging with crypto assets in which it invests? Should the Commission consider any changes to rule 17f-2 (the self-custody rule) or any other rules to facilitate transactions in crypto assets, and if so, what tailored conditions should the Commission propose to mitigate any related risks? Should any provisions relating to investment company custody be revised to account for investment activities or other transactions that are unique to crypto assets ( e.g. , staking, mining, airdrops)? Do the existing custody rules present obstacles to such activities or transactions? How might these activities or transactions place a fund’s assets at risk of theft or loss? Crypto Lending Crypto platforms may offer custodial and noncustodial services through which people can lend their crypto assets in return for interest. Crypto lending concepts vary widely, challenging many traditional notions of financial products. I would welcome any input you have on these diverse products to ensure the Commission has an adequate understanding. How should the Commission approach various crypto lending concepts in a way that doesn’t stifle the potential opportunities they provide? Participation in traditional securities lending programs, such as fully paid securities lending programs offered by broker-dealers, generally does not represent a new securities transaction or implicate Investment Company Act registration requirements. How are crypto lending programs similar to or different from traditional securities lending programs? Crypto Exchange-Traded Products (“ETPs”) Exchange Act Section 6(b)(5) requires that an exchange’s rules be designed to prevent fraudulent and manipulative acts and practices. In reviewing listing applications for crypto asset-based ETPs, the Commission previously has considered whether the exchange has a comprehensive surveillance-sharing agreement (“SSA”) with a regulated market of significant size related to the underlying or reference assets. How should the Commission address listing applications for crypto asset-based ETPs going forward? If the listing exchange does not have an SSA with a regulated market and no regulated market for the crypto asset underlying an ETP exists, could the listing exchange address concerns regarding fraud and manipulation based on the size and liquidity of the underlying spot market? What would be an appropriate measure of size and liquidity that would address these concerns? Are there more appropriate ways to address concerns regarding fraud and manipulation? How should the Commission consider market capitalization, unique number of wallets, trading volume, the number of spot markets, geographic distribution of spot markets, size and frequency of price divergences, or speed of price convergence/arbitrage? How should the Commission consider crypto asset-based ETPs that are investing in assets that are already referenced in crypto asset-based exchange-traded funds registered as investment companies under the Investment Company Act? What factors should the Commission consider with respect to an SSA between an exchange listing an ETP on a crypto asset and a spot crypto market? How should the Commission weigh the reliability, frequency, and dissemination of pricing information on the crypto assets underlying the ETP in its consideration? Tokenized Securities Creating a digital representation of a security on a blockchain or issuing a security directly on a blockchain does not change the substance of the security but may benefit issuers and investors. Moreover, the use of a blockchain-based database may be more secure in some respects than using a centralized database with a single point of failure. Tokenization also may give rise to unique risks and challenges. Tokenization enables dematerialized securities to be mobilized ( i.e. , not held in and confined to a single centralized ledger). Are there any provisions under the federal securities laws that prevent these securities from being used in new blockchain-based transactions and applications, and, if so, what steps should the Commission consider taking to facilitate this innovation while mitigating any related risks? Are there amendments or new rules that the Commission should consider to ensure a merit- and technology-neutral approach to tokenization? Does the type of blockchain used ( i.e. , permissioned versus permissionless) bear on this risk assessment? How do the programmability and composability properties of blockchain technology and blockchain-based technologies, such as smart contracts, affect the role of a transfer agent? Are there provisions in the transfer agent rules that prevent transfer agents from using blockchain technology for this purpose to the fullest extent possible? Is an offchain record still needed as an official or a complementary record in a tokenization arrangement? Are there any legal or regulatory impediments to using onchain identity solutions? Does the tokenization of redeemable registered investment company securities, such as those of a mutual fund or money market fund, raise any unique issues under the Investment Company Act or the rules thereunder? Would secondary transactions in these securities ( e.g. , peer-to-peer transactions or transactions occurring on or through an ATS) require relief from any provisions of the Investment Company Act? If so, should the Commission propose any changes to facilitate tokenization of registered investment company securities, and what should any such conditions be? How should the Commission approach tokenized securities that seek to maintain a stable value and may be designed to be used as a means of payment or settlement? What are the challenges and impediments to the usability and transferability of these tokenized securities, particularly securities issued by offchain entities ( e.g. , registered investment companies)? Should transactions involving the use of these tokenized securities as a means of payment be treated differently from other security-based transactions? Do other federal laws, or state corporate or commercial laws present challenges to firms seeking to issue tokenized securities or engage in activities involving tokenized securities? The Commission recently adopted rule amendments to shorten the standard settlement cycle for most broker-dealer transactions from “T+2” to “T+1,” subject to certain exceptions. Tokenization is often characterized as an innovation that facilitates instant or simultaneous settlement (“atomic settlement”) if all parts of a transaction are executed and settled on the same blockchain. What are the benefits of atomic settlement, and what are the risks? Should the Commission consider taking any actions that would encourage adoption of atomic settlement? What issues are raised by the tokenization of securities subject to National Market System (“NMS”) requirements? Should the Commission clarify any requirements or provide relief from any requirements under Regulation NMS? Are there any other SEC rules that should be clarified or amended to address the trading of tokenized equity or debt securities? Sandbox and Related International Issues Last year, I proposed the creation of a micro-innovation sandbox (“Sandbox”), which could be used for small-scale projects, including tokenization and blockchain projects. [8] Would the Sandbox help foster tokenization and blockchain innovation? What types of products and services across the fintech landscape would firms like to test in the Sandbox? What regulatory, technical, and operational barriers pose the biggest challenges to innovation in this space? Could the Sandbox mitigate those challenges? Could a cross-border Sandbox address challenges that U.S. and non-U.S. firms face when attempting to innovate in multiple jurisdictions? If so, how should the Commission structure it to operate globally? Do sandboxes in other jurisdictions serve as a good model? How to Provide Feedback Members of the public interested in providing input on these or other related matters may do so using the written submission form for input to the Crypto Task Force on the Commission’s website. Members of the public also may request a meeting to discuss their feedback on these and other related matters via the meeting request form on the Commission’s website. [1] Hat tip to Bob Dylan. See Bob Dylan, “All Along the Watchtower,” https://www.youtube.com/watch?v=9xpphVwyLMQ . Dylan’s dialogue is between a joker and a thief. The lack of regulatory clarity has fostered an environment in which jokers and thieves thrive, while legitimate crypto projects struggle. This document is part of the effort to change that environment. [2] Hester Peirce (@HesterPeirce), Twitter (Jul. 8, 2019, 2:48 pm), https://x.com/HesterPeirce/status/1148302756643594240 . [3] Securities and Exchange Commission, Information About Submitting a Whistleblower Tip, https://www.sec.gov/enforcement-litigation/whistleblower-program/information-about-submitting-whistleblower-tip . [4] SEC v. W.J. Howey Co. , 328 U.S. 293 (1946). [5] Under the Securities Act of 1933, as amended (the “Securities Act”), the definition of “security” means any note, stock, treasury stock, security future, security-based swap, bond, debenture, evidence of indebtedness, certificate of interest or participation in any profit-sharing agreement, collateral-trust certificate, preorganization certificate or subscription, transferable share, investment contract, voting-trust certificate, certificate of deposit for a security, fractional undivided interest in oil, gas, or other mineral rights, any put, call, straddle, option, or privilege on any security, certificate of deposit, or group or index of securities (including any interest therein or based on the value thereof), or any put, call, straddle, option, or privilege entered into on a national securities exchange relating to foreign currency, or, in general, any interest or instrument commonly known as a “security,” or any certificate of interest or participation in, temporary or interim certificate for, receipt for, guarantee of, or warrant or right to subscribe to or purchase any of the foregoing. The definition of “security” under the Securities Exchange Act of 1934, as amended (the “Exchange Act”), is virtually identical. [6] Commissioner Hester M. Peirce, Token Safe Harbor Proposal 2.0 (April 13, 2021), https://www.sec.gov/newsroom/speeches-statements/peirce-statement-token-safe-harbor-proposal-20 . [7] SafeHarbor X: Proposed Safe Harbor – Exemption for Qualifying Distributions of Autonomous Cryptotokens, https://github.com/lex-node/SafeHarbor-X . [8] Commissioner Hester M. Peirce, Comment on Digital Securities Sandbox Joint Bank of England and Financial Conduct Authority Consultation Paper (May 29, 2024), https://www.sec.gov/newsroom/speeches-statements/peirce-boe-fca-comment-05302024 .",Hester M. Peirce,True
5,2025-02-03,The Journey Begins,https://www.sec.gov/newsroom/speeches-statements/peirce-journey-begins-020425,"# The Journey Begins
> The Journey Begins Commissioner Hester M. Peirce February 4, 2025

## More in this Section
More in this Section Newsroom Press Releases Speeches & Statements Meetings & Events SEC Videos Social Media Directory What's New Newsroom Press Releases Speeches & Statements Meetings & Events SEC Videos Social Media Directory What's New Home Newsroom Speeches and Statements The Journey Begins Statement The Journey Begins Commissioner Hester M. Peirce Washington D.C. Feb. 4, 2025 When I was a child, my family took an annual road trip from Ohio to Maine and back. It was a different era. No cell phones to call for help if something went wrong with the car. Paper maps and directions written on scraps of paper, instead of a phone app to give you step-by-step directions. Forget hopping on the web to book a hotel; you just had to look for signs in the distance and stop in to see if there was a vacancy. No podcasts or audiobooks, just a scratchy radio straining to find a local station. Instead of watching videos on screens in the back, my brothers and I were scanning passing cars’ license plates to “collect” the states in a no-tech road-trip game. Road trips are very different these days. In most ways, technology has made them a more enjoyable and less risky endeavor. The crypto road trip on which the newly announced Crypto Task Force [1] has embarked likewise should be more enjoyable and less risky than the crypto road trip the Commission has taken the industry on for the last decade. On that last trip, the Commission refused to use regulatory tools at its disposal and incessantly slammed on the enforcement brakes as it lurched along a meandering route with a destination not discernible to anyone. But just as modern technology does not eliminate the risks of taking to the open road, this new journey toward regulatory clarity still presents dangers, and both the Commission and the public need to stay alert and aware of the risks and opportunities that may lie ahead. I am delighted to be accompanied on the journey by a wonderful team of talented SEC staff, and we look forward to engaging with many enthusiastic members of the public who will help us navigate on this journey. With all that assistance, I am hopeful that we will arrive at a place that is better than we could have imagined as we were careening down the road on the previous crypto road trip. Before I discuss the promise and opportunity the task force represents, let me offer some important disclaimers. First, despite now being charged with leading the SEC’s new Crypto Task Force, the views that I express are my own as a Commissioner and not necessarily those of the SEC or my fellow Commissioners. Commission positions always require a vote of the Commission. Second, it took us a long time to get into this mess, and it is going to take us some time to get out of it. The Commission has engaged with the crypto industry in one form or another for more than a decade. The first bitcoin exchange-traded product application hit our doorstep in 2013, and the Commission brought a fraud case that had a tangential crypto element that same year. [2] In 2017, we issued the DAO Section 21(a) report, which reflected the first application of the Howey test in this context. [3] Since then, there have been many enforcement actions, a number of no-action letters, some exemptive relief, endless talk about crypto in speeches and statements, lots of meetings with crypto entrepreneurs many inter-agency and international crypto working groups, discussion of certain aspects of crypto in rulemaking proposals, consideration of crypto-related issues in reviews of registration statements and other filings, and approval of numerous SRO proposed rule changes to list crypto exchange-traded products. Throughout this time, the Commission’s handling of crypto has been marked by legal imprecision and commercial impracticality. Consequently, many cases remain in litigation, many rules remain in the proposal stage, and many market participants remain in limbo. Determining how best to disentangle all these strands, including ongoing litigation, will take time. It will involve work across the whole agency and cooperation with other regulators. Please be patient. The Task Force wants to get to a good place, but we need to do so in an orderly, practical, and legally defensible way. Third, the Task Force wants to travel to a destination where people have great freedom to experiment and build interesting things, and which will not be a haven for fraudsters. One of the reasons the U.S. capital markets are so robust, efficient, and effective is that we have rules designed to protect investors and the integrity of the marketplace, and we enforce those rules. We do not tolerate liars, cheaters, and scammers. As the Task Force works to help develop this regulatory framework, it will give careful consideration to antifraud protections. If the Commission spots fraud that lies outside our jurisdiction, it can refer the matter to a sister regulator. If it does not fall within any regulator’s jurisdiction, the Commission can bring that gap to Congress’s attention. Fourth, the Task Force is working to help create a regulatory framework that both achieves the Commission’s important regulatory objectives—including protecting investors—and preserves industry’s ability to offer products and services. This framework will be within the statutory authority given to the Commission, and we will work with other regulators operating within their own statutory authorities. The statutes already on the books do not allow a free-for-all for products that fall within our jurisdiction. Congress has put parameters in place, and the Commission will apply them. Congress also has given us exemptive authority, and the Commission will use it, as appropriate. Where Congress has directed the Commission to impose requirements on market participants, SEC rules will not let you do whatever you want, whenever you want, however you want. Some of these rules will impose costs and other compliance burdens that some may find irritating, and the Commission will use its enforcement tools when necessary to pursue noncompliance. Fifth, the Commission staff is working hard to process applications for exemptive relief, requests for no-action letters, and registration statements, but an uptick in the volume is likely to prove challenging. Adherence to technical and legal requirements, well-reasoned legal analysis, and thorough and timely responses to staff questions help to conserve Commission resources and makes for a quicker, smoother trip toward the destination of greater regulatory clarity. As always, such diligence will help an application move through the approval process more smoothly; conversely, the absence of it may cause unnecessary delays. Being first in the door may not mean being first out the door. Sixth, the new commitment to a better regulatory environment should not be viewed as an endorsement of any crypto coin or token. Regardless of whether those tokens or coins fall within our jurisdiction, the Commission never endorses any product or service; there is no such thing as an SEC seal of approval. Spinning up coins and tokens is easy. If people want to buy a token or product that lacks a clear long-term value proposition, they should feel free to but should not be surprised if someday the price drops. In this country, people generally have a right to make decisions for themselves, but the counterpart to that wonderful American liberty is the equally wonderful American expectation that people must decide for themselves, not look to Mama Government to tell them what to do or not to do, nor to bail them out when they do something that turns out badly. Now, with those rather gruff disclaimers out of the way, let’s talk a bit about what the Task Force is working on with staff across the Commission’s policy divisions. We will collaborate with others across the federal government, with state securities regulators, and with our international counterparts. We invite builders, enthusiasts, and skeptics to engage with us to figure out what the final rules should be and what interim steps might help to foster innovation in the meantime. The Commission staff already has achieved one milestone—the rescission of Staff Accounting Bulletin 121—but there is much more to do. [4] This list is not exhaustive, nor is it presented in order of priority or order of expected completion. Security Status: The status of crypto assets under the securities laws is fundamental to resolving many other questions. The Task Force is working hard to examine different types of crypto assets. Scoping Out: The Task Force will work to help identify some areas that fall outside the Commission’s jurisdiction. As an initial step, the staff welcomes requests for no-action letters. No-action letters typically come in the form of a staff statement addressing specific circumstances spelled out in the letter under which the staff will not recommend enforcement action to the Commission. This statement is specific to the particular circumstances but gives the broader public a helpful window into the staff’s thinking. Coin and Token Offerings: The Task Force also is thinking about the possibility of recommending Commission action to provide temporary prospective and retroactive relief for coin or token offerings for which the issuing entity or some other entity willing to take responsibility provides certain specified information, keeps that information updated, and agrees not to contest the Commission’s jurisdiction in the event of a case alleging fraud in connection with the purchase and sale of the asset. These tokens would be deemed to be non-securities and thus there would be no uncertainty as to whether they would be able to trade freely on secondary markets not registered with the SEC as long as the information is kept up-to-date and accurate. This approach would bridge the gap until a more permanent rule or legislation could be finalized. It would provide a pathway for existing tokens to find their way out of the fog of uncertainty that obscures a feasible path forward and would encourage the provision of greater disclosure. Registered Offerings: The Task Force will consider working with staff to recommend that the Commission modify existing paths to registration, including Regulation A and crowdfunding, so that people interested in registering token offerings will have a viable path for doing so. Special Purpose Broker Dealer: The Task Force will explore possible updates to the special-purpose broker dealer no-action statement, which in its current form has not been a success. An initial change we may suggest is that the statement be expanded to cover broker-dealers that custody crypto asset securities alongside crypto assets that are not securities. We will work with the public to identify other obstacles to registration. Custody Solutions for Investment Advisers: We will work with investment advisers to provide an appropriate regulatory framework within which advisers can safely, legally, and practically custody client assets themselves or with a third-party. Crypto-Lending and Staking: We need to provide clarity about whether crypto-lending and staking programs are covered by the securities laws and, if so, how. We plan to work to help address how such programs can be structured consistent with the law. Crypto Exchange-Traded Products: The Commission already is receiving SRO proposed rule changes to list new types of crypto exchange-traded products. The Task Force will work with the staff to provide clear statements about the approach used when approving or disapproving these applications. The Task Force will also assist the staff and the Commission in considering requests to modify certain features of existing exchange-traded products, including to allow for staking and in-kind creations and redemptions. Before these changes can be operationalized, however, the Commission may have to make progress on custody and other issues. Clearing Agencies and Transfer Agents: The Task Force also plans to work on the intersection of crypto and clearing agency and transfer agent rules. We will continue to work with market participants interested in tokenizing securities or otherwise using blockchain technology to modernize traditional financial markets. Cross-Border Sandbox: Many crypto projects are international in scope. The Task Force is considering ways to facilitate cross-border experimentation on a limited scale and temporary timeframe, with the possibility of more permanent, long-term approaches. This brief overview of how the Task Force is looking at the journey ahead is not exhaustive or definitive, but I hope it has piqued your interest. Although the obstacles to getting to our final destination of a sensible, clear ruleset are daunting, if we collaborate, the journey will be exhilarating and rewarding. This is the beginning of the conversation—one we do not want to have just with ourselves. Please visit our Crypto Task Force webpage to follow what the Task Force is doing and to engage with the Task Force.

## How to Engage with the Crypto Task Force
How to Engage with the Crypto Task Force Written Submissions If you would like to provide written input on the issues the Task Force is considering, including those described above, you may submit that input by sending an email with the subject line “Crypto Task Force Input” to crypto@sec.gov . Documents submitted will generally be posted on www.sec.gov. Submissions received will be posted without change or redaction of personal identifying information. You should only make submissions that you wish to make available publicly. You may request confidential treatment following this detailed procedure . We may redact in part or withhold entirely from publication submitted material that is obscene or subject to copyright. Please read our Privacy Act Notice to learn about how we may use the information you send to us. Meetings (In-Person or Virtual) The Task Force will consider requests for in-person or virtual meetings with members of the public who would like to discuss approaches to addressing issues related to regulation of crypto assets, including those described above. To request a meeting, please complete the Request Form for Meetings with the Crypto Task Force . The Task Force requests that any person or firm requesting a meeting provide a brief written summary of the issues that it plans to discuss with Task Force members. The Task Force plans to post these summaries to the Commission’s website, which will increase the transparency of its engagement with the public and promote open dialogue among parties interested in these issues. Summaries received will be posted without change; the Commission does not edit personal identifying information from submissions. You should only submit information in these summaries that you wish to make available publicly. You may request confidential treatment following this detailed procedure . We may redact in part or withhold entirely from publication submitted material that is obscene or subject to copyright. Please read our Privacy Act Notice to learn about how we may use the information you send to us. [1] Press Release, “SEC Crypto 2.0: Acting Chairman Uyeda Announces Formation of New Crypto Task Force,” Jan. 21, 2025, https://www.sec.gov/newsroom/press-releases/2025-30 . [2] Press Release, “SEC Charges Texas Man with Running Bitcoin-Denominated Ponzi Scheme,” July 23, 2013, https://www.sec.gov/newsroom/press-releases/2013-132 . [3] Securities and Exchange Commission, Report of Investigation Pursuant to Section 21(a) of the Securities Exchange Act of 1934: The DAO, Exchange Act Rel. No. 81207 (July 25, 2017), https://www.sec.gov/files/litigation/investreport/34-81207.pdf . [4] Staff Accounting Bulletin No. 122, https://www.sec.gov/rules-regulations/staff-guidance/staff-accounting-bulletins/staff-accounting-bulletin-122 .

### Written Submissions
Written Submissions If you would like to provide written input on the issues the Task Force is considering, including those described above, you may submit that input by sending an email with the subject line “Crypto Task Force Input” to crypto@sec.gov . Documents submitted will generally be posted on www.sec.gov. Submissions received will be posted without change or redaction of personal identifying information. You should only make submissions that you wish to make available publicly. You may request confidential treatment following this detailed procedure . We may redact in part or withhold entirely from publication submitted material that is obscene or subject to copyright. Please read our Privacy Act Notice to learn about how we may use the information you send to us.

### Meetings (In-Person or Virtual)
Meetings (In-Person or Virtual) The Task Force will consider requests for in-person or virtual meetings with members of the public who would like to discuss approaches to addressing issues related to regulation of crypto assets, including those described above. To request a meeting, please complete the Request Form for Meetings with the Crypto Task Force . The Task Force requests that any person or firm requesting a meeting provide a brief written summary of the issues that it plans to discuss with Task Force members. The Task Force plans to post these summaries to the Commission’s website, which will increase the transparency of its engagement with the public and promote open dialogue among parties interested in these issues. Summaries received will be posted without change; the Commission does not edit personal identifying information from submissions. You should only submit information in these summaries that you wish to make available publicly. You may request confidential treatment following this detailed procedure . We may redact in part or withhold entirely from publication submitted material that is obscene or subject to copyright. Please read our Privacy Act Notice to learn about how we may use the information you send to us. [1] Press Release, “SEC Crypto 2.0: Acting Chairman Uyeda Announces Formation of New Crypto Task Force,” Jan. 21, 2025, https://www.sec.gov/newsroom/press-releases/2025-30 . [2] Press Release, “SEC Charges Texas Man with Running Bitcoin-Denominated Ponzi Scheme,” July 23, 2013, https://www.sec.gov/newsroom/press-releases/2013-132 . [3] Securities and Exchange Commission, Report of Investigation Pursuant to Section 21(a) of the Securities Exchange Act of 1934: The DAO, Exchange Act Rel. No. 81207 (July 25, 2017), https://www.sec.gov/files/litigation/investreport/34-81207.pdf . [4] Staff Accounting Bulletin No. 122, https://www.sec.gov/rules-regulations/staff-guidance/staff-accounting-bulletins/staff-accounting-bulletin-122 .",Hester M. Peirce,True
7,2025-03-20,Remarks at the Crypto Task Force’s Inaugural Roundtable,https://www.sec.gov/newsroom/speeches-statements/uyeda-remarks-crypto-roundtable-032125,"# Remarks at the Crypto Task Force’s Inaugural Roundtable
> Remarks at the Crypto Task Force’s Inaugural Roundtable Mark T. Uyeda, Acting Chairman Washington, D.C. | March 21, 2025

## More in this Section
More in this Section Newsroom Press Releases Speeches & Statements Meetings & Events SEC Videos Social Media Directory What's New Newsroom Press Releases Speeches & Statements Meetings & Events SEC Videos Social Media Directory What's New Home Newsroom Speeches and Statements Remarks at the Crypto Task Force’s Inaugural Roundtable Speech Remarks at the Crypto Task Force’s Inaugural Roundtable Commissioner Mark T. Uyeda Washington D.C. March 21, 2025 Good afternoon and welcome to the Crypto Task Force’s inaugural roundtable, which will explore the complex legal issues involved in classifying crypto assets under the federal securities laws. In the wake of the 2008 Financial Crisis, a person or group going by the name of Satoshi Nakamoto released a white paper describing a new peer-to-peer electronic cash system called Bitcoin that helped form an entirely new digitally native asset class. [1] Seventeen years later, market participants, lawyers, academics, policymakers, and regulators are still grappling with critical questions related to the status of these novel crypto assets under the federal securities laws. [2] This disagreement is most pronounced when it comes to application of the investment contract test established by the Supreme Court in its 1946 opinion in SEC v. W.J. Howey Co. [3] (known as the “ Howey test”) to crypto assets. [4] The challenges in applying Howey ’s investment contract test are not unique to crypto. I have firsthand experience with it: as Chief Advisor to the California Corporations Commissioner, I argued before a California appellate court that the offering of a non-security certificate of deposit packaged with the separate receipt of a bonus payment constituted an investment contract. [5] Although the state court concluded that it was not, [6] other federal appellate courts have held that similar arrangements satisfy the Howey test. [7] In the years following Howey , various courts of appeals are split on various nuances and other aspects of that decision. For example, does Howey require the pooling of investors’ funds and pro rata distribution of profits [8] or is it sufficient that investors need only share risk with the promoter? [9] In some circuits, the fortunes of all investors must depend on the promoter’s expertise, [10] but in other circuits, the fortune of the investor must be “interwoven with and dependent upon the efforts and success of those seeking the investment or of third parties.” [11] Similarly, the courts of appeals are divided as to whether an investment contract requires post-sale efforts by the promoter or if “significant pre-purchase managerial activities undertaken to insure the success of the investment” suffices. [12] Differences in opinions among various courts is not unusual. After all, a judicial opinion is limited to the particular facts and circumstances of that case. When judicial opinions have created uncertainty for market participants in the past, the Commission and its staff have stepped in to provide guidance. For example, the Commission clarified the meaning of an investment adviser’s fiduciary duty under section 206 of the Advisers Act in response to industry demand. [13] The Commission also opined on the application of Howey to offers and sales of whisky warehouse receipts [14] and condominiums, [15] among other things. This approach of using notice-and-comment rulemaking or explaining the Commission’s thought process through releases – rather than through enforcement actions – should have been considered for classifying crypto assets under the federal securities laws. Today’s roundtable is an important first step in addressing that concern. Thank you to the Crypto Task Force and panelists for your time in preparing for this roundtable. I look forward to the discussions to follow. [1] See Satoshi Nakamoto, Bitcoin: A Peer-to-Peer Electronic Cash System (Oct. 31, 2018), https://bitcoin.org/bitcoin.pdf. [2] This is exemplified by the fact that the same crypto asset is today listed as a security by one broker-dealer and a non-security on other platforms . See Benjamin Schiller, Ether’s Prometheum Test , CoinDesk (June 14, 2024), https://www.coindesk.com/opinion/2024/02/08/ethers-prometheum-test. [3] 328 U.S. 293 (1946). [4] See Lewis Cohen et al., The Ineluctable Modality of Securities Law: Why Fungible Crypto Assets Are not Securities (Nov. 10, 2022), https://ssrn.com/abstract=4282385; Thomas Lee Hazen, Tulips, Oranges, Worms, and Coins – Virtual, Digital, or Crypto Currency and the Securities Laws , 20 N.C. J.L. & Tech. 493 (2019), //journals.law.unc.edu\/ncjolt/wp-content/uploads/sites/4/2019/05/Hazen_Final.pdf. [5] See Brief for Respondent, Reiswig v. Dept’ of Corporations for the State of California , 50 Cal.Rptr.3d 386 (Oct. 27, 2006) (No. G036509), at 9-20. [6] See Reiswig v. Dept’ of Corporations for the State of California , 50 Cal.Rptr.3d 386 (Oct. 27, 2006). [7] See, e.g. , Gary Plastic Packaging v. Merrill Lynch , 903 F.2d 176 (2d Cir. 1990); Safeway Portland Employees' Federal Credit Union v. C.H. Wagner & Co. , 501 F. 2d 1120 (9th Cir. 1974). [8] Revak v. SEC Realty Corp. , 18 F.3d 81, 87 (2d Cir. 1994). [9] SEC v. SG Ltd. , 265 F.3d 42, 49 (1st Cir. 2001). [10] Long v. Shultz Cattle Co. , 881 F.2d 129, 140–41 (5th Cir. 1989). [11] Revak , 18 F.3d at 88 [12] Compare SEC v. Life Partners, Inc. , 87 F.3d 536, 546-48(D.C. Cir. 1996), rehearing denied 102 F.3d 587 (holding that pre-purchase efforts alone do not create an expectation of profits to be derived from the efforts of others) with SEC v. Mutual Benefits Corp. , 408 F.3d 737, 743 (11th Cir. 2005) (concluding that significant pre-purchase efforts can create an expectation of profits to be derived from the efforts of others). [13] See Commission Interpretation Regarding Standard of Conduct for Investment Advisers, Release No. IA-5248, Fed. Reg. No. 2019-12208, 2 (July 12, 2019), available at https://www.sec.gov/files/rules/interp/2019/ia-5248.pdf. [14] Sale and Distribution of Whisky Warehouse Receipts, Securities Act Release No. 5018, 34 Fed. Reg. 18,160 (Nov. 4, 1969). [15] Offers and Sales of Condominiums or Units in a Real Estate Development, Sec. Act Rel. 5347, 38 Fed. Reg. 1735 (Jan. 4, 1973), available at https://www.sec.gov/files/rules/interp/1973/33-5347.pdf.",Mark T. Uyeda,False
8,2025-03-20,At the SEC: It Is Finally Spring,https://www.sec.gov/newsroom/speeches-statements/peirce-remarks-crypto-roundtable-032125,"# At the SEC: It Is Finally Spring
> At the SEC: It Is Finally Spring Commissioner Hester M. Peirce March 21, 2025

## More in this Section
More in this Section Newsroom Press Releases Speeches & Statements Meetings & Events SEC Videos Social Media Directory What's New Newsroom Press Releases Speeches & Statements Meetings & Events SEC Videos Social Media Directory What's New Home Newsroom Speeches and Statements At the SEC: It Is Finally Spring Speech At the SEC: It Is Finally Spring Commissioner Hester M. Peirce Washington D.C. March 21, 2025 Thank you, Acting Chairman Uyeda and Commissioner Crenshaw. I am delighted to welcome everyone to the inaugural roundtable of the Spring Sprint Toward Crypto Clarity series. Thank you to our panelists, who bring years of experience and serious consideration of the topic at hand to the table. It is fitting that today’s panel takes place exactly two months after Acting Chairman Uyeda announced the formation of the Crypto Task Force and just as D.C. is brimming with signs of spring. Spring signifies new beginnings, and we have a new beginning here: a restart of the Commission’s approach to crypto regulation. The formation of the Crypto Task Force gave permission to staff in the building to work earnestly towards a workable framework for crypto regulation, and staff have responded with palpable enthusiasm. The enthusiasm in this room is also palpable, so let us seize the moment and have a meaningful conversation today. This room is full of people—on the panel, on the Crypto Task Force, on the Commission staff, and in the audience—who are ready for sprint ahead. People have been talking, thinking, and writing about the issues with which we are now wrestling. The roundtable series will allow us to explore the issues collaboratively. I am reminded of a story my brother told me recently. He invited a friend over and walked him back to see a shed on his property that was in poor repair. “It’s not worth saving, is it?” he asked his friend. “Sure it is,” the friend who is quite handy replied, “Let’s get your tractor and haul in some lumber.” “But my tractor isn’t working at the moment,” said my brother. “OK, let’s fix it.” So that day they repaired the tractor and the shed with impressive alacrity Today’s panelists have to get the tractor running—address definitional questions—so we can build the shed—design a sturdy and functional regulatory framework. They are as adept as my brother and his friend, so I have high hopes for what we can accomplish today. To do this work well, we have to tackle some foundational questions about security status. What makes something a security? Is that status permanent, or might an asset start as a security and convert to a non-security, or vice versa? How does decentralization affect the analysis? Can we translate the characteristics of a security into a simple taxonomy that will cover the many different types of crypto assets that exist today and will exist in the future? Thank you to everyone who made today’s roundtable possible. A lot of work went into making this happen. I look forward to the conversation and am happy to turn over the stage to our esteemed panelists and moderator, former SEC Commissioner Troy Paredes.",Hester M. Peirce,False
9,2025-03-20,Remarks to Crypto Task Force Roundtable 1 - “Defining Security Status”,https://www.sec.gov/newsroom/speeches-statements/crenshaw-remarks-crypto-roundtable-032125,"# Remarks to Crypto Task Force Roundtable 1 - “Defining Security Status”
> Remarks to Crypto Task Force Roundtable 1 - “Defining Security Status” Commissioner Caroline A. Crenshaw Washington D.C. March 21, 2025

## More in this Section
More in this Section Newsroom Press Releases Speeches & Statements Meetings & Events SEC Videos Social Media Directory What's New Newsroom Press Releases Speeches & Statements Meetings & Events SEC Videos Social Media Directory What's New Home Newsroom Speeches and Statements Remarks to Crypto Task Force Roundtable 1 - “Defining Security Status” Speech Remarks to Crypto Task Force Roundtable 1 - “Defining Security Status” Commissioner Caroline A. Crenshaw Washington D.C. March 21, 2025 Good afternoon. It’s great to see you all here. I anticipate discussion today around two big questions: one, are crypto assets securities subject to SEC jurisdiction under existing law; and two, should they be? Enhancing regulatory clarity is a laudable goal. So is reasoned policy debate. As long as our goal is to promote compliance with, and not avoidance of, a legal framework that is faithful to the SEC’s mission to protect investors and the markets. As we delve into today’s topics, we must bear in mind that the stakes could not be higher. You will be discussing the legal underpinnings of the $120-trillion U.S. capital markets, which remain the envy of the world. The financial wellbeing of tens of millions of Americans, and countless American businesses, depends on consistent and effective regulation of our markets. This regulation rests on a well-built edifice of law that, over the last 90-some years, has been duly built up by Congress and the courts. At the foundation of that structure is the definition of a “security.” And the Commission has used this definition for decades to successfully regulate an incredibly diverse array of financial products. We cannot poke holes in the foundation without expecting the walls may crack. Modifying the law to facilitate the success of a chosen product category is fraught with risk. Risk not only of weakening regulatory protections for that category, but of creating a negative domino effect on other areas of the market protected by the same laws. For the SEC, holistic protection of the markets has always been and must remain our North Star. That said, I understand there is a view that current law is not working for crypto. And I agree that policy must keep pace with new products and technologies. I welcome a diversity of views, and urge you to present those views with careful consideration of the potential benefits and costs of proposed actions. This means asking, for example: What authority does the Commission have to make such changes? How do you balance the desire for greater clarity with the need for a sufficiently flexible definition of “security” that cannot be easily evaded? Does the contemplated change protect investors, the capital markets, and national security? This is critical given the heightened risks associated with crypto assets, including, just to name a few, their speculative nature, a disproportionately high volume of scams and frauds, lack of legal redress available against bad actors that are unidentifiable or located abroad, and use of crypto assets to finance crime and terrorism. If the intention is to create special rules for crypto assets, how can those assets, either as a group or by specific type, be clearly defined and differentiated from other types of assets to which those rules are not intended to apply? Will any new legal framework for crypto assets deliver a similar level of investor and market protections to that of other, similar asset classes? Will it provide a level playing field among market participants? I look forward to hearing a variety of viewpoints today on these and other issues. Thank you to the Crypto Task Force for organizing this event, and thank you all for your participation and engagement with the Commission.",Caroline A. Crenshaw,False
13,2025-04-24,Lava and Lamps: Opening Remarks for Crypto Custody Roundtable,https://www.sec.gov/newsroom/speeches-statements/peirce-lava-lamps-opening-remarks-crypto-custody-roundtable-042525,"# Lava and Lamps: Opening Remarks for Crypto Custody Roundtable
> Lava and Lamps: Opening Remarks for Crypto Custody Roundtable Commissioner Hester M. Peirce April 25, 2025

## More in this Section
More in this Section Newsroom Press Releases Speeches & Statements Meetings & Events SEC Videos Social Media Directory What's New Newsroom Press Releases Speeches & Statements Meetings & Events SEC Videos Social Media Directory What's New Home Newsroom Speeches and Statements Lava and Lamps: Opening Remarks for Crypto Custody Roundtable Speech Lava and Lamps: Opening Remarks for Crypto Custody Roundtable Commissioner Hester M. Peirce Washington D.C. April 25, 2025 Thank you, Chairman Atkins, Commissioner Uyeda, and Commissioner Crenshaw, and thank you all for joining us in-person or online on another Friday afternoon for the Crypto Task Force’s latest roundtable: “Know Your Custodian: Key Considerations for Crypto Custody.” Thank you especially to our moderator, Zach Zweihorn, and today’s panelists for taking on this challenging topic. Children often play a game called “the floor is lava.” The game requires you to leap from one piece of furniture to the next without falling or touching the ground—otherwise, you will be burned by the imaginary molten lava below. A D.C. version of this game is our regulatory approach to crypto assets, and crypto asset custody in particular. The twist in the regulatory version is that it is largely played in the dark: burning legal lava and no lamps to illuminate the way. To engage in crypto-related activities, SEC-registrants have had to hop from one poorly illuminated regulatory space to the next, all while ensuring that they never touch any crypto asset. A broker or ATS that cannot custody or otherwise handle an asset will find it difficult to facilitate trading in the asset, and a robust market is unlikely to develop. If investment advisers do not know which crypto assets are securities, what types of entities are qualified custodians, and whether exercising staking or voting rights will result in custody violations, advisers may not be able to serve their clients’ best interests. Similar confusion may prevent investment companies from investing in crypto assets or investing in a way that would be most efficient or beneficial to the fund. It is time that we find a way to end this game. We need to turn on the lights and build some walkways over the lava pit. We, of course, should not take custodial obligations lightly. When an intermediary holds a crypto asset, or any asset for that matter, investors and the intermediary itself can face serious risks. The Commission must grapple with these issues. If we fail to do so, we prevent regulated entities from serving their customers and elevate—to the detriment of the American public—markets and intermediaries that may be less safe than our regulated entities. We must ensure that the custody requirements applicable to regulated entities further rather than impair investor protection and choice. And these requirements must not interfere with an adviser’s discretion about how to fulfill its fiduciary obligations. Our regulatory approach should recognize the differences across crypto assets. Qualified custodians exist for some crypto assets, but for others self-custody might be the safer option. Many tokenized securities involve the use of smart contracts or other blockchain-related protocols that allow the issuer or its agent to take corrective measures in the event of an error or lost or stolen private keys, just as it could resolve issues when using a traditional database. Indeed, distributed ledgers could mitigate some risks associated with traditional databases. For example, a broker-dealer’s ability to control an uncertificated security on-chain arguably makes it easier for the broker-dealer to demonstrate that it is the legal owner of the security if the issuer or its agent were to mismanage any off-chain ownership records. Finally, we should acknowledge and welcome the fact that blockchain technology empowers investors by allowing them to self-custody, trade, and otherwise engage with their assets without the use of any intermediary. Our regulatory framework should not stand in the way of these innovations by forcing intermediation. I look forward to hearing the panel’s thoughts on these and other issues. While this roundtable focuses on custody issues for broker-dealers, investment advisers, and investment companies, I also would appreciate hearing the panel’s views on whether the SEC should amend or clarify other rules that may be just as important in protecting customer assets, such as capital, recordkeeping, and financial reporting rules. Before turning it over to Zach to kick off the discussion, let me offer some questions for the panels’ consideration: Should Congress amend SIPA to address the treatment of crypto assets that are not “securities” as defined in SIPA? In the absence of any such amendments, how can we help ensure that customers receive their crypto assets (and any cash deposited to purchase those assets) in the event of a broker-dealer liquidation? Does Article 8 of the UCC present a potential solution to this issue? Should we retain the Special Purpose Broker-Dealer framework or should we clarify how any broker-dealer may custody crypto assets that are securities? What requirements should apply to broker-dealers when custodying tokenized securities that are not bearer instruments? Should SEC staff modify or replace the so-called “ATS three-step” letter? If so, how? Should we provide any guidance or propose amendments to address how our rules apply to broker-dealers that use smart contracts to facilitate settlement? Given that Rule 15c3-3 does not apply to crypto assets that are not securities, what can we do to ensure that broker-dealers appropriately safeguard any such assets held for customers? Should the custody rules permit funds and advisers to place and maintain crypto assets with classes of custodians not currently contemplated by those rules? Alternatively, should the custody rules be principles-based and incorporate qualitative criteria as opposed to being focused solely on certain entities that may custody assets? Should we propose changes to the adviser and investment company custody rules to facilitate self-custody of crypto assets and, if so, under what conditions?",Hester M. Peirce,False
14,2025-04-24,Remarks at the Third Crypto Roundtable – Know Your Custodian: Key Considerations for Crypto Custody,https://www.sec.gov/newsroom/speeches-statements/crenshaw-remarks-crypto-roundtable-042525,"# Remarks at the Third Crypto Roundtable – Know Your Custodian: Key Considerations for Crypto Custody
> Remarks at the Third Crypto Roundtable – Know Your Custodian: Key Considerations for Crypto Custody Commissioner Caroline A. Crenshaw April 25, 2025

## More in this Section
More in this Section Newsroom Press Releases Speeches & Statements Meetings & Events SEC Videos Social Media Directory What's New Newsroom Press Releases Speeches & Statements Meetings & Events SEC Videos Social Media Directory What's New Home Newsroom Speeches and Statements Remarks at the Third Crypto Roundtable – Know Your Custodian: Key Considerations for Crypto Custody Speech Remarks at the Third Crypto Roundtable – Know Your Custodian: Key Considerations for Crypto Custody Commissioner Caroline A. Crenshaw Washington D.C. April 25, 2025 Good afternoon. Before I begin, I would like to take this opportunity to welcome our new Chairman, Paul Atkins, to the Commission. I am looking forward to working with him and my fellow commissioners in furtherance of the agency’s important mission. The concept of custody in the federal securities laws is based on the idea of trust. In our everyday lives, relationships involving trust are everywhere. For example, when we fly, we generally trust that we can give an airline our luggage and they won’t steal it and will deliver it to our destination safely. Of course, luggage gets lost sometimes and that’s inconvenient and frustrating. Maybe you lose some clothes and your vacation gets off to a stressful start. For just a moment, imagine that a significant portion of your savings is actually in the luggage. Would you ask the airline a few more questions before checking your bag into their care? Would you want assurances that they are required to take certain protective measures to safeguard your luggage? That they have robust policies and procedures designed to prevent loss and damage? And, that they bear accountability in the event that they do not follow those policies and procedures and your savings is lost? Trust is particularly important in our relationships with financial institutions. That is why our custody regulations are so important. We have seen the harm that befalls investors when their money is in the hands of untrustworthy actors. The worst of those cases are infamous. [1] Beyond trust, history has taught us that even the most responsible actors need regulatory standards to effectively safeguard customer assets. [2] So, the questions that bring us here today are: whom can we trust to safeguard client assets? What basic standards should we apply to ensure that we can trust our custodians? And, should those rules be any different for crypto assets? Are there features of crypto assets, distinct from more traditional assets, that warrant distinct rules? Some believe that differences from traditional assets justify exemptions or disparate treatment for custody of crypto assets under our rules. But if we are to consider implementing an alternative custody regime for crypto assets – something the SEC has not done wholesale for another asset class without good reason – we must keep in mind some guiding principles. Existing SEC custody rules are a gold standard of investor protection. Our registrants attract customers, and our markets draw stability, from the strength of this regulatory framework. If the SEC were to create a dual-regime, how do we ensure the crypto regime is as robust as the current regime? Additionally, how could the Commission address increased risks to investors and the broader financial system that may stem from different crypto custody rules? For example: How would the rules address risks associated with holding assets on a blockchain, such as those stemming from protocol or smart contract operations or failures? And what about hacking? Also, the nature of the blockchain means that custodians cannot establish exclusive control over digital assets with the same mechanisms used in connection with traditional securities. Can we effectively hold custodians accountable for mitigating such risks? If so, how? How would we ensure that investors have clarity regarding the differences between the risks associated with traditional custodians and the risks associated with crypto asset custodians? What steps would we need to take to help investors understand that these entities do not offer the same protections? What investor disclosures would be required under applicable fiduciary standards? What protections would exist for investors if their custodian becomes insolvent or declares bankruptcy? Existing securities law provides protections against this risk, for example, by providing for SIPC to step in when a brokerage firm fails and customer assets are missing, so that SIPC may work to return customers’ assets. [3] Will such protections be available for crypto assets if there are different standards of custody? I understand today’s roundtables will be separated into two segments, one focused on investment adviser and investment company custody issues and the other on custody in a broker-dealer context. There are important distinctions between these two frameworks that should be considered today. For the asset management industry, the Custody Rule gives us a clear answer on who advisers must trust with custody of advisory client assets: a qualified custodian. [4] The Rule does not intend for just anyone to meet this definition. It is meant to be a high bar accompanied by robust protections. In its recent Safeguarding Proposal, the SEC acknowledged the ways in which custody of crypto assets and the use of blockchain technology present unique considerations and risks. [5] I expect today’s discussion will raise ideas like adviser self-custody for crypto assets and potential expansions to the types of entities that could meet the definition of a qualified custodian. I hope you will think through the ramifications of those possibilities. For example: What are the risks of self-custody generally? Would these risks be heightened with self-custody of crypto assets? Would a hypothetical exemption from the Custody Rule for crypto assets invite easier opportunities for fraud, theft, or misappropriation – even with additional protections? Are most investment advisers operationally capable of safely engaging in self-custody of crypto assets? What are the barriers to crypto asset custodians seeking the licenses or registrations that would allow them to be considered qualified custodians under the Custody Rule? How should we think about state-chartered trust companies? How do these entities vary across states? Do they all offer comparable protections? In what ways must we engage with our fellow financial regulators on these and related questions? Should we require different or additional policies and procedures of advisers who custody crypto assets at crypto-asset custodians? [6] What should these important requirements, such as independent verification of assets, look like in the context of crypto assets? Does an adviser’s fiduciary duty require additional due diligence for these assets? While registered broker-dealers operate under a different set of custody rules, some of the most prominent crypto market players are large platforms, not registered with the SEC, which function as integrated brokerages and exchanges. They require customers to transfer their crypto assets into a wallet held by the exchange in order to trade on the platform or utilize other platform services such as lending or staking. One pressing custody question is this: if these platforms will be transacting in securities and be regulated by the SEC in some way, how should the SEC address the predominant practice of holding customers’ crypto assets in omnibus wallets? This question has been considered by several thought-leaders in the space, some of whom we are lucky enough to have with us as panelists today. They have pointed out that with omnibus wallets, customer transactions are largely tracked using books and records rather than through on-chain transactions. In that context, where a majority of customer transactions are happening off-chain, what if any justification is there for different custody rules? Omnibus wallets also pose increased risks as compared to segregated wallets, such as exposing the assets to greater operational and external risks such as hacking and theft. Given that, should exchanges or broker-dealers be allowed to custody crypto asset securities in omnibus wallets at all? What are other risks and benefits of custodying customer crypto assets in omnibus versus segregated wallets? As you can tell, I am deeply concerned about the potential for eroding the high standards required under our existing custody rules. While we have been, and should continue to be, open to innovative and new products or technologies, such advancements do not require us to forsake fundamental, statutorily mandated principles – like safeguarding client assets. How can we bridge that gap so that investors are afforded consistent protections regardless of asset class? As with all the roundtables to date, these are hard questions. I hope you will help us grapple with these issues so that we can preserve the trust that investors have put in our markets. There is a lot more than lost luggage at stake. Thank you for your participation in today’s roundtable. [1] See, e.g., Judgment, ECF Doc. Nos. 100, 4, United States v. Madoff, No. 09 Cr. 213 (S.D.N.Y. June 29, 2009); Order Granting Motion for Summary Judgment, SEC v. Stanford International Bank, Ltd., et al., Civil Action No. 3:09-CV0298 (N.D. Tex. Apr. 25, 2013); SEC Press Release, SEC Charges Crypto-Focused Advisory Firm Galois Capital for Custody Failures (Sept. 3, 2024), available at https://www.sec.gov/newsroom/press-releases/2024-111 . [2] The “paperwork crisis” of the 1960s and 1970s spurred a transition away from less secure paper stock certificates toward “immobilized” and “dematerialized” securities using electronic records. See DTCC, From Physical to Digital: Advancing the Dematerialization of U.S. Securities (Sept. 2020), available at https://www.dtcc.com/~/media/Files/PDFs/DTCC-Dematerialization-Whitepaper-092020.pdf [3] See 15 U.S.C. § 78aaa et seq. [4] See Custody of Funds or Securities of Clients by Investment Advisers, IA Rel. No. 2968 (Dec. 30, 2009), 75 FR 1455 (Jan. 11, 2010). [5] See Safeguarding Advisory Client Assets, IA Rel. No. 6240, (Feb. 15, 2023). [6] The current Custody Rule requires advisors who custody client assets to undergo an annual surprise examination by an independent public accountant to verify client assets, to have the qualified custodian maintaining client funds and securities send account statements directly to the advisory clients, and certain additional requirements for advisers that do not use an independent custodian. See Custody of Funds or Securities of Clients by Investment Advisers, Investment Advisers Act Release No. 2968 (Dec. 30, 2009) [75 FR 1455 (Jan. 11, 2010)].",Caroline A. Crenshaw,False
15,2025-04-24,Remarks at the Crypto Task Force Roundtable on Custody,https://www.sec.gov/newsroom/speeches-statements/uyeda-remarks-crypto-task-force-roundtable-custody-042525,"# Remarks at the Crypto Task Force Roundtable on Custody
> Remarks at the Crypto Task Force Roundtable on Custody Mark T. Uyeda, Commissioner Washington, D.C. | April 25, 2025

## More in this Section
More in this Section Newsroom Press Releases Speeches & Statements Meetings & Events SEC Videos Social Media Directory What's New Newsroom Press Releases Speeches & Statements Meetings & Events SEC Videos Social Media Directory What's New Home Newsroom Speeches and Statements Remarks at the Crypto Task Force Roundtable on Custody Statement Remarks at the Crypto Task Force Roundtable on Custody Commissioner Mark T. Uyeda Washington D.C. April 25, 2025 Good afternoon, and welcome to the Crypto Task Force’s third roundtable, which is focused on custody. Proper custody of client and customer assets have been a key protection under the federal securities laws. Crypto is not any different in principle. As Commission registrants increasingly engage with crypto assets, it is important that they have access to a number of custodial solutions that comply with applicable laws and regulations. While the Office of the Chief Accountant recently removed a significant barrier for companies seeking to offer crypto asset custodial services by withdrawing Staff Accounting Bulletin No. 121, [1] there is still work to do to ensure appropriate choice among custodial solutions. For example, the Commission should consider whether it is clear that registered investment advisers [2] can use state-chartered limited purpose trust companies to custody crypto assets as fiduciaries as qualified custodians in compliance with Rule 206(4)-2 under the Advisers Act (known as the “Custody Rule”). [3] Limited purpose trust companies with the authorization of a state banking regulator, such as the New York State Department of Financial Services or the California Department of Financial Protection and Innovation, might be able to custody crypto assets as fiduciaries arguably “exercise fiduciary powers similar to those permitted to national banks” under the authority of the Office of the Comptroller of the Currency (“OCC”). [4] With respect to federally-chartered banks, the Office of the Comptroller of the Currency issued interpretive letters recognizing that national banks may custody crypto assets as a fiduciary under the National Bank Act and authorized multiple national banks to do so. [5] Given the historical approach of permitting state-chartered banks to compete with federally-chartered banks, the Commission should consider allowing advisers to use state-chartered limited purpose trust companies, with the fiduciary power to custody crypto assets, as qualified custodians. The Commission could also consider further steps to enhance competition by modifying or sunsetting the Commission’s “special purpose broker-dealer” regime, [6] providing interim guidance that explains how firms can custody non-security crypto assets, crypto asset securities, and traditional securities in compliance with the capital and customer protection rules, and ultimately codifying this guidance in amendments to these rules. [7] Separately, the position of the prior administration that “most crypto assets” are likely to be funds or securities has led many advisers to shoehorn all client crypto assets into qualified custody, and thereby forego certain investment opportunities that are incompatible with these custodial arrangements. [8] I agree with Commissioner Peirce that a large number of crypto assets are not securities. [9] But the term “funds” is not defined in the Custody Rule and the Commission may need to clarify whether any crypto assets constitute “funds” for purposes of the rule. Thank you to the Crypto Task Force and panelists for your time in preparing for this roundtable. I look forward to the discussions to follow. [1] See Staff Accounting Bulletin No. 122, Release No. SAB 122, Jan. 23, 2025, https://www.sec.gov/rules-regulations/staff-guidance/staff-accounting-bulletins/staff-accounting-bulletin-122 . [2] The Commission should also consider corresponding implications for registered investment companies. [3] See 17 C.F.R. § 275.206(4)-2. [4] See 15 U.S. Code § 80b-2(a)(2). [5] See, e.g. , OCC Interpretive Letter #1170 (July 22, 2020), available at https://www.occ.gov/topics/charters-and-licensing/interpretations-and-actions/2020/int1170.pdf (“Providing custody services for cryptocurrency falls within these longstanding authorities to engage in safekeeping and custody activities.”); OCC Conditionally Approves Conversion of Anchorage Digital Bank, News Release 2021-6, Jan. 13, 2021, available at https://www.occ.gov/news-issuances/news-releases/2021/nr-occ-2021-6.html . [6] See Custody of Digital Asset Securities by Special Purpose Broker-Dealers, 86 Fed. Reg. 11627 (Feb. 26, 2021). [7] 17 C.F.R. § 240.15c3-3. [8] See Safeguarding Advisory Client Assets, 88 Fed. Reg. 14672,14676 (Mar. 9, 2023) (“most crypto assets are likely to be funds or crypto asset securities covered by the current rule”). [9] See Commissioner Hester M. Peirce, There Must Be Some Way Out of Here , Feb. 21, 2025, https://www.sec.gov/newsroom/speeches-statements/peirce-statement-rfi-022125 (opining that most crypto assets in commerce today are not likely “securities”).",Mark T. Uyeda,False
16,2025-04-15,"SEC Announces Agenda, Panelists for Roundtable on Crypto Custody",https://www.sec.gov/newsroom/press-releases/2025-65,"# SEC Announces Agenda, Panelists for Roundtable on Crypto Custody

## More in this Section
More in this Section Newsroom Press Releases Speeches & Statements Meetings & Events SEC Videos Social Media Directory What's New Newsroom Press Releases Speeches & Statements Meetings & Events SEC Videos Social Media Directory What's New Home Newsroom Press Releases SEC Announces Agenda, Panelists for Roundtable on Crypto Custody Press Release SEC Announces Agenda, Panelists for Roundtable on Crypto Custody For Immediate Release 2025-65 Washington D.C., April 16, 2025 — The Securities and Exchange Commission’s Crypto Task Force has announced the agenda and panelists for its April 25 roundtable, “ Know Your Custodian: Key Considerations for Crypto Custody .” “It is important for the SEC to grapple with custody issues, which are some of the most challenging as we seek to integrate crypto assets into our regulatory structure,” said Commissioner Hester M. Peirce, leader of the Crypto Task Force. “We look forward to hearing from experts on these important issues.” The roundtable, announced in March as part of a series , will be held at the SEC's headquarters at 100 F Street, N.E., Washington, D.C. from 1 p.m. – 5 p.m. The event will be open to the public and webcast live on the SEC’s website. Doors will open at 12 p.m. For online attendance, registration is not necessary; a link to watch the event will be available on April 11 on www.sec.gov . For in-person attendance, please register here . To learn more about the Crypto Task Force and the roundtable topics, please visit the Crypto Task Force webpage. Agenda 1 p.m. – 1:20 p.m. Opening Remarks from the U.S. Securities and Exchange Commission: Richard Gabbert, Chief of Staff, Crypto Task Force Acting Chairman Mark Uyeda Commissioner Caroline Crenshaw Commissioner Hester Peirce 1:20 p.m. – 3 p.m. Custody Through Broker-Dealers and Beyond Moderator: Zach Zweihorn, Davis Polk & Wardwell LLP Panelists: Jason Allegrante, Fireblocks Rachel Anderika, Anchorage Digital Bank Terrence Dempsey, Fidelity Digital Asset Services, LLC Mark Greenberg, Kraken Veronica McGregor, Exodus Movement, Inc. Brandon Russell, Etana Custody Inc. Tammy Weinrib, Copper Technologies Ltd. 3 p.m. – 3:30 p.m. Break 3:30 – 5 p.m. Investment Adviser and Investment Company Custody Moderator: Zach Zweihorn, Davis Polk & Wardwell LLP Panelists: Justin Browder, Simpson Thacher & Bartlett LLP Mike Didiuk, Schulte Roth & Zabel, LLP Larry Florio, 1kx Eliott Frank, Distributed Global LLC Susan Gault-Brown, Allen Overy Shearman Sterling LLP Adam Levitin, Georgetown University Law Center Ryan Louvar, WisdomTree, Inc. Neel Maitra, Dechert LLP Charles Mooney, University of Pennsylvania Carey Law School ###",,False
17,2025-04-10,The Mother: Opening Remarks for Trading Roundtable,https://www.sec.gov/newsroom/speeches-statements/peirce-opening-remarks-trading-roundtable-041125,"# The Mother: Opening Remarks for Trading Roundtable
> The Mother: Opening Remarks for Trading Roundtable Commissioner Hester M. Peirce April 11, 2025

## More in this Section
More in this Section Newsroom Press Releases Speeches & Statements Meetings & Events SEC Videos Social Media Directory What's New Newsroom Press Releases Speeches & Statements Meetings & Events SEC Videos Social Media Directory What's New Home Newsroom Speeches and Statements The Mother: Opening Remarks for Trading Roundtable Speech The Mother: Opening Remarks for Trading Roundtable Commissioner Hester M. Peirce Washington D.C. April 11, 2025 Welcome to everyone watching in person or online to the second in a series of roundtables dedicated to discussing regulatory challenges and opportunities in the crypto asset market. I would like to thank all the staff who are making these roundtables possible. Thanks also to the folks who have submitted responses to our requests for information and to the folks who have come in to meet with the Crypto Task Force. These materials and discussions have been informative, and I hope you all will continue to engage with us. I found the first roundtable useful in shaping my thoughts on when crypto assets implicate the securities laws. Given the expert panelists who have graciously agreed to participate today, I am confident that this discussion will be just as informative and engaging as the first. Our panelists represent a variety of institutions, including national securities exchanges, other trading venues, and crypto-native firms that engage in or facilitate various types of centralized and decentralized trading activities. The different perspectives will contribute to an interesting conversation but also highlight an important feature of successful markets: the ability to pursue a wide range of business models and approaches to trading. This flexibility fosters innovation, increases competition, and ultimately benefits investors. We should keep this in mind as we consider an appropriate regulatory framework for crypto asset markets. Notwithstanding the diverse range of approaches to trading, I expect that many common issues will emerge. For example, firms are interested in offering investors the ability to engage in pairs trading – or the trading of a security against a crypto asset, such as a stablecoin. SEC rules do not prohibit this activity. Given that securities historically have been quoted and settled in US dollars, however, certain of our rules, such as recordkeeping, reporting, and national market system rules, may not clearly contemplate pairs trading. Would it be helpful for us to provide guidance about how any of our rules apply to pairs trading or whether any rules should be modified to better accommodate or account for this activity? A related set of issues that I hope you’ll consider are authority and jurisdictional issues. As a general matter, the SEC’s authority is limited to securities activity. What can and should we do in the short-term and what should Congress consider in the longer-term to ensure there are no regulatory gaps, as firms increasingly seek to combine securities and non-securities trading activity? In addition, because the SEC is just one of many federal and state regulators that currently and in the future may play a role in crypto regulation, what concerns do you have about potential overlapping or conflicting regulatory regimes? In the near term, how useful would it be for the Commission, using its exemptive authorities, to permit limited scale market testing by intermediaries? What would appropriate guardrails be? Participating firms could see what works and does not technically and commercially, and such trials also could inform the Commission’s rulemaking efforts. Finally, as daunting as the task before us is, the Commission has experience adapting a regulatory framework to new and innovative technologies and methods of trading. In 1984, for example, the Commission issued a release expressing its views on “computer brokerage systems,” that allowed investors to send orders to brokers without the use of a telephone. [1] In 1998, the Commission issued a statement regarding the use of the internet to offer securities services. [2] Regulation ATS was a response to the development of new types of trading systems made possible by advancements in technology. [3] What lessons can these and other examples of integrating new technology into our markets teach us? Our moderator, Nick Losurdo, and I are both fans of apple cider vinegar. ACV, as we believers call it, is supposed to be good for whatever ails you. [4] People clamor especially for ACV with “the mother,” which is the bacterial bundle that gives ACV its probiotic punch. A close look at the tangled mass might scare you, but ingesting it is good. So too the topics before our panel: we are looking at an unsightly legal and technical knot of issues, but the conversation—among our expert panel—will be good for us. [1] Notice of Commission Views on Computer Brokerage Systems, Exchange Act Release No. 21383 (Oct. 9, 1984), 49 FR 40159 (Oct. 15, 1984). [2] Statement of the Commission Regarding Use of Internet Web Sites to Offer Securities, Solicit Securities Transactions or Advertise Investment Services Offshore, Securities Act Release No. 7516 (Mar. 23, 1998), 63 FR 14806 (Mar. 27, 1998). [3] Regulation of Exchanges and Alternative Trading Systems, Exchange Act Release No. 40760 (Dec. 8, 1998), 63 FR 70844 (Dec. 22, 1998). [4] But see https://www.uchicagomedicine.org/forefront/health-and-wellness-articles/debunking-the-health-benefits-of-apple-cider-vinegar .",Hester M. Peirce,False
18,2025-04-10,Remarks at the Crypto Task Force Roundtable on Crypto Trading,https://www.sec.gov/newsroom/speeches-statements/uyeda-remarks-ctf-roundtable-crypto-trading-041125,"# Remarks at the Crypto Task Force Roundtable on Crypto Trading
> Remarks at the Crypto Task Force Roundtable on Crypto Trading Mark T. Uyeda, Acting Chairman Washington, D.C. April 11, 2025

## More in this Section
More in this Section Newsroom Press Releases Speeches & Statements Meetings & Events SEC Videos Social Media Directory What's New Newsroom Press Releases Speeches & Statements Meetings & Events SEC Videos Social Media Directory What's New Home Newsroom Speeches and Statements Remarks at the Crypto Task Force Roundtable on Crypto Trading Speech Remarks at the Crypto Task Force Roundtable on Crypto Trading Commissioner Mark T. Uyeda Washington D.C. April 11, 2025 Good afternoon, and welcome to the Crypto Task Force’s second roundtable, which is focused on crypto trading. Over 200 years ago, a group of stockbrokers gathered under a buttonwood tree to establish basic rules for the trading of securities on an organized market in New York City. [1] Today, we are at a similar point in time in the history of markets as we gather to discuss the regulation of crypto asset trading within the United States. Like the early securities markets, organized markets for crypto asset trading developed organically in response to supply and demand for the emerging asset class. The first crypto markets operated entirely outside of the regulatory perimeter. [2] A number of state agencies exercised regulatory authority over crypto markets under the view that the platforms were akin to currency exchanges and subject to money transmitter licensing laws. [3] State regulation of crypto asset trading raises the potential for there to be a patchwork of state licensing regimes. We should consider whether there may be a more efficient method of regulation. Under an accommodating federal regulatory framework, some market participants would likely prefer to offer trading in both tokenized securities and non-security crypto assets under a single SEC license rather than offer trading solely in non-security crypto assets under fifty different state licenses. However, the federal securities laws and regulations may present challenges for broker-dealers and national securities exchanges seeking to offer trading in tokenized securities. For example, national securities exchanges can only list registered securities and most tokenized securities in the market today are unregistered. [4] Additionally, compliance with Rule 611 (the “order protection rule”) may not be possible with respect to customer orders for securities that trade in both tokenized and non-tokenized formats in on- and off-chain markets. [5] Incumbent crypto asset trading platforms seeking to offer trading in tokenized securities also face unique obstacles. Unlike securities exchanges, crypto asset trading platforms are typically vertically integrated with custody, execution, and clearing all occurring on the same platform. [6] Blockchain technology offers the potential to execute and clear securities transactions in ways that may be more efficient and reliable than current processes. For example, blockchains can be used to manage and mobilize collateral in tokenized form to increase capital efficiency and liquidity. [7] Additionally, decentralized finance software protocols allow users to transact on a 24/7 basis via smart contracts. [8] The drafters of the federal securities laws did not contemplate the use of blockchains or smart contracts to perform the functions of a transfer agent, facilitate the exchange of securities, or clear securities transactions. While the Commission works to develop a long-term solution to address these issues, a time-limited, conditional exemptive relief framework for registrants and non-registrants could allow for greater innovation with blockchain technology within the United States in the near term. I encourage market participants that are developing new ways to trade securities using blockchain technology to provide input on where exemptive relief may be appropriate. Thank you to the Crypto Task Force and panelists for your time in preparing for this roundtable. I look forward to the discussions to follow. [1] Olivia B. Waxman, How a Financial Panic Helped Launch the New York Stock Exchange , TIME, May 17, 2017, available at https://time.com/4777959/buttonwood-agreement-stock-exchange/ . [2] See Kashmir Hill, After Mt. Gox Implodes, Bitcoin CEOs and Lawmakers Scramble, Forbes, Feb. 25, 2014, available at https://www.forbes.com/sites/kashmirhill/2014/02/25/mt-gox-implosion-has-u-s-lawmakers-renew-call-for-oversight/ . [3] See Zachary Miller, The Right Side of the Coin: State Approaches to Regulating Virtual Currency , 45 Seton Hall Leg. J. 809, (Dec. 6, 2021), available at https://scholarship.shu.edu/cgi/viewcontent.cgi?article=1198&context=shlj . [4] See 15 U.S.C. § 78l. [5] See 17 C.F.R. § 242.611. [6] See OICU-IOSCO, Policy Recommendations for Crypto and Digital Asset Markets Consultation Report , CR01/2023, May 2023, available at https://www.iosco.org/library/pubdocs/pdf/IOSCOPD734.pdf . [7] DTCC, DTCC Announces New Platform for Tokenized Real-time Collateral Management , Apr. 2, 2025, available at https://www.dtcc.com/news/2025/april/02/dtcc-announces-new-platform-for-tokenized-real-time-collateral-management . [8] See Fabian Schär, Decentralized Finance: On Blockchain- and Smart Contract-Based Financial Markets , Federal Reserve Bank of St. Louis, Apr. 15, 2021, available at https://www.stlouisfed.org/publications/review/2021/02/05/decentralized-finance-on-blockchain-and-smart-contract-based-financial-markets .",Mark T. Uyeda,False
19,2025-04-10,Remarks at the Crypto Roundtable – “Between a Block and a Hard Place: Tailoring Regulation for Crypto Trading”,https://www.sec.gov/newsroom/speeches-statements/crenshaw-remarks-ctf-roundtable-crypto-trading-041125,"# Remarks at the Crypto Roundtable – “Between a Block and a Hard Place: Tailoring Regulation for Crypto Trading”
> Remarks to Crypto Task Force Roundtable – “Between a Block and a Hard Place: Tailoring Regulation for Crypto Trading” Commissioner Caroline A. Crenshaw April 11, 2025

## More in this Section
More in this Section Newsroom Press Releases Speeches & Statements Meetings & Events SEC Videos Social Media Directory What's New Newsroom Press Releases Speeches & Statements Meetings & Events SEC Videos Social Media Directory What's New Home Newsroom Speeches and Statements Remarks at the Crypto Roundtable – “Between a Block and a Hard Place: Tailoring Regulation for Crypto Trading” Speech Remarks at the Crypto Roundtable – “Between a Block and a Hard Place: Tailoring Regulation for Crypto Trading” Commissioner Caroline A. Crenshaw Washington D.C. April 11, 2025 Good afternoon and welcome everyone to the second installment of the Crypto Task Force’s Roundtables. Today, we focus on crypto trading. This topic is of particular interest to me because it wades into some of the practical implications, questions, challenges, and risks that impact actual investors who own – and, therefore, trade – crypto of all varieties. Any conversation about crypto trading quickly reveals the immense complexity and unique nature of these transactions. In thinking about these complexities, I can’t help but consider them from the perspective of a retail investor. What is a retail investor’s expectation for how their crypto investments move through a trading platform? What protections do they naturally assume they have based on crypto companies’ marketing and their experience with more traditional investments? Do they actually have the benefit of those protections in practice? In my view, they should. But… do they? And if they don’t, how are they warned of that? In addition to investor expectations, we, of course, have to consider how crypto trading platforms may (or may not) fit into our existing regulatory regime for national securities exchanges and alternative trading systems. Crypto trading platforms are unique because, among other reasons, they often perform multiple services under one roof, sometimes including brokerage, clearing, and custody. Each of these functions is vitally important to maintaining the safety and integrity of assets entrusted by investors to such entities. In traditional finance, they are typically performed by separate registered entities. That’s because of the high risk of conflicts of interest and risks for investors. Because many of these entities are not registered with any regulator (not the SEC, not the states, and not an SRO), they do not comply with laws designed to minimize these risks and potential conflicts. Though the SEC has urged investors to exercise caution, [1] in some instances, we have seen those risks materialize in a way that has caused significant market disruption and harm to investors. After those instances, we become painfully aware of the mismatch between investor expectations and reality. [2] Investors didn’t realize that their crypto may be held in a single wallet controlled solely by the exchange. [3] Investors didn’t realize that custodially held crypto would be treated as property of the exchange in a bankruptcy proceeding. [4] Investors didn’t realize that their investments were not covered by any FDIC or SIPC insurance. [5] Beyond the consequences to individual investors, these ongoing, unmitigated risks pose a larger threat to orderly functioning of the crypto markets and potentially also to the banking system and traditional finance. So, where do we go from here? That’s where you and this roundtable come in. How do we approach the question of crypto exchange registration? How do on- and off-chain transactions comply with broker-dealers’ best execution obligations? How can we address and minimize custody risks and conflicts of interest? Together, let’s explore answers to these difficult questions that can both protect investors and markets. Thank you all for your continued participation in these roundtables. [1] See S.E.C. Office of Investor Education and Advocacy, Exercise Caution with Crypto Asset Securities: Investor Alert (Mar. 23, 2023). [2] See Adam Levitin, Not Your Keys, Not Your Coins: Unpriced Credit Risk in Cryptocurrency , 101 Tex. L. Rev. 877 (2023) (arguing that the risks cryptocurrency exchanges and similar platforms pose for their customers are both substantial and poorly appreciated by many cryptocurrency investors). [3] Id. at 3. [4] Id. at 4. [5] Id. at 5.",Caroline A. Crenshaw,False
20,2025-04-09,Let’s Talk Disclosure: Division of Corporation Finance’s Statement on Offerings and Registration of Securities in the Crypto Asset Markets,https://www.sec.gov/newsroom/speeches-statements/peirce-statement-offerings-registration-041025,"# Let’s Talk Disclosure: Division of Corporation Finance’s Statement on Offerings and Registration of Securities in the Crypto Asset Markets
> Let’s Talk Disclosure: Division of Corporation Finance’s Statement on Offerings and Registration of Securities in the Crypto Asset Markets Commissioner Hester M. Peirce April 10, 2025

## More in this Section
More in this Section Newsroom Press Releases Speeches & Statements Meetings & Events SEC Videos Social Media Directory What's New Newsroom Press Releases Speeches & Statements Meetings & Events SEC Videos Social Media Directory What's New Home Newsroom Speeches and Statements Let’s Talk Disclosure: Division of Corporation Finance’s Statement on Offerings and Registration of Securities in the Crypto Asset Markets Statement Let’s Talk Disclosure: Division of Corporation Finance’s Statement on Offerings and Registration of Securities in the Crypto Asset Markets Commissioner Hester M. Peirce Washington D.C. April 10, 2025 Today, in furtherance of our investor protection mission, the Division of Corporation Finance clarified how the federal securities laws apply to certain offerings and registrations of securities in the crypto asset markets. [1] The Division’s statement does not address whether something is or is not a security but provides guidance for issuers of securities. Offerings and registrations for which this statement may be relevant involve equity or debt securities of issuers whose operations relate to networks, applications, or crypto assets. Other offerings and registrations for which this statement may be relevant involve crypto assets offered as part of or subject to an investment contract. Registration or qualification is not required in connection with an offering of a crypto asset if the crypto asset is not a security and not part of or subject to an investment contract. The statement reflects the Division’s observations regarding disclosures provided in response to existing requirements and takes into account crypto-related disclosure questions the Division has received. This guidance might be helpful for a company that is: developing a blockchain and issuing debt or equity; registering the offering of an investment contract in connection with an initial coin offering; issuing a crypto asset that itself is a security because, for example, it provides a revenue stream based on the issuer’s performance; or integrates non-fungible tokens into video games and is issuing debt or equity. The Division’s statement is not a definitive how-to guide for the come-in-and-register invitation that befuddled so many in recent years. [2] Rather, it is a small step in identifying relevant disclosures so that investors have material information about the projects and businesses in which they are investing. The Division highlights, for example, disclosures about the development timeline of a crypto network or application, its functions and processes, and a clear explanation of the rights of holders of the relevant security, such as dividends, profit-sharing, or voting rights. The statement reflects the fact that a token that is not a security can be sold in a securities offering, but also allows for the possibility that a centralized crypto company might issue equity or debt securities or a crypto asset that is itself a security. People with additional questions about how the existing disclosure requirements apply in the context of crypto assets may reach out to the Division with these questions. Several ways to contact the Division are available at https://www.sec.gov/about/divisions-offices/division-corporation-finance/division-corporation-finance-contact-us. The Crypto Task Force also welcomes inquiries and feedback on this statement through crypto@sec.gov. I would like to thank Cicely LaMothe, Acting Director of the Division of Corporation Finance, and her staff for their diligent work to provide clear statements about the applicability of securities regulations to crypto assets. [1] https://www.sec.gov/newsroom/speeches-statements/cf-crypto-securities-041025 [2] The Crypto Task Force and other Commission staff are working on providing guidance about when and whether crypto asset issuers have to “come in and register” and what registration would entail.",Hester M. Peirce,False
22,2025-05-28,Providing Security is not a “Security” – Division of Corporation Finance’s Statement on Protocol Staking,https://www.sec.gov/newsroom/speeches-statements/peirce-statement-protocol-staking-052925,"# Providing Security is not a “Security” – Division of Corporation Finance’s Statement on Protocol Staking
> Providing Security is not a “Security” – Division of Corporation Finance’s Statement on Protocol Staking Commissioner Hester M. Peirce May 29, 2025

## More in this Section
More in this Section Newsroom Press Releases Speeches & Statements Meetings & Events SEC Videos Social Media Directory What's New Newsroom Press Releases Speeches & Statements Meetings & Events SEC Videos Social Media Directory What's New Home Newsroom Speeches and Statements Providing Security is not a “Security” – Division of Corporation Finance’s Statement on Protocol Staking Statement Providing Security is not a “Security” – Division of Corporation Finance’s Statement on Protocol Staking Commissioner Hester M. Peirce Washington D.C. May 29, 2025 Today, the Division of Corporation Finance clarified its view that certain proof-of-stake blockchain protocol “staking” activities are not securities transactions within the scope of the federal securities laws. Proof-of-stake network protocols are designed to encourage users to voluntarily coordinate and cooperate to secure the network. But uncertainty about regulatory views on staking discouraged Americans from doing so for fear of violating the securities laws. This artificially constrained participation in network consensus and undermined the decentralization, censorship resistance, and credible neutrality of proof-of-stake blockchains. Today’s statement provides welcome clarity for stakers and “staking-as-a-service” providers in the United States. The Division’s statement is applicable to persons who self-stake certain covered crypto assets on a proof-of-stake or delegated proof-of-stake network. It also applies to non-custodial and custodial staking-as-a-service providers that facilitate this type of staking on behalf of others. Additionally, the statement explains that the pairing of certain ancillary services together with non-custodial or custodial staking services, in staff’s view, does not make providing staking services a securities offering. These ancillary services include the provision of slashing coverage, allowing crypto assets to be returned to a staker prior to the end of the protocol’s “unbonding” period, delivering earned rewards based on an alternative rewards payment schedule and in alternative amounts, and aggregating stakers’ crypto assets together for purposes of satisfying a network’s minimum staking requirements. This statement follows the Division’s clarification of its views that certain proof-of-work network protocol mining activities are not securities transactions. [1] I expect that the Division and Crypto Task Force will continue to develop views about security status for other activities, products, and services involving participation in network consensus. People with additional questions may reach out to the Division with these questions. Several ways to contact the Division are available at https://www.sec.gov/about/divisions-offices/division-corporation-finance/division-corporation-finance-contact-us . The Crypto Task Force also welcomes inquiries and feedback on this statement through crypto@sec.gov . I would like to thank Cicely LaMothe, Acting Director of the Division of Corporation Finance, and her staff for their diligent work to provide clear statements about staff views regarding the applicability of securities regulations to crypto assets. [1] Division of Corporation Finance, Statement on Certain Proof-of-Work Mining Activities, Mar. 20, 2025, https://www.sec.gov/newsroom/speeches-statements/statement-certain-proof-work-mining-activities-032025 .",Hester M. Peirce,False
24,2025-05-18,New Paradigm: Remarks at SEC Speaks,https://www.sec.gov/newsroom/speeches-statements/peirce-remarks-sec-speaks-051925-new-paradigm-remarks-sec-speaks,"# New Paradigm: Remarks at SEC Speaks
> New Paradigm: Remarks at SEC Speaks Hester M. Peirce, Commissioner Washington, D.C. | May 19, 2025

## More in this Section
More in this Section Newsroom Press Releases Speeches & Statements Meetings & Events SEC Videos Social Media Directory What's New Newsroom Press Releases Speeches & Statements Meetings & Events SEC Videos Social Media Directory What's New Home Newsroom Speeches and Statements New Paradigm: Remarks at SEC Speaks Speech New Paradigm: Remarks at SEC Speaks Commissioner Hester M. Peirce Washington D.C. May 19, 2025 Thank you. Welcome to SEC Speaks. Before I begin, I would like to remind you that my views are my own as a Commissioner and not necessarily those of the Commission or my fellow Commissioners. Exactly one month ago—April 19, 2025—marked the 250 th anniversary of the start of the American Revolution. Crouching behind a stone wall at the Battle of Lexington and Concord was Samuel Whittemore, an octogenarian farmer who killed three British soldiers before being—as recorded on a memorial—“shot[,] bayonetted[,] beaten[,] and left for dead.” [1] He defied the odds by living almost two more decades. [2] Among the heirlooms that stayed in the family until my great uncle gave it to a historical society was a teacup with a broken handle that Whittemore had buried in his back yard as a token of protest against the much detested Tea Act. [3] This little act of rebellion, which foreshadowed his much bigger act of rebellion, helped lay the groundwork for a nation that uniquely values human liberty, celebrates the independent spirit, and welcomes dissenting voices. Mine has been one of those voices over the past several years. Many of my dissents related to the Commission’s approach to regulating crypto assets: an entirely new class of digitally native assets as well as “onchain” versions of currencies, commodities, collectibles, and securities enabled by a shared database architecture for recording ownership of digital property. Having emerged from the crypto dissent years, I am glad to be able speak to you today as the head of the Commission’s Crypto Task Force about a rational and coherent path forward and a new paradigm at the SEC. My guess is that some of you in the audience are not very interested in crypto. The SEC’s remit is broad, as is clear from the many topics on the SEC Speaks agenda. Important work lies ahead of us in areas such as expanding access to capital, reinvigorating our public markets, regrounding disclosure in materiality, fostering participation by more Americans in the capital markets, carefully implementing rules such as Treasury clearing, streamlining and modernizing the Commission’s hefty rulebook, rethinking the Consolidated Audit Trail and the gag rule, fostering innovation and competition in asset management, permitting the use of modern communication methods, and ensuring continued market resilience. Crypto is not the most critical issue for the Commission, but it is important—even for those of you who see no value or worse in anything bearing the “crypto” label. First, the Commission’s approach to crypto in recent years has evaded sound regulatory practice and must be corrected. The Commission has relied on enforcement actions to tell people how it views the application of securities laws to crypto and as a substitute for notice-and-comment rulemaking. It has provided little useful guidance about how the securities laws apply under the facts and circumstances of crypto. Second, although much of crypto to date has stood outside the traditional financial markets, change is coming fast both because traditional financial intermediaries are developing and engaging with crypto assets and market participants are experimenting with the tokenization of traditional securities. Finally, providing crypto clarity will allow the Commission to focus on the aforementioned many other things on its agenda. The Task Force, which Acting Chairman Uyeda established at the start of his tenure [4] and Chairman Atkins has continued, [5] has been around for about four months. In that time, we have hosted four roundtables and planned one more for next month, [6] received more than a hundred written submissions [7] that respond to an extensive request for input, [8] and held over one hundred meetings with industry participants and other members of the public with a diversity of views on a wide range of topics. [9] Staff across the Commission has issued new crypto guidance, including on crypto mining [10] and broker-dealer custody of customer crypto assets. [11] I support the issuance of further guidance to identify activities that are not covered by the securities laws, including on, for example, direct participation in proof-of-stake and delegated proof-of-stake systems and the technical nature of services that assist people seeking to participate in these consensus mechanisms. Staff has also rescinded guidance that has inhibited regulated entities from engaging with crypto assets. [12] In addition, the Task Force, along with staff across the Commission, has provided technical assistance in connection with congressional efforts to develop crypto legislation and has worked with other agencies to fulfill the President’s directives with respect to crypto. The most popular topic of discussion by far in written input and industry meetings has been security status. My short answer to the question—Are crypto assets securities?—is that most currently existing crypto assets in the market are not. My supplemental answer is that economic realities matter and non-security crypto assets may be distributed as part of an investment contract, which is a type of security. The federal securities laws apply broadly to situations in which a person takes another person’s money in exchange for a promise to generate value for the person who provided the money. As defined in statute, the term “security” includes a variety of enumerated instruments—such as stock, bonds, and notes—that all have a key feature in common. [13] All are “instruments that, in our commercial world, fall within the ordinary concept of a security.” [14] Securities ordinarily represent rights or an interest in a business entity or other promisor. [15] For example, a share of common stock represents certain voting and economic rights in the business entity that issued it, and a note represents the right to receive payments from a promisor. The intrinsic value of these instruments depends on the financial prospects of the associated business entity or promisor. The drafters of the federal securities laws did not intend the term “security” to include instruments that do not represent economic rights or an interest typical of an ordinary security with respect to a promisor. [16] So despite the broad application of the definition of “security” in the federal securities laws, some financial instruments fall outside of its reach, including some that are sold by fraudsters. [17] Financial instruments outside the Commission’s reach may be within scope for another regulator. The line demarcating transactions covered by the securities laws from those that are not is still hazy even after the SEC and courts have engaged for decades in following the congressional directive “to decide which of the myriad financial transactions in our society come within the coverage of the statutes.” [18] In assessing whether an instrument fits within the securities regime, the Supreme Court has opined that the “substance” of the instrument is more important than its “form.” [19] An instrument that is called “stock” but does not convey the rights typical of a security will not necessarily come within the scope of the federal securities laws. [20] Similarly, an instrument that is marketed as a good but conveys the rights typical of a security will be regulated as one. Considering the “economic realities” is not necessary for “traditional stock, [which sits] plainly within the statutory definition,” [21] but is for “unusual instruments” that are “not easily characterized as securities.” [22] The Supreme Court has recognized that this approach, which is “founded on economic reality rather than on a set of per se rules,” may lead to confusion about whether the securities laws apply in some contexts. [23] However, this approach permits “the SEC and the courts sufficient flexibility to ensure that those who market investments are not able to escape the coverage of the Securities Acts by creating new instruments that would not be covered by a more determinate definition.” [24] The Court suggested that Congress may have, “at the expense of the goal of clarity, . . . overvalued the goal of avoiding manipulation by the clever and dishonest.” [25] The Supreme Court’s acknowledgement of ambiguity accords with the crypto industry’s confusion on the subject and underscores why the Commission should have done its job of providing clarity on security status specifically for crypto asset offerings. So deep was the confusion that many crypto entrepreneurs left the United States or excluded the American public from participating in their projects. [26] Yes, the Commission did issue “The DAO Report” in 2017 to “confirm[] that issuers of distributed ledger or blockchain technology-based securities must register offers and sales of such securities unless a valid exemption applies.” [27] But facts in The DAO Report were distinguishable from many other crypto asset offerings. [28] Yes, the Commission staff did issue guidance, but that guidance was so complicated that nobody could follow it. [29] I support staff’s withdrawal of that guidance lest anyone else should still consider incurring the fees of a lawyer to decipher it. And yes, the Commission followed The DAO Report with many enforcement actions against issuers of crypto assets and crypto intermediaries, but many of these actions were premised on violating registration provisions that were not workable for the types of activities at issue. [30] The Commission has since settled or dropped many of these cases so that our policy divisions have the room they need to develop a sensible path forward. The Commission’s approach to crypto did not work; it neither stopped many of the worst crypto actors, nor provided clarity for the good ones. The fault lies with the Commission; not the hardworking staff who sought to do the best they could under the direction the Commission gave them. The Commission—consistent with its investor protection mission—will continue to vigorously pursue securities fraud, including in cases that involve crypto, but the Commission’s statutory authority does not cover fraud and scams of every kind. Although much later than it should have, the Commission now has begun the work of providing clarity. Guiding this work is a recognition that whether something resides onchain does not change its substance for purposes of analyzing its security status. Staff already has started to provide guidance, and, as Chairman Atkins mentioned at the Tokenization Roundtable, [31] we are moving expeditiously to codify our thinking through notice-and-comment rulemaking. Tokenization of real-world assets is in its infancy, so most crypto assets in existence today are not instruments enumerated in the definition of “security.” Common crypto assets are methods of payment, stores of value, access to computing power, artwork, rewards points, video game items, tickets, memberships, and memes. The Commission staff recently clarified that in its view certain meme coins and stablecoins are not securities because, among other things, they do not convey economic rights in a business entity or other promisor. [32] They are blockchain-based versions of things that exist in the offchain world. A meme coin is a digitally native type of collectible that derives its value from an associated meme or popular culture reference. A stablecoin is a digitally native payment instrument that is designed to maintain a stable value, similar to an open-loop gift card. A permanent exclusion from the term “security” for crypto assets that meet certain enumerated criteria—such as collectibles or stablecoins—could be helpful. Crypto assets that do not have indicia of external control or dependency could also be excluded. Other non-security crypto assets convey to their holder technical powers with respect to a functioning, decentralized, public, and permissionless blockchain network or application. Users must own the protocol’s native crypto asset to interact with the protocol’s features and functionalities. Users freely choose to participate in these protocols and abide by their rules, often in return for crypto asset rewards that are programmatically generated by or derived from use of the network or application. Developers, whose compensation comes in the form of crypto assets, want to build for networks and applications with an active user base because the high demand for crypto assets is reflected in the crypto asset price on secondary markets. An economic mechanism rewards voluntary cooperation and coordination among a distributed set of participants. A flywheel effect emerges whereby users are encouraged to participate in a protocol based on the design of its economic mechanism and developers are encouraged to build for networks and applications that successfully attract users. No central party oversees participation or distributes rewards to participants. As a result, the value of these crypto assets is intrinsically linked to the programmatic functioning of an associated network or application rather than to any business entity or promisor. Many non-fungible tokens (“NFTs”) also are not securities, including NFTs designed to compensate their creators over time. These NFTs are powered by smart contracts, which can be programmed to transmit automatically a portion of the sale price of an NFT to the creator of the artwork as a royalty each time that it is re-sold. Just as streaming platforms pay royalties to the creator of a song or video each time a user plays it, an NFT can enable artists to benefit from the appreciation in the value of their work after its initial sale. This “creator royalty” feature of certain NFTs does not provide to the NFT owner rights or an interest in any business enterprise or “the kinds of profits traditionally associated with securities.” [33] Crypto assets that do not represent economic rights or an interest in a business entity or other promisor (including an ownership or debt interest, revenue share, or entitlement to any interest or dividend payment) and are solely for use or consumption should not be subject to the federal securities laws. [34] The analysis does not change even if purchasers are speculating on an increase in the future value of the crypto asset. The more difficult security-status questions arise when distributions of non-security crypto assets occur early in the development of an associated network or application before the assets are functional and while the network or application is centralized. It is common practice today for a software development company, foundation, or related entity (for our purposes here, I will use the collective shorthand, “issuer”) to distribute a crypto asset along with promises of future functionality and decentralization before the crypto asset is functional and while the associated network or application is under the control of a central party. The issuer makes these promises, either directly to the purchasers (who often are venture capital funds or other institutional investors) or indirectly through public communications. The relevant promised efforts are “the undeniably significant ones, those essential managerial efforts which affect the failure or success of the enterprise.” [35] These promises shape the purchasers’ expectations; rather than buying a functional crypto asset, the purchaser is buying the crypto asset along with the issuer’s promise to make it functional. The promise arguably runs through these purchases “as the thread on which everybody’s beads [are] strung.” [36] If the issuer were to disappear and cease performing the essential managerial efforts, everybody’s beads would fall to the floor because the crypto asset’s value is intrinsically linked to the promisor’s efforts. These transactions start to look a lot like other transactions courts have held to be covered by the securities laws. Because the crypto assets are sold with promises to develop the network or application and deliver functionality, the crypto assets may be subject to a contract, transaction, or scheme that qualifies as an investment contract, a type of security under the federal securities laws. The Supreme Court defined this term in SEC v. W.J. Howey Co. as a “contract, transaction or scheme whereby a person invests his money in a common enterprise and is led to expect profits solely from the efforts of the promoter or a third party.” [37] The Supreme Court intended to capture “uncommon and irregular instruments” [38] that have “the essential attributes that run through all of the Court’s decisions defining a security.” [39] As the Court explained in Forman , “The touchstone is the presence of an investment in a common venture premised on a reasonable expectation of profits to be derived from the entrepreneurial or managerial efforts of others.” [40] Subsequent courts have elaborated on the definition, and the wide diversity of judicial interpretations has resulted in significant uncertainty for crypto market participants as well as participants in other markets. [41] Additional clarity from Congress on the scope of the term “investment contract” could be helpful in crypto markets and more generally. The biggest challenge for crypto market participants, including issuers, crypto trading venues, and early-stage purchasers, is determining when a non-security crypto asset subject to an investment contract separates from the investment contract. Some commentators have suggested that it separates immediately and subsequent sales of the crypto asset are not subject to any of the investor protections of the federal securities laws. [42] Others opine that the investment contract travels with the crypto asset until the associated network or application is sufficiently decentralized [43] or no longer controlled by a central party, [44] or the issuer has otherwise fulfilled its promises to purchasers of the investment contract. [45] Distinguishing the crypto asset from the investment contract allows the asset to trade freely outside of the securities laws. This delinking fosters the flywheel effect that I discussed earlier—a wide range of purchasers can buy the crypto asset easily and thus can use it in a network or application, and developers getting paid in the crypto asset can sell it easily. At the same time, treating all secondary sales of crypto assets as being free of the investment contract runs the risk of facilitating bad behavior: the dumping of crypto assets bought as part of an investment contract on retail investors while the crypto asset lacks function and its associated network or application remains centralized (and thus subject to information asymmetry concerns). If the initial holders are out of the picture because they have sold their crypto assets, the investment contract is unenforceable, and the issuer can dump its crypto assets too and walk away—wealthy and unaccountable for completing the project. Companies looking at capital raising options might even be tempted to use such crypto asset sales instead of other capital-raising methods: promise to build a network or functional product, do a crypto asset presale to venture capitalists, stop developing the network or product once they have sold out to retail, and plow the proceeds of the initial crypto asset sale into building their actual business. Market participants could solve this problem without a government solution. For example, issuers could place lock-ups on their own and initial purchasers’ crypto assets to demonstrate good faith to purchasers. Alternatively, or additionally, they could embed into the crypto assets specific performance deliverables and enforcement mechanisms using smart contracts. The investment contract would intentionally travel with the crypto asset until it was extinguished by performance of the specified deliverables. Although such a market-driven solution could reduce the need for government intervention, the Task Force is considering how to establish clear rules of the road for crypto asset transactions. To enable crypto projects to move forward now (while we await legislation and the courts continue to opine on these questions), the Commission could provide both a tailored registration regime for securities offerings involving crypto assets and an appropriately conditioned “safe harbor” from securities registration for transactions involving crypto assets that are (or might be) subject to an investment contract. A time-limited, conditional safe harbor would allow crypto assets subject to an investment contract to be transacted in without being subject to securities registration requirements for a period of time, provided that the issuer satisfies certain disclosure and investor protection requirements. [46] Such a safe harbor would afford issuers time to progressively deliver functionality for a crypto asset or decentralize a network or application, while providing material information to investors about the crypto asset, the issuer, and its promised essential managerial efforts. An alternative would be to regulate offers and sales of pre-functional and pre-decentralized crypto assets by the issuer, its affiliates, underwriters, and large holders as securities transactions, but exempt from regulation subsequent sales of these crypto assets on secondary markets. [47] Additionally, the Commission might establish an exemption framework so that certain distributions of crypto assets as part of an “airdrop” are not deemed “offers” or “sales” subject to registration. The Commission, acknowledging that some courts have found secondary sales of crypto assets to be securities transactions, could provide clarity around when the link between the investment contract and the crypto asset severs rather than leave this question entirely up to the courts’ ex post assessment. Achieving crypto asset functionality (as described in the issuer’s public statements) may be one way to break the link. Another way may be for control over the network or application to become dispersed so that the issuer is no longer providing essential managerial efforts and the information asymmetries that animated Congress in crafting the securities laws no longer exist. If the network or application would keep running if the issuer disappeared, it is hard to argue that the issuer is providing essential managerial efforts. Some issuers may seek to decentralize a network or application too quickly, to the detriment of the long-term success of the project, but issuers that commit to a progressive decentralization roadmap designed to mitigate against the disclosed risks of exploits, bugs, and governance failures are more likely to attract investors. Pragmatically speaking, the investment contract also might terminate if the issuer publicly discloses that it will no longer engage in the essential managerial efforts. In this case, it would not be reasonable for subsequent purchasers of the crypto asset to expect profits based upon the issuers’ essential managerial efforts, but—given that not fulfilling one’s promises to securities purchasers is bad conduct that securities laws address—the issuer may be liable to earlier purchasers of the investment contract. Upon conclusion or termination of the investment contract, the crypto asset would no longer be tethered to a security. [48] Regardless of how the SEC ultimately draws the lines, even if a broad swath of the crypto assets trading in secondary markets today were initially offered and sold subject to an investment contract, they clearly are no longer bought and sold in securities transactions. Many of these crypto assets are functional. With respect to others, purchasers no longer reasonably expect any business entity or other promisor to perform essential managerial efforts with respect to the crypto asset. In other words, the crypto asset’s value is intrinsically linked to something other than rights or an interest with respect to a business entity or other promisor. These assets are not themselves securities, nor are they any longer part of an investment contract, even if they once were. Forthcoming rulemaking by the Commission and legislation from Congress should continue to provide clarity about which crypto assets are securities. But, as highlighted in the discussion at last week’s roundtable on tokenization, many crypto assets are likely to fall clearly within the “security” definition; traditional securities in tokenized form are still securities. Among other market developments I anticipate is interest in trading tokenized securities alongside non-security crypto assets. Nothing in the federal securities laws or regulations currently restricts broker-dealers with an alternative trading system from offering trading in non-securities alongside securities, but further clarification from the Commission staff on this topic may be helpful to market participants as well. Additional authority from Congress to regulate both sides of these pairs trades could be helpful. I do not know whether blockchain will revolutionize the way our securities markets operate as some people suggest, [49] but we stand ready to work with the public as we have done in the past to incorporate new technologies into our markets. Two hundred and fifty years after Samuel Whittemore made his stand behind the stone wall, I stand here today grateful for the freedom for which he fought. I hope that all of us can look up from the minutiae of the securities laws for a moment to celebrate a quarter of a millennium’s fight for freedom. Even this seemingly abstruse project of regulating the securities markets that all of us in this room share with one another contributes to the strength of our Nation and the freedom of its people to pursue their dreams. Thank you to those of you who are on the SEC staff, were previously on the SEC staff, hope to join the SEC staff in the future, or are content serving in the private sector. All your voices are important in making sure that the SEC does its job well so that capital markets of this great Nation can continue to thrive. [1] See Henry Howe, Samuel Whittemore: Indomitable patriot of the American Revolution , U.S. Army, Apr. 4, 2025, available at https://www.army.mil/article/284422/samuel_whittemore_indomitable_patriot_of_the_american_revolution ; Katie Turner Getty, Before the Bayonetting: The Untold Story of Capt. Samuel Whittemore , Journal of the American Revolution, June 6, 2017, available at https://allthingsliberty.com/2017/06/bayonetting-untold-story-capt-samuel-whittemore/ . [2] See id. [3] Whittemore also cosigned a letter protesting the Act. See id. [4] Press Release, SEC Crypto 2.0: Acting Chairman Uyeda Announces Formation of New Crypto Task Force , Jan. 21, 2025, available at https://www.sec.gov/newsroom/press-releases/2025-30 . [5] Chairman Paul S. Atkins, Keynote Address at the Crypto Task Force Roundtable on Tokenization , May 12, 2025, available at https://www.sec.gov/newsroom/speeches-statements/atkins-remarks-crypto-roundtable-tokenization-051225 . [6] Crypto Task Force Roundtables (last updated May 15, 2025), available at https://www.sec.gov/about/crypto-task-force/crypto-task-force-roundtables . [7] Crypto Task Force Written Input (last accessed May 18, 2025), available at https://www.sec.gov/about/crypto-task-force/crypto-task-force-written-input . [8] Commissioner Hester M. Peirce, There Must Be Some Way Out of Here , Feb. 21, 2025, available at https://www.sec.gov/newsroom/speeches-statements/peirce-statement-rfi-022125 . [9] Crypto Task Force Meetings (last updated May 16, 2025), available at https://www.sec.gov/about/crypto-task-force/crypto-task-force-meetings . [10] Division of Corporation Finance, Statement on Certain Proof-of-Work Mining Activities, Mar. 20, 2025, https://www.sec.gov/newsroom/speeches-statements/statement-certain-proof-work-mining-activities-032025 (expressing staff’s view that participation in proof-of-work network consensus as a miner or as part of a “mining pool” does not constitute a securities transaction). Staff statements represent the views of the respective office or division; they are not rules, regulations, or statements of the Commission. Further, the Commission neither approves nor disapproves their content. Staff statements have no legal force or effect: they do not alter or amend applicable law, and they create no new or additional obligations for any person. [11] Division of Trading and Markets: Frequently Asked Questions Relating to Crypto Asset Activities and Distributed Ledger Technology , May 15, 2025, available at https://www.sec.gov/rules-regulations/staff-guidance/trading-markets-frequently-asked-questions/frequently-asked-questions-relating-crypto-asset-activities-distributed-ledger-technology ; https://www.sec.gov/newsroom/speeches-statements/cf-crypto-securities-041025 ; https://www.sec.gov/newsroom/speeches-statements/statement-stablecoins-040425 . [12] See, e.g. , Withdrawal of Joint Staff Statement on Broker-Dealer Custody of Digital Asset Securities, May 15, 2025, available at https://www.sec.gov/newsroom/speeches-statements/withdrawal-joint-staff-statement-broker-dealer-custody-digital-asset-securities ; Staff Accounting Bulletin No. 122, Release No. SAB 122, Jan. 23, 2025, available at https://www.sec.gov/rules-regulations/staff-guidance/staff-accounting-bulletins/staff-accounting-bulletin-122 (effectively rescinding Staff Accounting Bulletin No. 121). [13] 15 U.S.C. § 77b(a)(1); 15 U.S.C. § 78(a)(10); 15 U.S.C. § 80a-2(a)(36); 15 U.S.C. § 80b-2(a)(18). The definition of “security” is “virtually identical” in the Securities Act of 1933 and Securities Exchange Act of 1934 and treated by the courts as identical in “decisions dealing with the scope of the term.” Landreth Timber Co. v. Landreth , 471 U.S. 681, 686 n.1 (1985). The definition of “security” is also substantially similar under the Investment Company Act of 1940 and the Investment Advisers Act of 1940. [14] H.R. Rep. No. 85, 73d Cong., 1st Sess., 11 (1933) (emphasis added). [15] Thomas Lee Hazen, Treatise on the Law of Securities Regulation, § 1:48, Ordinary Understanding of the Term “Security,” 2023. See also United Housing Found., Inc. v. Forman , 421 U.S. 837, 858 (1975) (“What distinguishes a security transaction . . . is an investment where one parts with his money in the hope of receiving profits from the efforts of others, and not where he purchases a commodity for personal consumption or living quarters for personal use.”). [16] See Reves v. Ernst & Young , 494 U.S. 56 (1990) (“In defining the scope of the market that it wished to regulate, Congress painted with a broad brush. It recognized the virtually limitless scope of human ingenuity, especially in the creation of countless and variable schemes devised by those who seek the use of the money of others on the promise of profits, . . ., and determined that the best way to achieve its goal of protecting investors was ‘to define the term security in sufficiently broad and general terms so as to include within that definition the many types of instruments that in our commercial world fall within the ordinary concept of a security.”) (internal citations omitted). [17] See Marine Bank v. Weaver , 455 U.S. 551. 556 (1982) (“Congress, in enacting the securities laws, did not intend to provide a broad federal remedy for all fraud.”). [18] United Housing Found., Inc. v. Forman , 421 U.S. 837, 848 (1975). [19] Tcherepnin v. Knight , 389 U.S. 332, 336 (1967), quoted in Forman , 421 U.S. at 848. [20] See Forman , 421 U.S. at 848 (maintaining that a transaction, evidenced by the sale of shares labeled as “stock” is not “a security transaction simply because the statutory definition of a security includes the words ‘any . . . stock.’). [21] Landreth , 471 U.S. at 690. [22] Id. [23] Reves , 494 U.S. at 63 n.2. [24] Id. [25] Id. [26] See, e.g. , Ian Allison, U.S. Residents Missed as Much as $2.6B in Potential Revenue From Geoblocked Airdrops , Mar. 11, 2025, CoinDesk, available at https://www.coindesk.com/business/2025/03/11/venture-capital-firm-dragonfly-weighs-cost-of-geoblocked-airdops-to-u-s-crypto-holders ; Jeff Wilser, US Crypto Firms Eye Overseas Move Amid Regulatory Uncertainty , Mar. 30, 2023, CoinDesk, available at https://www.coindesk.com/consensus-magazine/2023/03/27/crypto-leaving-us . [27] See Press Release, SEC Issues Investigative Report Concluding DAO Tokens, a Digital Asset, Were Securities, July 25, 2017, available at https://www.sec.gov/newsroom/press-releases/2017-131 . [28] See Report of Investigation Pursuant to Section 21(a) of the Securities Exchange Act of 1934: The DAO, Release No. 81207, July 25, 2017, available at https://www.sec.gov/files/litigation/investreport/34-81207.pdf (“The DAO was created by Slock.it and Slock.it’s co-founders, with the objective of operating as a for-profit entity that would create and hold a corpus of assets through the sale of DAO Tokens to investors, which assets would then be used to fund ‘projects.’ The holders of DAO Tokens stood to share in the anticipated earnings from these projects as a return on their investment in DAO Tokens.”). [29] See Framework for “Investment Contract” Analysis of Digital Assets (Apr. 3, 2019), available at https://www.sec.gov/corpfin/framework-investment-contract-analysis-digital-assets . [30] See, e.g. , Commissioner Hester M. Peirce and Commissioner Mark T. Uyeda, On Today’s Episode of As the Crypto World Turns: Statement on ShapeShift AG , Mar. 5, 2024, available at https://www.sec.gov/newsroom/speeches-statements/peirce-uyeda-statement-crypto-world-turns-03-06-24 . [31] See Atkins, supra note 5. [32] See Division of Corporation Finance, Staff Statement on Meme Coins, Feb. 27, 2025, https://www.sec.gov/newsroom/speeches-statements/staff-statement-meme-coins ; Division of Corporation Finance, Statement on Stablecoins, April 4, 2025, https://www.sec.gov/newsroom/speeches-statements/statement-stablecoins-040425 . [33] See Forman , 421 U.S. at 854. [34] See id. at 852-53 (reasoning that “when a purchaser is motivated by a desire to use or consume the item purchased[,] the securities laws do not apply”). [35] SEC v. v. Glenn W. Turner Enterprises, Inc. , 474 F.2d 476, 482 (9th Cir. 1973). [36] SEC v. C. M. Joiner Leasing Corp. , 320 U.S. 344, 348 (1943). [37] SEC v. W.J. Howey Co. , 328 U.S. 293, 298-99 (1946). [38] Marine Bank , 455 U.S. at 556. [39] Forman , 421 U.S. at 852. [40] Id. [41] For example, some circuit courts require the pooling of investors’ funds and pro rata distribution of profits to establish a “common enterprise” under Howey , but other circuit courts solely require that investors share risk with the promoter to satisfy this element of Howey . Compare Revak v. SEC Realty Corp. , 18 F.3d 81, 87 (2d Cir. 1994) with SEC v. SG Ltd. , 265 F.3d 42, 49 (1st Cir. 2001). [42] See, e.g. , Lewis Cohen et al., The Ineluctable Modality of Securities Law: Why Fungible Crypto Assets Are not Securities (Nov. 10, 2022), available at https://ssrn.com/abstract=4282385 (“[T]here is no current basis in the law relating to ‘investment contracts’ to classify most fungible crypto assets as ‘securities’ when transferred in secondary transactions because an investment contract transaction is generally not present and these assets neither create nor represent the necessary cognizable legal relationship between an identifiable legal entity on the one hand and the owner of the crypto asset on the other that is the hallmark of a security”). [43] See, e.g., William Hinman, Digital Asset Transactions: When Howey Met Gary (Plastic) , June 14, 2018, available at https://www.sec.gov/newsroom/speeches-statements/speech-hinman-061418 (“. . . there may be other sufficiently decentralized networks and systems where regulating the tokens or coins that function on them as securities may not be required . . .”). [44] a16z, SEC RFI: A Control-Based Decentralization Framework for Securities Laws , at 9, available at https://api.a16zcrypto.com/wp-content/uploads/2025/03/a16z-Crypto-SEC-RFI-Questions-1-through-6-March-13-2025.pdf (“. . . where blockchain systems can eliminate mechanisms of control—including operational, economic, and voting control—they are not subject to the trust dependencies that intermediary-based arrangements give rise to and, therefore, should be excluded from the direct application of the federal securities laws.”). [45] See, e.g. , Gabriel Shapiro, A Philosophy of Securities Laws for Tokenized Networks , Dec. 31, 2019, available at https://medium.com/coinmonks/size-does-matter-part-4-e66e2a242140 (“Over time, the issuer of the token should be able to fulfill the terms of the investment contract represented by the network tokens — when it does, the fourth prong of the Howey test will no longer be met, the tokens will cease being securities and the issuer can terminate its SEC reporting obligations. Additionally, the issuer’s stake in the network will decline — when it declines sufficiently, this is independently a good index of when securities laws should cease to apply, since there is no longer an economic ‘controller’ of the network value.”). [46] See Commissioner Hester M. Peirce, Token Safe Harbor Proposal 2.0 , Apr. 13, 2021, available at https://www.sec.gov/newsroom/speeches-statements/peirce-statement-token-safe-harbor-proposal-20 . [47] Lewis Cohen, who argues compellingly against looking at crypto assets as securities because they initially were sold as the object of an investment contract in a fundraising transaction, suggests something similar. See Lewis Cohen, What We Talk About When We Talk About (Tokens) , Mar. 20, 2025, at 8, available at https://www.sec.gov/files/ctf-input-cohen-1-3-20-2025.pdf (suggesting pairing a token safe harbor with the following: “after the defined period, the initial fundraising party and its affiliates continue to provide the essential managerial efforts that impact the value of the relevant crypto asset, then sales of crypto by that fundraising entity (or its affiliates) would need to be registered with the Commission (as would have been the case had the safe harbor not been available”). [48] It is possible that a crypto asset could be re-sold as part of a separate and distinct investment contract in the event that the seller promises to engage in essential managerial efforts in connection with the sale. [49] See, e.g. , TuongVy Le and Austin Campbell, Crypto and the Evolution of the Capital Markets (May 12, 2025), at 34, available at https://papers.ssrn.com/sol3/papers.cfm?abstract_id=5250986 (“Blockchain offers something the architects of Wall Street’s legacy infrastructure could only dream of: real-time settlement, direct ownership, greater transparency, and the ability to strip away layers of friction that have become embedded in our financial system.”).",Hester M. Peirce,False
25,2025-05-14,An Incremental Step Along the Journey: The Division of Trading Markets’ Frequently Asked Questions Relating to Crypto Asset Activities and Distributed Ledger Technologies,https://www.sec.gov/newsroom/speeches-statements/peirce-tm-faq-051525,"# An Incremental Step Along the Journey: The Division of Trading Markets’ Frequently Asked Questions Relating to Crypto Asset Activities and Distributed Ledger Technologies
> An Incremental Step Along the Journey: The Division of Trading Markets’ Frequently Asked Questions Relating to Crypto Asset Activities and Distributed Ledger Technologies Commissioner Hester M. Peirce May 15, 2025

## More in this Section
More in this Section Newsroom Press Releases Speeches & Statements Meetings & Events SEC Videos Social Media Directory What's New Newsroom Press Releases Speeches & Statements Meetings & Events SEC Videos Social Media Directory What's New Home Newsroom Speeches and Statements An Incremental Step Along the Journey: The Division of Trading Markets’ Frequently Asked Questions Relating to Crypto Asset Activities and Distributed Ledger Technologies Statement An Incremental Step Along the Journey: The Division of Trading Markets’ Frequently Asked Questions Relating to Crypto Asset Activities and Distributed Ledger Technologies Commissioner Hester M. Peirce Washington D.C. May 15, 2025 Today, the staff of the Division of Trading and Markets issued a set of frequently asked questions (“FAQs”) relating to the application of certain broker-dealer financial responsibility rules and transfer agent rules to crypto asset activities and distributed ledger technology. Many of the responses to these FAQs should not be controversial, as they simply reiterate what our rules already say or do not say. Nonetheless, given the uncertainty in the market regarding the application of our rules to crypto generally, I am pleased that the staff has issued these helpful FAQs. As one example, these FAQs address staff’s views about whether and how broker-dealer custody and capital rules apply to crypto assets, including in the context of in-kind creations and redemptions for spot crypto asset exchange-traded products (ETPs). The FAQs note that the possession and control requirements of Rule 15c3-3 are not implicated if a broker-dealer holds non-security crypto assets for customers. These requirements apply only to securities. The FAQs also address the net capital treatment of proprietary positions in bitcoin and ether, which are the only two crypto assets currently underlying crypto asset ETPs trading on national securities exchanges. The statement’s limitation to the capital treatment of bitcoin and ether does not mean that broker-dealers may hold only those crypto assets or that only those crypto assets may be readily marketable for purposes of the net capital rules. The FAQs highlight that non-security crypto assets held by a broker-dealer are not protected by SIPA. SIPA is fundamentally tailored to securities, not commodities or other assets. These FAQs, by underscoring the absence of SIPA protection, remind investors about the risks they may face when holding non-security crypto assets through a broker-dealer. The FAQs also include questions relating to transfer agents. Notably, the FAQs address a registered transfer agent’s use of distributed ledger technology as its official Master Securityholder File or a component thereof. This FAQ may be relevant for firms (and their transfer agents) considering issuing tokenized securities. These FAQs are incremental, not comprehensive. The staff and the Commission still have much more work to do. For example, many market participants have urged us to replace the special purpose broker-dealer statement with a more fit-for-purpose statement addressing how broker-dealers may custody crypto assets that are securities, including tokenized versions of traditional securities. In the meantime, the SPBD continues to be a non-exclusive safe harbor upon which broker-dealers can rely. In addition, market participants have asked for guidance on the net capital treatment of other crypto assets. I also am eager to hear whether the industry believes additional clarity or other actions by the SEC with respect to transfer agent rules would be helpful to facilitate onchain tokenization efforts. I appreciate the diligent work of the Division of Trading and Markets in preparing these FAQs. Market participants that have additional questions on these and other issues raised by the FAQs should feel free to reach out to the Division of Trading and Markets. [1] The Crypto Task Force also welcomes inquiries and feedback on these FAQs through crypto@sec.gov. [1] https://www.sec.gov/about/divisions-offices/division-trading-markets/contacting-division-trading-markets",Hester M. Peirce,False
26,2025-05-11,Keynote Address at the Crypto Task Force Roundtable on Tokenization,https://www.sec.gov/newsroom/speeches-statements/atkins-remarks-crypto-roundtable-tokenization-051225-keynote-address-crypto-task-force-roundtable-tokenization,"# Keynote Address at the Crypto Task Force Roundtable on Tokenization
> SEC Chairman Paul Atkins discusses plans to develop a rational regulatory framework for crypto asset markets that establishes clear rules of the road for the issuance, custody, and trading of crypto assets.

## More in this Section
More in this Section Newsroom Press Releases Speeches & Statements Meetings & Events SEC Videos Social Media Directory What's New Newsroom Press Releases Speeches & Statements Meetings & Events SEC Videos Social Media Directory What's New Home Newsroom Speeches and Statements Keynote Address at the Crypto Task Force Roundtable on Tokenization Speech Keynote Address at the Crypto Task Force Roundtable on Tokenization Paul S. Atkins, Chairman Washington D.C. May 12, 2025 Thank you and good afternoon. I am delighted to speak to this distinguished group at today’s roundtable on tokenization. [1] Thank you to the panelists for participating today. The topic of this afternoon’s discussion is timely as securities are increasingly migrating from traditional (or “off-chain”) databases to blockchain-based (or “on-chain”) ledger systems. This movement of securities from off-chain to on-chain systems is akin to the transition of audio recordings from analog vinyl records to cassette tapes to digital software decades ago. The ability to easily encode audio in a digital file format, which could readily be transferred, modified, and stored, unlocked tremendous innovation within the music industry. [2] Audio was freed from its boundaries as a static, fixed-format creation. It suddenly was compatible and interoperable across a wide range of devices and applications. It could be combined, broken apart, and programmed to form entirely new products. This also led to the development of novel hardware devices and streaming content business models, greatly benefiting consumers and the American economy. [3] Just as the shift to digital audio revolutionized the music industry, the migration to on-chain securities has the potential to remodel aspects of the securities market by enabling entirely new methods of issuing, trading, owning, and using securities. For example, on-chain securities can utilize smart contracts to transparently distribute dividends to shareholders on a regular cadence. Tokenization can also enhance capital formation by transforming relatively illiquid assets into liquid investment opportunities. Blockchain technology holds the promise to allow for a broad swath of novel use cases for securities, fostering new kinds of market activities that many of the Commission’s legacy rules and regulations do not contemplate today. In order for the United States to be the “crypto capital of the planet” as envisioned by President Trump, [4] the Commission must keep pace with innovation and consider whether regulatory changes are needed to accommodate on-chain securities and other crypto assets. Rules and regulations designed for off-chain securities may be incompatible with or unnecessary for on-chain assets and stifle the growth of blockchain technology. A key priority of my Chairmanship will be to develop a rational regulatory framework for crypto asset markets that establishes clear rules of the road for the issuance, custody, and trading of crypto assets while continuing to discourage bad actors from violating the law. Clear rules of the road are necessary for investor protection against fraud – not the least to help them identify scams that do not comport with the law. It is a new day at the SEC. Policymaking will no longer result from ad hoc enforcement actions. Instead, the Commission will utilize its existing rulemaking, interpretive, and exemptive authorities to set fit-for-purpose standards for market participants. The Commission’s enforcement approach will return to Congress’ original intent, which is to police violations of these established obligations, particularly as they relate to fraud and manipulation. This undertaking requires coordination across multiple offices and divisions within the Commission, which is why I am pleased that Commissioner Uyeda and Commissioner Peirce have worked together to establish the Crypto Task Force. For too long, the Commission has been plagued by policymaking siloes. The Crypto Task Force exemplifies how our policy divisions can come together to expeditiously provide long-needed clarity and certainty to the American public. Now, I mentioned three areas of focus for crypto asset policy – issuance, custody, and trading. Issuance First, I intend for the Commission to establish clear and sensible guidelines for distributions of crypto assets that are securities or subject to an investment contract. Only four crypto asset issuers have conducted registered offerings and offerings pursuant to Regulation A. [5] Issuers have largely avoided these types of offerings, in part, due to challenges in satisfying the associated disclosure requirements. In cases where the issuer does not intend to distribute ordinary securities, such as stock, bonds, or notes, issuers also struggle to determine whether a crypto asset constitutes a “security” or is subject to an investment contract. [6] In the past few years, the SEC first pursued what I call the “head-in-the-sand” approach – perhaps hoping that crypto would go away. Then, it pivoted and pursued a shoot-first-and-ask-questions-later approach of regulation through enforcement. It claimed that it was willing to talk to prospective registrants, “Just come in to visit,” but this proved ephemeral at best and more often misleading because the SEC made no necessary adaptations to registration forms for this new technology. For example, Form S-1 continues to require detailed information regarding executive compensation and use of proceeds, which may not be relevant or material for investment decisions in crypto assets. While the SEC has previously adapted its forms for offerings of asset-backed securities and by real estate investment trusts, it has not done so for crypto assets despite increased investor interest in this space over the past few years. We cannot encourage innovation by trying to fit a square peg into a round hole. I am committed to the Commission charting a new course. The Commission staff recently issued a staff statement on disclosure obligations for certain registrations and offerings. [7] The staff also clarified the view that certain distributions and crypto assets do not implicate the federal securities laws, and I expect the staff to continue to provide clarifications at my direction with regard to other types of distributions and assets. [8] However, existing registration exemptions and safe harbors may not be entirely fit-for-purpose for certain types of crypto asset offerings. I view this construct of staff pronouncements as extremely temporary – Commission action is both vital and necessary. In the meantime, I have asked the Commission staff to consider whether additional guidance, registration exemptions, and safe harbors are needed to create pathways for crypto asset issuances within the United States. I believe that the Commission has broad discretion under the securities acts to accommodate the crypto industry, and I intend to get it done. Custody Second, I support providing registrants with greater optionality in determining how to custody crypto assets. Commission staff recently removed a significant impediment for companies seeking to provide crypto asset custodial services by rescinding Staff Accounting Bulletin No. 121. [9] That pronouncement was a grave error. The staff had no place to act so broadly in place of Commission action and without notice-and-comment rulemaking. The action created needless confusion and went far beyond the jurisdiction of the SEC in its effects. However, the SEC can do much more to enhance competition in the market for legally compliant custodial services than merely getting rid of SAB 121. It is important to provide clarity on the types of custodians that qualify as a “qualified custodian” under the Advisers Act and Investment Company Act, as well as reasonable exceptions from the qualified custody requirements to accommodate certain common practices within crypto asset markets. Many advisers and funds have access to self-custodial solutions that incorporate more advanced technology to safeguard crypto assets as compared to some of the custodians in the market. Consequently, the custody rules may need to be updated to allow advisers and funds to engage in self-custody under certain circumstances. Additionally, it may be necessary to repeal and replace the “special purpose broker-dealer” framework [10] with a more rational regime. Only two special purpose broker-dealer are in operation today due clearly to the significant limitations imposed on these entities. Broker-dealers are not and never were restricted from acting as a custodian for non-security crypto assets or crypto asset securities, but Commission action may be needed to clarify the application of the customer protection and net capital rules to this activity. Trading Third, I am in favor of allowing registrants to trade a broader variety of products on their platforms and in response to market demand, activities which previous Commissions had prevented. For example, some broker-dealers seek to go to market with a “super app” that offers trading in securities and non-securities and other financial services all under a single roof. Nothing in the federal securities laws prohibits registered broker-dealers with an alternative trading system from facilitating trading in non-securities, including via “pairs trading” between securities and non-securities. I have asked the staff to help us devise ways to modernize the ATS regulatory regime to better accommodate crypto assets. Additionally, I have asked the staff to explore whether further guidance or rulemaking may be helpful for enabling the listing and trading of crypto assets on national securities exchanges. While the Commission and its staff work to develop a comprehensive regulatory framework for crypto assets, securities market participants should not be compelled to go offshore to innovate with blockchain technology. I would like to explore whether conditional exemptive relief would be appropriate for registrants and non-registrants that seek to bring new products and services to market that may otherwise not be compatible with current Commission rules and regulations. I am eager to coordinate with colleagues in President Trump’s Administration and Congress to make the United States the best place in the world to participate in crypto asset markets. Thank you for your attention. I look forward to the discussions to follow. [1] These remarks reflect my individual views as Chairman of the Commission and do not necessarily reflect the views of the full Commission or my fellow Commissioners. [2] See Jamie Lendino, RIP iPod, the MP3 Player That Changed the Way We Listen to Music , PC Magazine, May 11, 2022, available at https://www.pcmag.com/opinions/rip-ipod-the-mp3-player-that-changed-the-way-we-listen-to-music . [3] See Kristin Robinson, 15 Years of Spotify: How the Streaming Giant Has Changed and Reinvented the Music Industry , Variety, Apr. 13, 2021, available at https://variety.com/2021/music/news/spotify-turns-15-how-the-streaming-giant-has-changed-and-reinvented-the-music-industry-1234948299/ . [4] Kimberlee Kruesi, Trump calls for US to be ‘crypto capital of the planet’ in appeal to Nashville bitcoin conference , AP, July 27, 2024, available at https://apnews.com/article/donald-trump-bitcoin-cryptocurrency-stockpile-6f1314f5e99bbf47cc3ee6fc6178588d . [5] For example, INX Limited offered crypto assets pursuant to a Form F-1; Blockstack PBC and YouNow, Inc. conducted Regulation A offerings of crypto assets. [6] See, e.g. , Benjamin Schiller, Ether’s Prometheum Test , CoinDesk, June 14, 2024, available at https://www.coindesk.com/opinion/2024/02/08/ethers-prometheum-test . [7] See Division of Corporation Finance, Offerings and Registrations of Securities in the Crypto Asset Markets, Apr. 10, 2025, available at https://www.sec.gov/newsroom/speeches-statements/cf-crypto-securities-041025 . Staff statements represent the views of the staff, and the Commission has neither approved nor disapproved their content. [8] See Division of Corporation Finance, Staff Statement on Meme Coins, Feb. 27, 2025, https://www.sec.gov/newsroom/speeches-statements/staff-statement-meme-coins ; Division of Corporation Finance, Statement on Certain Proof-of-Work Mining Activities, Mar. 20, 2025, https://www.sec.gov/newsroom/speeches-statements/statement-certain-proof-work-mining-activities-032025 ; Division of Corporation Finance, Statement on Stablecoins, April 4, 2025, https://www.sec.gov/newsroom/speeches-statements/statement-stablecoins-040425 . [9] See Staff Accounting Bulletin No. 122, Release No. SAB 122, Jan. 23, 2025, https://www.sec.gov/rules-regulations/staff-guidance/staff-accounting-bulletins/staff-accounting-bulletin-122 . [10] Custody of Digital Asset Securities by Special Purpose Broker-Dealers, 86 Fed. Reg. 11627 (Feb. 26, 2021).",Paul S. Atkins,False
27,2025-05-11,Getting Smart – Tokenization and the Creation of Networks for Smart Assets: Opening Remarks for Tokenization Roundtable,https://www.sec.gov/newsroom/speeches-statements/peirce-remarks-crypto-roundtable-tokenization-051225,"# Getting Smart – Tokenization and the Creation of Networks for Smart Assets: Opening Remarks for Tokenization Roundtable
> Getting Smart – Tokenization and the Creation of Networks for Smart Assets: Opening Remarks for Tokenization Roundtable Commissioner Hester M. Peirce May 12, 2025

## More in this Section
More in this Section Newsroom Press Releases Speeches & Statements Meetings & Events SEC Videos Social Media Directory What's New Newsroom Press Releases Speeches & Statements Meetings & Events SEC Videos Social Media Directory What's New Home Newsroom Speeches and Statements Getting Smart – Tokenization and the Creation of Networks for Smart Assets: Opening Remarks for Tokenization Roundtable Speech Getting Smart – Tokenization and the Creation of Networks for Smart Assets: Opening Remarks for Tokenization Roundtable Commissioner Hester M. Peirce Washington D.C. May 12, 2025 Thank you, Chairman Atkins, Commissioner Uyeda, and Commissioner Crenshaw, and thank you all for joining us in person or online for the Crypto Task Force’s fourth roundtable. Thank you especially to our moderators, Jeff Dinwoodie and Tiffany Smith, and today’s panelists for helping us to get smart on tokenization. Tokenization is rooted in the internet, which revolutionized our lives by enabling the creation of a range of networks. At the base of these networks are software protocols—a set of rules defining how computers and other devices communicate with each other. Protocols built on top of TCP/IP [1] —the protocol that governs the internet—enable applications that facilitate communication and easy access to information. [2] Blockchain and other distributed ledger technology protocols are new internet-based protocols enabling the creation of new global networks, this time to facilitate the seamless transfer of assets and related data. These protocols commonly rely on cryptography for their operation and security. Novel crypto assets that would not exist but for the underlying protocols live on these networks. So do traditional assets when they get tokenized. Tokenization fits squarely within the Commission’s jurisdiction because it involves formatting traditional financial assets, like stocks and bonds, as crypto assets (or “tokens”) on a crypto network. Much as earlier internet-based protocols dramatically enhanced our lives by making it easier to communicate and access information, these cryptographic protocols have the potential to improve our lives through enhanced accessibility and efficiency of the markets for traditional financial assets. Your “smartphone” makes you smarter and more efficient by serving as a portal to the internet and its networks of applications. Similarly, tokenizing traditional assets and putting them on crypto networks makes them smarter. Crypto networks are not only a new type of database or ledger for recording ownership of assets, but also a new type of computing platform that can support applications that allow you to do more with your assets. Smart contracts are self-executing software programs that define important properties of assets and applications running on crypto networks and serve as a portal to the networks of applications supported by these new internet-based protocols. A smart contract can define how and when securities may be purchased, sold, and transferred, as well as automate dividend and interest payments or other distributions. Further, because of the common protocols used to program these smart contracts and the related assets and applications, investors can use tokenized securities seamlessly on or within other smart contract-based applications, including DeFi applications. Removing securities from siloed databases and tokenizing them on open, composable crypto networks mobilizes them and makes them usable in new and enhanced ways. Stablecoins, the first application of tokenization to achieve scale, demonstrate the efficiency and accessibility improvements that may arise from the use of crypto networks. Tokenization may provide similar benefits to the securities markets, such as increased operational efficiency, transactional transparency, liquidity, and accessibility; faster settlement; and greater investor opportunity. Several tokenized money market products are registered under the Investment Company Act of 1940, and tokenized private funds similarly issue securities designed to maintain a stable value and provide yield. Using crypto networks to maintain the record of ownership enables the securities to be used as collateral in derivatives transactions, rather than requiring investors to redeem the securities and then post cash as collateral. Tokenized securities also may serve as a means of settlement in the purchase and sale of other crypto assets, including other tokenized securities, in peer-to-peer or other types of onchain transactions. If these assets live on the same network, near-instant and simultaneous settlement is possible. Tokenization cannot reach its full potential without legal clarity. Issuers and transfer agents continue to be unsure about whether a crypto network can be the master securityholder file or a component thereof for purposes of the Exchange Act’s transfer agent rules, even where the relevant state law expressly contemplates the use of a crypto network in connection with the maintenance of the securities ownership record. Further, the Commission’s Special Purpose Broker-Dealer statement, which defines “crypto asset security” to encompass any security that relies on cryptographic protocols, has created confusion regarding a broker-dealer’s ability to custody tokenized traditional securities, even when issuers and transfer agents retain control and can address erroneous or impermissible transactions. The Commission proposed to amend the Advisers Act custody rule to preclude traditional securities that are issued on a public, permissionless crypto network from eligibility for an exception from the qualified custodian requirement. We are working on providing legal clarity to these and other questions in a sensible manner. Absent a compelling reason grounded in fact and law, the Commission should treat tokenized securities the same as traditionally issued securities. Under this approach, for example, the type of database used to record ownership of securities does not affect the substance of the securities issued, nor does the use of a crypto network give rise to a new or different type of security. A crypto network can constitute all or part of the issuer’s books maintained by its transfer agent. Tokenized mutual fund shares and tokenized privately issued securities should be eligible for the exceptions for such securities from the Advisers Act qualified custodian requirement. Tokenization may raise some legal challenges related, for example, to the integration with DeFi, application of the transfer agent rules and National Market System requirements, use of permissionless networks, and appropriate classification as certificated versus uncertificated securities. We can work through these and other issues with the expert help of today’s panelists and other interested members of the public. I look forward to the upcoming panels. [1] Transmission Control Protocol/Internet Protocol. [2] For example, the SMTP protocol (Simple Mail Transfer Protocol) and the HTTP protocol (Hyper Text transfer Protocol) enable the free flow of information via email and the web, respectively, and the VoIP protocol (Voice over Internet Protocol) enables voice communication over the internet and powers the video conferencing applications that have become a ubiquitous tool in the business world and in personal relationships.",Hester M. Peirce,False
28,2025-05-11,Tokenization: Our Field of Dreams? Remarks at the Crypto Task Force Roundtable on Tokenization,https://www.sec.gov/newsroom/speeches-statements/crenshaw-remarks-crypto-roundtable-tokenization-051225,"# Tokenization: Our Field of Dreams? Remarks at the Crypto Task Force Roundtable on Tokenization
> Tokenization: Our Field of Dreams? Remarks at the Crypto Task Force Roundtable on Tokenization Commissioner Caroline A. Crenshaw May 12, 2025

## More in this Section
More in this Section Newsroom Press Releases Speeches & Statements Meetings & Events SEC Videos Social Media Directory What's New Newsroom Press Releases Speeches & Statements Meetings & Events SEC Videos Social Media Directory What's New Home Newsroom Speeches and Statements Tokenization: Our Field of Dreams? Remarks at the Crypto Task Force Roundtable on Tokenization Speech Tokenization: Our Field of Dreams? Remarks at the Crypto Task Force Roundtable on Tokenization Commissioner Caroline A. Crenshaw Washington D.C. May 12, 2025 Today’s topic is very broad, perhaps the broadest tackled so far in these Crypto Task Force roundtables: tokenization. I understand that much of the discussion will focus on potential regulatory efforts to facilitate tokenization. This idea brings to mind a famous line from the movie Field of Dreams – “if you build it, they will come.” [1] As you may remember, this is a movie starring Kevin Costner as Ray Kinsella, a farmer who is inspired by a mysterious voice to plow under his corn field and build a baseball diamond, taking it on faith that great things will follow. I see a parallel to the current enthusiasm around tokenization. Blockchain technology has been around for a long time. [2] And, although a number of limited use cases have recently been introduced, [3] it has not been widely adopted for issuance and trading of registered securities. There is an argument that if we “build” – or more accurately, “rebuild” – the financial system to accommodate blockchain, “they” – all manner of market participants – “will come” to embrace tokenized securities. Investors will benefit from increased participation and choice, and markets will flourish from blockchain-derived improvements. To this, I would first ask, what exactly are we trying to build? What is tokenization? It is a term that, even limited to the SEC space, eludes a straightforward definition. Does tokenization mean issuing a security directly on a blockchain? Or does it refer to creating a digital representation of a security on a blockchain? This may seem a subtle distinction, but it likely carries significant consequences from a regulatory perspective. Beyond issuance, does or should tokenization encompass downstream distribution, trading, clearing and settlement? In other words, would the entire securities lifecycle move “on-chain,” or only a part of it? However we might try to answer these definitional questions, it’s clear that a tokenized financial system is unlike anything we’ve seen before. It’s not something known and understood like the baseball field Ray Kinsella built. The vision many espouse seems to be a fully tokenized system, where any security, including high-volume liquid products like Fortune 500 stocks, can be issued, traded, cleared and settled on the blockchain. Is that even technologically possible? If we are talking about public permissionless blockchains, the answer at least as we sit here today seems to be no. The transaction volume limitations and other scalability problems are well understood. [4] The whole concept of public permissionless blockchains – which were designed to provide trust without the need for government oversight [5] – seems an awkward vehicle for something as complex and statutorily regulated as the securities markets. If we are talking about private or permissioned blockchains, does that improve the potential for scalability? Even if it does, is this qualitatively different from other types of database technologies already in widespread use? [6] Does it warrant any regulatory adjustments at all? No one seems to disagree that the SEC should remain a “tech neutral” regulator. So why is it our place to assess particular forms of blockchain as candidates for industry adoption? Why would we focus on blockchain in particular over other types of distributed ledger technologies? Regulatory efforts to facilitate adoption of blockchain, let alone specific forms of it, seem like the government picking winners and losers. And we seem to be doing so before the technology has even been demonstrated as fit for purpose. Moving on from the questions around what we are trying to build, why are we trying to build it? Proponents argue tokenization can speed up the settlement of trades and make markets more efficient. Instead of our current settlement cycle of T+1, tokenization could potentially move us to instant settlement or “T+0.” There is also an argument that instant settlement could reduce counterparty risks because trades would be pre-funded. But the settlement cycle, while shorter than it used to be, is a design feature, not a bug. The intentional delay built in between trade execution and settlement provides for core market functionalities and protection mechanisms. For example, the settlement cycle facilitates netting. Roughly speaking, netting allows counterparties to settle a day’s worth of trades on a net basis rather than trade-by-trade. The sophisticated, multilateral netting that occurs in our national clearance and settlement system drastically reduces the volume of trades requiring final settlement. On average, 98% of trade obligations are eliminated through netting. [7] This allows the current system to handle tremendous volume. It’s a key reason why our markets withstood sustained, record-breaking trade volume in recent weeks without major failures. Netting also facilitates liquidity. Because the vast majority of trades are “netted” and don’t require settlement, they don’t require an exchange of money. [8] If A sells to B, B sells to C, and C sells to A, these trades are paired off and eliminated. A, B, and C can each retain their capital, as compared to a bilateral instant settlement over a blockchain, where each would have given up its cash for at least some period of time. [9] Another important consideration is that instant settlement would generally disfavor retail investors, many of whom currently rely on the ability to submit payment after placing orders. [10] We must also remember that critical compliance activities take place during the settlement cycle. These include checks designed to identify and prevent fraud and cybercrime. [11] When red flags go up, the ability to pause a transaction and investigate is essential for investor protection and broader concerns like national security and counterterrorism. For these and other reasons, it is not at all clear that shortening the existing settlement cycle is desirable or feasible. [12] Regulators and major market participants, here and abroad, have persuasively argued otherwise. [13] I think it is our statutory obligation as a regulator to exercise extreme caution with potential changes of this scale, which historically have been undertaken only to address true market crises. While there are certainly areas to improve in our markets, I am interested in whether the changes discussed today would fix any specific existing dysfunction. In Field of Dreams, putting faith in “if you build it, they will come” worked out pretty well in the end for Ray Kinsella. But Ray was making a choice, and taking a risk, limited to his family and his farm. The SEC is the steward of the U.S. capital markets, and the kinds of systemic changes we are talking about have the potential to affect every market participant from Wall Street to Main Street. Let’s ensure that what we’re contemplating is appropriately scoped to the portion of the market that participates in crypto – recently estimated to be less than 5% of U.S. households [14] – and not detrimental to the “TradFi” markets on which most Americans depend for their financial well-being. [15] Thank you all for your ongoing engagement with the Commission on these important issues. I look forward to today’s discussions. [1] See Wikipedia, Field of Dreams . [2] See Eric Budish, Trust at Scale: The Economic Limits of Cryptocurrencies and Blockchains , University of Chicago Booth School of Business, at fn 2 (Sept. 24, 2024). [3] These include money market funds, such as the Franklin OnChain U.S. Government Money Fund. See Summary Prospectus (Jan. 3, 2025). [4] See Arthur E. Wilmarth Jr., We Must Protect Investors and Our Banking System from the Crypto Industry , 101 Wash. U. L. Rev. 235, 296 (2023); Frederic Boissay et al., Blockchain Scalability and the Fragmentation of Crypto, Bank for Int’l Settlements Bulletin No. 56 (Jun. 7, 2022). [5] See Budish, infra n2, at 1-2. [6] See Matt Levine, Bank Blockchains and an Alibaba Box , Bloomberg.com (Jan. 10, 2017) (discussing that while blockchains may be “a better way to build a database,” a core aspect of their appeal is “sociological”: “[i]f you announce that you are updating the database software used by a consortium of banks to track derivatives trades, the New York Times will not write an article about it. If you say that you are blockchaining the blockchain software used by a blockchain of blockchains to blockchain blockchain blockchains, the New York Times will blockchain a blockchain about it.”). [7] DTCC, A Guide to Clearance & Settlement: Matching and Netting . [8] See id. [9] See Michael Fleming and Frank Keane, The Netting Efficiencies of Marketwide Central Clearing , Federal Reserve Bank of New York Staff Reports , at 4-5 (Apr. 2021). [10] See SIFMA, Comments to SEC Proposed rule “Shortening the Securities Transaction Settlement Cycle” (Apr. 13, 2022) (“Many retail investors submit payment after placing orders, and . . . as many as 20% still make payment by paper check. In a T+0 environment, retail investors would be required to deposit funds in trading accounts in advance of trading (pre-fund) . . . potentially leaving cash in low-yielding investments.”). [11] See Hilary J. Allen, Testimony before the U.S. House of Representatives Committee on Financial Services, Subcommittee on Digital Assets, Financial Technology, and Inclusion, Hearing on Next Generation Infrastructure: How Tokenization of Real-World Assets Will Facilitate Efficient Markets , 14-16 (June 5, 2024). [12] See SIFMA, ICI, and DTCC, T+1 After Action Report , at 7-8 (Sept. 2024) (“Despite the success of [ ] T+1, moving to T+0 is not simply the next step in the process … industry consensus is that further accelerating to T+0 could introduce significant risks and complexities … [and] exacerbate market dislocations that already exist ….”). [13] See, e.g., SIFMA, T+0? More Risk, Fewer Benefits (Feb. 2, 2022); European Securities and Markets Authority, Feedback statement: Call for evidence on shortening the settlement cycle , at 8-9 (“the costs of [T+0] would largely outweigh the benefits[,] would not be achievable in the short or medium term, … would require radical changes to the way markets operate and would likely involve new technologies which are not yet deployed at sufficient scale in financial markets. Furthermore, T+0 … would induce a loss of benefits provided by netting of positions and could create pressure on liquidity due to the need to have all transactions pre-funded. Other disadvantages of T+0 have also been suggested ….”). [14] Juan M. Sánchez and Masataka Mori, “ Cryptocurrency Ownership among U.S. Households ,” St. Louis Fed On the Economy (Mar. 11, 2025). [15] See Federal Reserve, Survey of Consumer Finances , 2022 (estimating that as of 2022, 58% of U.S. households owned stocks and 54.4% owned retirement accounts).",Caroline A. Crenshaw,False
29,2025-05-11,Tokenization of Real-World Assets,https://www.sec.gov/newsroom/speeches-statements/uyeda-remarks-crypto-roundtable-tokenization-051225,"# Tokenization of Real-World Assets
> Tokenization of Real-World Assets Mark T. Uyeda (May 12, 2025)

## More in this Section
More in this Section Newsroom Press Releases Speeches & Statements Meetings & Events SEC Videos Social Media Directory What's New Newsroom Press Releases Speeches & Statements Meetings & Events SEC Videos Social Media Directory What's New Home Newsroom Speeches and Statements Tokenization of Real-World Assets Speech Tokenization of Real-World Assets Commissioner Mark T. Uyeda Washington D.C. May 12, 2025 Good afternoon and thank you to the panelists and attendees participating in the Commission’s roundtable on tokenization. I appreciate your willingness to engage and share your thoughts with us. Innovative Technologies Benefit from Regulatory Transparency Technology has played an important role in the history of financial regulation and tokenization is no different. These roundtables serve as an opportunity for financial regulators to seek public input on how to address new types of financial products and services. We should not shy away from policymaking about emerging technologies, simply because it does not fit into the existing regulatory framework. The first step in sound policymaking is seeking input from market participants. In recent history, we seem to have forgotten a very fundamental concept: that investors and issuers have valuable observations and experiences. Given that we are in a “full disclosure business,” I am pleased with the Commission’s new crypto approach under the leadership of Commissioner Hester Peirce and the Crypto Task Force. Whether the issues relate to bringing real-world assets onchain or considering custodial issues like we did at our last roundtable, we should promote a transparent regulatory environment. Market participants should not be left guessing as to how they can comply with the Commission rulebook. These roundtable conversations are a useful step in obtaining this information – with a view to constructing a regulatory framework that provides transparency and predictability for market participants that seek to bring assets onchain. Potential Impacts to Key Market Processes These conversations are particularly important given the development and deployment of new technologies, which have the potential to dramatically change how financial markets operate. In particular, the developments related to the tokenization of real-world assets using blockchain technology implicate major financial market functions and processes like issuance, trading, transfer, settlement, and record of ownership. In addition to these potential market improvements, tokenization presents opportunities to expand the landscape to demonstrate proof of ownership– making possible new types of uses, such as tokens that represent title to real estate or holdings of intellectual property rights. These implications can potentially benefit investors by enhancing liquidity for otherwise relatively illiquid assets, reducing delays associated with intermediation, and also decreasing transactional costs. Additionally, the technology has the potential to simplify – or at least streamline – certain compliance functions, such as through smart contracts for onchain assets. These potential improvements in capital markets are tied to key characteristics of blockchain technology. Blockchain technology relies on a transparent ledger and does not require a central intermediary. Market transparency impacts transactional costs, but also implicates potential compliance costs – as more opaque and complex markets may increase compliance costs. For example, there are many challenging regulatory questions that the Commission and its staff may need to resolve under the regime established by Regulation NMS as securities move onchain. As such, we should evaluate whether these technologies can benefit all market participants. Constructing a Crypto Rulebook In the mid-1980s, then-Commissioner Joseph Grundfest described the rapid pace of technological innovation as “[t]he New Technology of Finance and the Old Technology of Regulation.” He identified a disconnect between regulatory tools developed in the 1930’s with the technological developments of the 1980’s – noting that “just as the perfect technology has never been invented, the perfect regulation also has never been written. [1] As we consider the implications of new technologies, we should design a framework that focuses on critical safeguards rather than trying to address every conceivable investment permutation and scenario. This exercise is nothing new and the same principles that helped regulation move from paper certificates to electronic recordkeeping and from faxes to texts can similarly guide us to accommodate new technologies. I thank you all for your participation and attendance and look forward to the Commission considering next steps. [1] The New Technology of Finance, Joseph Grundfest (Nov. 5, 1986) available at https://www.sec.gov/news/speech/1986/110586grundfest.pdf .",Mark T. Uyeda,False
30,2025-05-07,A Creative and Cooperative Balancing Act: Remarks at the SEC 31st International Institute for Securities Market Growth and Development,https://www.sec.gov/newsroom/speeches-statements/peirce-iismgd-050825,"# A Creative and Cooperative Balancing Act
> A Creative and Cooperative Balancing Act: Remarks at the SEC 31st International Institute for Securities Market Growth and Development Commissioner Hester M. Peirce May 8, 2025

## More in this Section
More in this Section Newsroom Press Releases Speeches & Statements Meetings & Events SEC Videos Social Media Directory What's New Newsroom Press Releases Speeches & Statements Meetings & Events SEC Videos Social Media Directory What's New Home Newsroom Speeches and Statements A Creative and Cooperative Balancing Act Speech A Creative and Cooperative Balancing Act Commissioner Hester M. Peirce SEC 31st International Institute for Securities Market Growth and Development Washington D.C. May 8, 2025 Welcome to the penultimate day of the SEC’s 31 st International Institute for Securities Market Growth and Development. Before I begin, as I am sure you anticipate based on what you have heard from many SEC speakers this week, my views are my own as a Commissioner and not necessarily those of the SEC or my fellow Commissioners. The Institute’s longevity signals the importance of capital formation and the development of capital markets. These topics can get lost in regulatory conversations, which tend to focus on what government can do to protect investors, rather than what markets can do to protect investors. Efficient, flourishing capital markets do more than serve investors; their function is much grander—to serve humanity. As the lifeblood of businesses and innovation, capital markets help a nation’s economy to meet its people’s needs and generate the societal prosperity that enriches the lives of individuals and their communities. Affording investors an opportunity to share in the fruits of the economy’s growth is a welcome byproduct of well-functioning capital markets and a central element of investor protection. The capital markets themselves are the means by which investors prosper, but carefully crafted, well-balanced regulation of markets gives investors the confidence to participate in those markets. If a nation regulates its capital markets with too heavy a hand, businesses will wither, innovators will migrate elsewhere, consumers will pay more for inferior products and services, and investors will suffer economically. If a nation establishes a clear regulatory perimeter that provides broad latitude to people to transact as they like, people will have the confidence to make choices that benefit them and their families. An important regulatory objective is ensuring that investors have sufficient, reliable information to be willing to take the risk to invest their money in innovative and growing businesses. This balancing act is not easy, and every country has its own idiosyncrasies that factor into determining the right mix. Moreover, determining the proper regulatory balance is an ongoing exercise in which all countries—no matter the stage of development of their capital markets—must engage. The U.S. capital markets are well-developed and well-functioning, but keeping them preeminent requires continued care and creativity. Here in the United States, we are constantly asking ourselves how we can do better and watching for signs that something may be amiss in the markets or the way we regulate them. For example, we are reflecting on why the number of public companies listed on exchanges in the U.S. fell from 5,243 in 2004 to 4,862 in 2024. [1] This decline reflects positively on the robustness of our private markets, but the regulatory requirements the Commission has imposed on public companies also are partly responsible for dissuading companies from going public. We need to take a look at these requirements and ask whether some of them are extraneous, or even harmful. Much public company regulation takes the form of disclosure requirements but even disclosure requirements can be costly and distracting to management and may change the company’s practices in ways that are not good for investors. Requiring a company to disclose in detail executive compensation, including how it relates to other employees’ pay, for example, can limit the company’s ability to hire the best people to run the company. Keeping disclosure requirements principles-based and rooted in materiality of the information to investors seeking to maximize the long-term value of the company helps them stand the test of time. Good regulatory balance also requires ensuring that new competitors can come into the marketplace to serve investors and provide market infrastructure. Sensible regulation protects investors and markets from dishonest and careless intermediaries, whether those intermediaries are established or new. But heavy-handed regulation can protect incumbents by making it too costly for would-be competitors who want to challenge existing firms with better, cheaper products and services. Scaled regulation—imposing fewer requirements on smaller firms—is one way to foster competition. Without dynamic competition, capital markets cannot effectively serve people. Moreover, a concentrated set of incumbents, comfortably hiding behind regulatory barriers, may contribute to market fragility. Poor regulation may not only keep new competitors out, but may prevent incumbents from using new technologies. Here too regulators can take measures to ensure that regulation does not become a barrier to technology. Rules that mandate objectives to be achieved without prescribing how to achieve them can create a welcoming environment for new technologies. When rules stand in the way of market experimentation with new technologies and fast-to-market innovation, regulators should think creatively. Let me give you a concrete example that I am pondering right now. As you may be aware, the Commission is revising its approach to crypto regulation. This endeavor is multi-faceted, but one focus is tokenization of traditional securities. Tokenization refers to the use of distributed ledger technology to maintain the record of ownership of traditional assets, including securities, such as stocks and bonds. It entails formatting these assets as crypto assets (or “tokens”) on a blockchain or other distributed ledger technology (“DLT”). In thinking about how to facilitate private sector tokenization initiatives, I have been inspired by the “regulatory sandbox” structures implemented in other jurisdictions, including some represented in this audience. Those structures have allowed firms to innovate in a live, but controlled, environment. Innovating firms are able to get to market quickly under appropriate, reasonably calibrated conditions. They do not have to comply with inapt regulations, which, in many cases, were developed well before the technologies being tested existed and may be obviated by attributes of that technology. In addition to offering individual firms the opportunity to try something out in the marketplace, these sandboxes can help regulators think about how existing rules could be adapted to accommodate trading tokenized securities at scale. The SEC’s Crypto Task Force, informed by a February request for comment, [2] is considering a potential exemptive order that would allow firms to use DLT to issue, trade, and settle securities. This potential conditional exemption from certain SEC registration requirements and associated rules would allow firms to use innovative trading systems for eligible tokenized securities. Firms seeking to operate an automated market making system for tokenized securities, for example, may face challenges in complying with the SEC’s Regulation National Market System. Such systems, their operators, or persons interacting with them also may have to register as a broker-dealer, clearing agency, or an exchange. Because only a small number of securities have been tokenized to date, firms may not be willing to devote resources to identify and address the regulatory barriers to trade and settle them. Companies may be hesitant to issue tokenized securities because only a limited number of venues can trade such securities. Exemptive relief could help resolve this chicken-and-egg problem. It also would afford the SEC time to develop and adopt durable adaptations to its existing rules to accommodate DLT. The contemplated exemption would be conditional. Exempted entities would comply with market integrity conditions for the prevention of fraud and manipulation. Additional conditions might include requirements to provide material and relevant disclosures to users about a platform’s products, services, operations, conflicts of interest, and risks, including smart contract risks; comply with recordkeeping and reporting requirements; be subject to monitoring and examination by SEC staff; and have adequate financial resources for operations. Supplemental requirements for participants offering crypto custodial services might include customer disclosures about custody arrangements and risks and a requirement to implement policies and procedures or substantive requirements related to blockchain and wallet security. Restrictions such as limiting the number and types of tokenized securities listed or traded or trading volume could mitigate risks to investors and markets. The SEC could raise these ceilings for a firm that has performed successfully at its initial limits. This sketch of a potential exemption is a work-in-progress. The goal is to formulate a commercially feasible approach that protects investors, including by ensuring that they have the benefit of cutting-edge technologies for trading, clearing, and settling securities. I welcome feedback from market participants and other interested parties, including participants in this Institute who have designed and implemented regulatory sandbox frameworks in your jurisdictions. Enabling firms to deploy new products and services in a streamlined fashion contributes to balanced regulation. Each of us has responsibilities to foster innovation in our own jurisdiction, but cross-border collaboration can help in this regard. Many firms want to serve customers in more than one jurisdiction, particularly because financial markets are international. Regulators would benefit from seeing how products or services work in different environments. Accordingly, I have advocated bilateral collaboration to allow participants in foreign sandboxes simultaneously to run their market experiments in the United States. Such an arrangement would require regulatory information sharing agreements and other cooperation. The challenges that U.S. and non-U.S. firms face in innovating in one nation pale in comparison to the difficulties that await them when they try to offer products and services in more than one jurisdiction. We owe it to our respective citizenry to tackle these frictions through cooperative approaches. The regulatory balancing act is not a solo exercise. This Institute provides a forum for a discussion of how we can help grow our respective capital markets by implementing a sensible regulatory regime. While each country’s capital market has its own characteristics, this Institute enables regulators to discuss what has worked in developing their markets and, just as importantly, what has not. Getting the balance right in each of our countries is essential, and it is not a zero-sum game. To the contrary, good regulation benefits everyone. Having strong capital markets globally will in turn help foster economic growth at home in all our countries. Balanced regulation in capital markets across the world helps to ensure that resources and, importantly, human talent are deployed in ways that benefit all of us. Thank you and enjoy the rest of the Institute. [1] Calculated based on Monthly Stock data from Center for Research in Security Prices, LLC (CRSP). As the following paper details, public company counts differ depending on what types of companies they include. See https://www.sec.gov/files/dera-registrant-count-2504.pdf . [2] See Hester M. Peirce, There Must be Some Way Out of Here (Feb. 21, 2025), https://www.sec.gov/newsroom/speeches-statements/peirce-statement-rfi-022125 . Written responses to that request for comment are available here: https://www.sec.gov/about/crypto-task-force/crypto-task-force-written-input .",Hester M. Peirce,False
31,2025-05-04,"SEC Announces Agenda, Panelists for Roundtable on Tokenization Plus Date Change for Roundtable on DeFi",https://www.sec.gov/newsroom/press-releases/2025-72,"# SEC Announces Agenda, Panelists for Roundtable on Tokenization Plus Date Change for Roundtable on DeFi

## More in this Section
More in this Section Newsroom Press Releases Speeches & Statements Meetings & Events SEC Videos Social Media Directory What's New Newsroom Press Releases Speeches & Statements Meetings & Events SEC Videos Social Media Directory What's New Home Newsroom Press Releases SEC Announces Agenda, Panelists for Roundtable on Tokenization Plus Date Change for Roundtable on DeFi Press Release SEC Announces Agenda, Panelists for Roundtable on Tokenization Plus Date Change for Roundtable on DeFi For Immediate Release 2025-72 Washington D.C., May 5, 2025 — The Securities and Exchange Commission’s Crypto Task Force has announced the agenda and panelists for its May 12 roundtable, “ Tokenization — Moving Assets Onchain: Where TradFi and DeFi Meet .” “Tokenization is a technological development that could substantially change many aspects of our financial markets,” said Commissioner Hester M. Peirce, leader of the Crypto Task Force. “I look forward to hearing ideas from our panelists on how the SEC should approach this area.” The roundtable, announced in March as part of a series on crypto asset regulation , will be held at the SEC's headquarters at 100 F Street, N.E., Washington, D.C. from 1 p.m. – 5:30 p.m. The event will be open to the public and webcast live on the SEC’s website. Doors will open at 12 p.m. For online attendance, registration is not necessary; a link to watch the event will be available on May 12 on www.sec.gov . Please register for in-person attendance. In addition, the date for the Crypto Task Force’s roundtable, “ DeFi and the American Spirit ,” has been changed from June 6 to June 9. All those who previously registered were informed of the change of date, and their registrations have carried forward to the new date. New registrations can continue to be completed. To learn more about the Crypto Task Force and the roundtable topics, please visit the Crypto Task Force webpage . * * * Agenda 1 p.m. – 2 p.m. Opening/Welcome Remarks from the U.S. Securities and Exchange Commission Richard B. Gabbert, Chief of Staff, Crypto Task Force Chairman Paul S. Atkins (keynote address) Commissioner Caroline A. Crenshaw Commissioner Mark T. Uyeda Commissioner Hester M. Peirce 2 p.m. – 3:30 p.m. Evolution of Finance: Capital Markets 2.0 Moderator: Jeff Dinwoodie, Cravath Panelists: Cynthia Lo Bessette, Fidelity Eun Ah Choi, Nasdaq Will Geyer, Invesco Sandy Kaul, Franklin Templeton Robert Mitchnick, BlackRock Christine Moy, Apollo Management Johnny Reinsch, Tokenized Asset Coalition Christian Sabella, DTCC Alex Zozos, SuperState 3:30 p.m. – 4 p.m. Break 4 p.m. – 5:30 p.m. The Future of Tokenization Moderator: Tiffany Smith, WilmerHale Panelists: Hilary Allen, American University Washington College of Law Gene Hoffman, Chia Network Johann Kerbrat, Robinhood Kelly Mathieson, Canton Sidney Powell, Maple Finance Georgia Quinn, Securitize Joshua Rivera, Blockchain Capital Angela Walch, Independent Researcher ###",,False
32,2025-06-08,Remarks at the Crypto Task Force Roundtable on Decentralized Finance,https://www.sec.gov/newsroom/speeches-statements/atkins-remarks-defi-roundtable-060925,"# Remarks at the Crypto Task Force Roundtable on Decentralized Finance
> Remarks at the Crypto Task Force Roundtable on Decentralized Finance Paul S. Atkins, Chairman Washington, D.C. | June 9, 2025

## More in this Section
More in this Section Newsroom Press Releases Speeches & Statements Meetings & Events SEC Videos Social Media Directory What's New Newsroom Press Releases Speeches & Statements Meetings & Events SEC Videos Social Media Directory What's New Home Newsroom Speeches and Statements Remarks at the Crypto Task Force Roundtable on Decentralized Finance Statement Remarks at the Crypto Task Force Roundtable on Decentralized Finance Paul S. Atkins, Chairman Washington D.C. June 9, 2025 Thank you and good afternoon. [1] It is a great pleasure to be with you today. Let me begin by thanking Commissioner Peirce and the Crypto Task Force for their organizing today’s event, and Commissioner Crenshaw and Commissioner Uyeda for their participation. Of course, I very much thank the roundtable panelists and our moderator, Troy Parades, for their voluntary contribution of time and talent to our endeavor. Today’s roundtable is titled “DeFi and the American Spirit .” This is an apt title because the American values of economic liberty, private property rights, and innovation are in the DNA of the DeFi, or Decentralized Finance, movement. Blockchains, of course, are a very creative and potentially revolutionary innovation that have us rethinking evidence of ownership and transfer of intellectual and economic property rights. They are shared databases that enable ownership of a type of digital property called crypto assets without reliance on an intermediary or central party. Instead, these peer-to-peer networks incorporate an economic mechanism to encourage participants to validate and maintain the database in accordance with the network’s rules. These are free market systems where users pay demand-based fees to network participants to have their transactions included within a so-called “block” of data with finite storage capacity. The prior U.S. government administration discouraged Americans from participating in these market-based systems by asserting through lawsuits, speeches, regulation, and threatened regulatory action that participants and staking-as-a-service providers may be engaged in securities transactions. I am grateful to the Division of Corporation Finance staff for clarifying its view that voluntary participation in a proof-of-work or proof-of-stake network as a “miner,” “validator,” or “staking-as-a-service” provider is not within the scope of the federal securities laws. [2] As happy as I am over that step, it is not a duly promulgated rule with the force of law, so we cannot stop there. The Securities and Exchange Commission must adopt a regulation based on the authority that Congress has given us. Another core feature of blockchain technology is the ability for individuals to have self-custody of crypto assets in a personal digital wallet. The right to have self-custody of one’s private property is a foundational American value that should not disappear when one logs onto the internet. I am in favor of affording greater flexibility to market participants to self-custody crypto assets, especially where intermediation imposes unnecessary transaction costs or restricts the ability to engage in staking and other on-chain activities. The prior President’s administration undermined innovation in self-custodial digital wallets and other on-chain technologies by asserting through regulatory actions that the developers of such software may be conducting brokerage activity. Engineers should not be subject to the federal securities laws solely for publishing this type of software code. As one court put it, it would be irrational to hold the developer of a self-driving car liable – here, quoting from the court’s decision – “for a third-party’s use of the car to commit a traffic violation or to rob a bank. In those circumstances, one would not sue the car company for facilitating the wrongdoing; they would sue the individual who committed the wrong.” [3] Many entrepreneurs are developing software applications that are designed to function without administration by any operator. The idea of self-executing software code that is accessible to everyone, but controlled by no one, and that enables private, peer-to-peer transactions may sound like science fiction. But, blockchain technology makes possible an entirely new class of software that can perform these functions without an intermediary. I do not believe that we should allow century-old regulatory frameworks to stifle innovation with technologies that could upend and most importantly improve and advance our current, traditional intermediated model. We should not automatically fear the future. These on-chain self-executing software systems have proven to be resilient in the face of crises. While centralized platforms waivered and failed under recent stresses, many on-chain systems continued to operate as designed pursuant to open-source code. [4] Most current securities rules and regulations are premised upon the regulation of issuers and intermediaries, such as broker-dealers, advisers, exchanges, and clearing agencies. The drafters of these rules and regulations likely did not contemplate that self-executing software code might displace such issuers and intermediaries. I have asked the Commission staff to explore whether further guidance or rulemaking may be helpful for enabling registrants to transact with these software systems in compliance with applicable law. I also am excited about the use of on-chain software systems by issuers and intermediaries to eliminate economic frictions, increase capital efficiency, enable new types of financial products, and enhance liquidity. Current securities regulations already contemplate the use of new technologies by issuers and intermediaries, but I have asked the staff to consider whether amendments to the Commission’s rules and regulations would be better suited to provide needed accommodation for issuers and intermediaries who seek to administer on-chain financial systems. While the Commission and its staff work to propose fit-for-purpose rules of the road for on-chain financial markets, I have directed the staff to consider a conditional exemptive relief framework or “innovation exemption” that would expeditiously allow registrants and non-registrants to bring on-chain products and services to market. An innovation exemption could help fulfill President Trump’s vision to make America the “crypto capital of the planet” [5] by encouraging developers, entrepreneurs, and other firms that are willing to comply with to certain conditions to innovate with on-chain technologies in the United States. Thank you for your attention. I look forward to the discussions to follow. [1] These remarks reflect my individual views as Chairman of the Commission and do not necessarily reflect the views of the full Commission or my fellow Commissioners. [2] See Division of Corporation Finance, Statement on Certain Proof-of-Work Mining Activities, Mar. 20, 2025, https://www.sec.gov/newsroom/speeches-statements/statement-certain-proof-work-mining-activities-032025 ; Division of Corporation Finance, Statement on Certain Protocol Staking Activities, May 29, 2025, https://www.sec.gov/newsroom/speeches-statements/statement-certain-protocol-staking-activities-052925 . Staff statements represent the views of the staff, and the Commission has neither approved nor disapproved their content. [3] Risley v. Universal Navigation Inc. , 690 F. Supp. 3d 195, 217 (S.D.N.Y. 2023), aff'd in part, vacated in part, remanded , No. 23-1340-CV, 2025 WL 615185 (2d Cir. Feb. 26, 2025) (internal citations omitted). [4] S&P Global Ratings, Crypto CeFi and DeFi Must Strike a Balance to Thrive , S&P Global, June 22, 2023, https://www.spglobal.com/ratings/en/research/pdf-articles/230622-crypto-cefi-and-defi-must-strike-a-balance-to-thrive-101578824 . (“The failure of several centralized finance (CeFi) entities in 2022 highlighted their risk management weaknesses, governance issues, and the contagion risks between CeFi entities . . . In contrast, decentralized finance (DeFi) protocols largely weathered the storm, with minimal loan losses on the major collateralized lending platforms and continued growth in the use of decentralized exchanges.”) [5] Kimberlee Kruesi, Trump calls for US to be ‘crypto capital of the planet’ in appeal to Nashville bitcoin conference , AP, July 27, 2024, available at https://apnews.com/article/donald-trump-bitcoin-cryptocurrency-stockpile-6f1314f5e99bbf47cc3ee6fc6178588d .",Paul S. Atkins,False
33,2025-06-08,DeFining the American Spirit,https://www.sec.gov/newsroom/speeches-statements/peirce-remarks-defi-roundtable-060925,"# DeFining the American Spirit
> -remarks-defi-roundtable-060925

## More in this Section
More in this Section Newsroom Press Releases Speeches & Statements Meetings & Events SEC Videos Social Media Directory What's New Newsroom Press Releases Speeches & Statements Meetings & Events SEC Videos Social Media Directory What's New Home Newsroom Speeches and Statements DeFining the American Spirit Statement DeFining the American Spirit Commissioner Hester M. Peirce Washington D.C. June 9, 2025 Thank you, Chairman Atkins, Commissioner Crenshaw, and Commissioner Uyeda, and thank you all for joining us in-person or online for the final afternoon of the Crypto Task Force’s Spring Sprint roundtable series: “DeFi and the American Spirit.” Thank you especially to our moderator, Troy Paredes, who is returning after his excellent performance at our first roundtable back in March. Troy, we are grateful to have you here again as we wrap up. I also appreciate today’s panelists for being part of the discussion. Over the past four months, the Task Force has held roundtables on security status, trading, tokenization, and custody. [1] These roundtables have provided invaluable input to the Commission, the Task Force, and the rest of the Commission staff—input that has informed our views and improved our efforts. The Task Force, which hit the ground running in a sprint of roundtables, intends to keep running the clarity marathon, and the perspectives of roundtable participants will help determine the course. Our final roundtable is on DeFi, or decentralized finance. You may ask: What business does the SEC have in talking about regulating DeFi? Absolutely none is a reasonable answer, so with that, we will wrap up this roundtable: Thank you everyone for attending! OK, not so fast. Life is not that simple. Even getting to no regulation requires some talking. What is DeFi? Bitcoin is “decentralized finance,” but it may not be what first comes to mind when we think of DeFi. Google says DeFi is “a blockchain-based financial system that aims to replace traditional financial institutions with peer-to-peer transactions and smart contracts.” [2] DeFi brings to mind decentralized networks, which enable people to trade tokens and derivatives, engage in lending, or participate in prediction markets. Although sometimes referred to as DeFi “platforms,” DeFi is not a place people go to access services that someone else provides and controls; it is software code that people use to engage in the activity of transacting without a centralized intermediary. To channel one of today’s panelists, I do not go to a decentralized exchange; I make a decentralized exchange. [3] DeFi defies our traditional, permissioned world of intermediaries. It enables a person to engage with her peers through a protocol that is open to everybody on the same transparent terms: no need to get consent from any centralized gatekeeper. At its core, DeFi, which blockchain technology enables, is about the freedom to transact with your peers without permission, interference, or intermediation. And that is why DeFi resonates so deeply with the American spirit. Also resonant with the American spirit is the ability of people to publish written material without permission. Code is protected speech. Because the First Amendment protects someone who writes a DeFi software protocol and publishes it, the SEC has no authority to demand pre-publication approval rights even for code that could be used to exchange securities. The SEC must not infringe on First Amendment rights by regulating someone who merely publishes code on the basis that others use that code to carry out activity that the SEC has traditionally regulated. If somebody else subsequently violates the law using the software protocol, the user—not the developer of the software—should face the music. But sometimes the writer of a protocol used to exchange securities does more than merely publish it. She also might operate, administer, or maintain a platform through which the code can be accessed and that takes custody of client assets or makes execution decisions for clients. In this and other instances, the coder or her platform might be subject to regulation for that conduct. If that conduct relates to securities, the SEC might have a role to play. [4] Centralized entities that use DeFi protocols that someone else wrote to serve clients do not get a regulatory pass either. Nor can centralized entities avoid regulation by hiding behind a “DeFi” label; that is DINO, or DeFi-In-Name-Only. [5] With centralized entities comes the potential for fraud, conflicts of interest, principal-agent problems, information asymmetries, and other issues common in the traditional finance world—all the issues DeFi is designed to address. The SEC’s efforts are best spent protecting investors, not from their own use of open-source software code to engage in transactions with their peers, nor from writers of such code, but from providers of financial services. I hope that today’s discussion will help us ensure that SEC regulation is able to reach activities and entities properly within its ambit regardless of what label they bear, without prohibiting the exercise of individuals’ rights to publish code and interact with that code. I now will hand it off to Troy. Thank you all for being here, and I look forward to the discussion. [1] Crypto Task Force Roundtables (last updated May 15, 2025), available at https://www.sec.gov/about/crypto-task-force/crypto-task-force-roundtables. [2] See https://www.google.com/search?q=what+is+defi (accessed June 9, 2025). [3] See, e.g., Peter Van Valkenburgh, There’s no such thing as a decentralized exchange , Oct. 3, 2020, available at https://www.coincenter.org/theres-no-such-thing-as-a-decentralized-exchange/. [4] The SEC’s settled case against Zachary Coburn, the developer of the code for EtherDelta, an exchange for ERC20 tokens, warrants discussion. Under Exchange Act Section 21C(a), the SEC charged Coburn with causing EtherDelta’s violation of the requirement to register as a securities exchange per Section 5 of the Exchange Act. Although the details in the settlement order are limited, the facts at issue there could help spur discussion of which types of activities the SEC should reach. Coburn was the only person with the ability to alter the EtherDelta smart contract, as he was the only person with access to the private key for the administrator account, which could be used to change the permissible fees for transacting using EtherDelta or the address of the account to which those fees were directed. The order book sat on a centralized server that was maintained by EtherDelta, rather than on the Ethereum Blockchain. Zachary Coburn , Release No. 34-84553, Nov. 8, 2018, available at: https://www.sec.gov/files/litigation/admin/2018/34-84553.pdf. [5] See, e.g., In the Matter of Blockchain Credit Partners d/b/a DeFi Money Market et al. Admin. Proc. File No. 3-20453 , (last updated June 13, 2024), available at https://www.sec.gov/enforcement-litigation/distributions-for-harmed-investors/matter-blockchain-credit-partners-dba-defi-money-market-et-al-admin-proc-file-no-3-20453.",Hester M. Peirce,False
34,2025-06-08,Remarks at the Final Crypto Task Force Roundtable: Where We Go From Here,https://www.sec.gov/newsroom/speeches-statements/crenshaw-remarks-crypto-roundtable-060925,"# Remarks at the Final Crypto Task Force Roundtable: Where We Go From Here
> Remarks at the Final Crypto Task Force Roundtable: Where We Go From Here Commissioner Caroline A. Crenshaw June, 9, 2025

## More in this Section
More in this Section Newsroom Press Releases Speeches & Statements Meetings & Events SEC Videos Social Media Directory What's New Newsroom Press Releases Speeches & Statements Meetings & Events SEC Videos Social Media Directory What's New Home Newsroom Speeches and Statements Remarks at the Final Crypto Task Force Roundtable: Where We Go From Here Statement Remarks at the Final Crypto Task Force Roundtable: Where We Go From Here Commissioner Caroline A. Crenshaw Washington D.C. June 9, 2025 Good afternoon. As we begin the final event of this Crypto Task Force series, I think this is a good opportunity to reflect on what has come out of these roundtables and where the Task Force, and the Commission, are going from here. These roundtables have highlighted that “crypto” is far from a monolith. We have heard a markedly diverse set of viewpoints, from many different segments of the industry. We have heard, for example, from many non-SEC registered entities with varying views on whether they or their products should be required to register and be subject to SEC jurisdiction. I expect that this will be a key theme of today’s DeFi panel. Back in November 2021, I wrote an article [1] detailing my views on the opportunities and challenges of DeFi, which I believe require industry and regulatory collaboration to develop compliant solutions. The issues I raised in that article related to market structure, transparency, and retail investor protection, among others, still remain questions today, so I look forward to hearing the panelists’ views on how we should approach these challenges. Beyond issues related to registration and jurisdictional lines, other roundtables have focused on current SEC registrants who want to continue operating under SEC oversight, but with altered regulatory requirements tailored to new types of products and technologies. In addition to these varied and sometimes competing regulatory views, we have heard different opinions on the technologies underlying digital asset products and services. We have heard panelists highlight advantages or disadvantages of particular technologies, and give differing predictions on their capabilities to function effectively as part of a large, complex securities market. In sum, these roundtables have given us a lot to grapple with, to say the least. While the series was billed as a “spring sprint towards crypto clarity,” I am unsure whether we’ve identified much that can be simply or quickly clarified. When it comes to crypto, it does not appear to me that the SEC is facing problems with ready or easy solutions. What we are facing is heightened expectations of rolling out major changes —quickly— to pave the way for crypto expansion into the capital markets. With issues this complex and stakes this high, it’s better to do it right than fast. We need to grapple with the tough questions through the legally sanctioned process of formal rulemaking, as Chairman Atkins alluded to earlier, with full opportunity for notice and comment and public interest findings. I look forward to engaging with my fellow Commissioners, the staff, and the public on what I hope will be a thoughtful and mission-driven rulemaking process for this space. Thank you. [1] Commissioner Caroline A. Crenshaw, Statement on DeFi Risks, Regulations, and Opportunities (Nov. 9, 2021).",Caroline A. Crenshaw,False
35,2025-06-08,Remarks at the Roundtable on DeFi and the American Spirit,https://www.sec.gov/newsroom/speeches-statements/uyeda-remarks-defi-roundtable-060925,"# Remarks at the Roundtable on DeFi and the American Spirit
> Remarks at the Roundtable on DeFi and the American Spirit Commissioner Mark T. Uyeda June 9, 2025

## More in this Section
More in this Section Newsroom Press Releases Speeches & Statements Meetings & Events SEC Videos Social Media Directory What's New Newsroom Press Releases Speeches & Statements Meetings & Events SEC Videos Social Media Directory What's New Home Newsroom Speeches and Statements Remarks at the Roundtable on DeFi and the American Spirit Statement Remarks at the Roundtable on DeFi and the American Spirit Commissioner Mark T. Uyeda Washington D.C. June 9, 2025 Good afternoon and thank you to the panelists and attendees today for the Commission’s fifth roundtable organized by the Crypto Task Force, entitled “DeFi and the American Spirit.” [1] Reflecting on the “American Spirit” brings to mind the expedition of Merriweather Lewis and William Clark. About 220 years ago on May 14, 1804, Lewis and Clark set out to explore the new Louisiana Territory, purchased the prior year by President Thomas Jefferson. [2] The size of the United States had doubled overnight, but there were no reliable maps or established routes through the new land. Despite this daunting challenge, Lewis and Clark entered the wilderness to carry out their mission. While perhaps not nearly as fraught with personal danger, the Commission is similarly navigating through challenging new terrain and plunging into the regulatory wilderness under the leadership of Commissioner Peirce and the Crypto Task Force. While the Commission’s tools – such as roundtables, public consultation, and economic analysis – may be different, I am confident that our expedition can succeed in updating our rulebook to open up new opportunities for American investors and businesses. The SEC’s treatment of decentralized finance and other emerging technologies over the past four years was not conducive to regulatory transparency and discouraged entrepreneurs and those developing DeFi from engaging with the Commission. However, that approach has recently changed under the Crypto Task Force, which is charged with coordinating the Commission’s effort to find answers to many pressing questions. Thus far, they have changed the SEC’s posture on crypto, embraced difficult regulatory questions, and promoted transparency by engaging with the market participants driving innovation and change. This SEC is committed to high quality regulation. High quality regulation takes time and administrative processes matter. For those who are involved in the development of DeFi, please be patient and work with the Commission and its staff towards achieving the best possible outcome. Although I am uncertain as to what “perfect regulation” may look like, the path towards it begins with seeking input from the public. This journey towards regulatory clarity will likely be frustrating, and may move in fits and starts. However, by learning from DeFi innovators and advocates, the Commission has a better chance at regulating securities transactions involving DeFi and protecting American investors who utilize decentralized financial services and products. Today’s participants will provide knowledge and insight about DeFi’s development and the existing regulatory barriers preventing growth. Such contributions will help the Commission attempt to strike the proper balance between its role as a regulator and its mandate to foster competition, efficiency, and capital formation. In DeFi, there is a new landscape of opportunities. People can transact directly with each other without relying on banks or other centralized intermediaries. The Commission should not refrain from engaging in oversight of novel areas simply because it involves thinking outside the existing framework. [3] The legacy regulatory regime under the federal securities laws presupposes the existence and necessity of numerous intermediaries. I look forward to hearing from today’s panelists as to whether such presumptions remain necessary. For example: In which types of situations do DeFi systems and smart contracts potentially eliminate the need for a financial intermediary and how? In what situations should DeFi systems be deemed to fall outside the scope of the securities laws? What key safeguards are necessary when the securities laws apply to these arrangements? Lewis and Clark’s journey took time to complete and carved out an important path to facilitate westward expansion. In so doing, they provided a valuable contribution to American progress. Today’s roundtable reflects the SEC’s commitment to continued progress and its willingness to consider the role of emerging technologies. As the Commission continues to move through the regulatory wilderness, it should remain true to its mission of protecting investors, maintaining fair, orderly, and efficient markets, and facilitating capital formation in its efforts to respond to market innovation. Thank you and I look forward to the conversation. [1] My remarks today reflect my views as an individual Commissioner and not necessarily the views of the full Commission or my fellow Commissioners. [2] https://www.history.com/articles/lewis-clark-timeline-expedition [3] See e.g ., SEC.gov | Tokenization of Real-World Assets",Mark T. Uyeda,False
36,2025-07-30,American Leadership in the Digital Finance Revolution,https://www.sec.gov/newsroom/speeches-statements/atkins-digital-finance-revolution-073125,"# American Leadership in the Digital Finance Revolution
> American Leadership in the Digital Finance Revolution Chairman Paul Atkins July 31, 2025

## More in this Section
More in this Section Newsroom Press Releases Speeches & Statements Meetings & Events SEC Videos Social Media Directory What's New Newsroom Press Releases Speeches & Statements Meetings & Events SEC Videos Social Media Directory What's New Home Newsroom Speeches and Statements American Leadership in the Digital Finance Revolution Speech American Leadership in the Digital Finance Revolution Paul S. Atkins, Chairman Washington D.C. July 31, 2025 Good afternoon. Thank you, Norm, for your kind introduction and the invitation to be here. It gives me great pleasure to be with you all, particularly at what I believe is a defining moment for American leadership in the crypto asset markets. Before I share a few reflections, I want to thank the America First Policy Institute for convening such a timely conversation. And, I must note, in order to keep my compliance folks happy, that the views I express here today are my own and do not necessarily reflect those of the SEC as an institution or of the other Commissioners. *** Today, I would like to discuss what Commissioner Hester Peirce and I are calling “Project Crypto,” which will be the SEC’s north star in aiding President Trump in his historic efforts to make America the “crypto capital of the world.” [1] But before I discuss our plan for crypto market primacy, let me take a few moments to revisit some inflection points in the history of our financial markets that bear similarities to the one we are at now, so that the future we shape is worthy of the legacy that we inherit.

## Evolution of Capital Markets: From Buttonwood to Blockchain
Evolution of Capital Markets: From Buttonwood to Blockchain The winds of innovation have always swept through our capital markets, often at gale force. In 1792, they rustled the leaves of a buttonwood tree, beneath which two dozen stockbrokers assembled to establish the forerunner to the New York Stock Exchange. That modest agreement—fewer than a hundred words handwritten on a slip of parchment—set in motion an elegant design that would govern the flow of capital for generations. [2] In the centuries since, our markets have never stood still. They have expanded, evolved, and reinvented themselves in step with the ideas and technologies of their time. Markets are dynamic because of the people who participate in them. Markets channel human ingenuity toward society’s most intractable problems by rewarding those who develop the most innovative solutions that others value enough to buy. They are the mechanism by which Adam Smith’s invisible hand elevates those who act in the common good—even when pursuing their own. The SEC’s role is to safeguard markets that allow the spark of human creativity and skill to benefit society. Over the arc of its history, the agency has both enabled innovation and, regrettably at times, stifled it. Fortunately, progress has a way of prevailing. And when our regulatory posture is calibrated to meet innovation with thoughtfulness rather than fear, America’s leadership position has only grown stronger. *** In the 1960s—before my time, I am happy to say—Wall Street was riding a bull market. But behind the scenes, our market machinery was straining to keep up. Most clearing and settlement transactions involved a costly and cumbersome process. Rising stacks of paper stock certificates had to be physically delivered by clerks wheeling carts up and down Wall Street and in other financial districts all across America. [3] It was a scene from another century struggling to meet the demands of the modern securities markets. Indeed, the paper-based clearance and settlement systems, built for a gentler era, began to buckle under the weight of soaring volumes. Delays at one firm held up the work of another. Securities were lost or stolen. Fails ballooned. And many thinly capitalized broker-dealers were caught by the whiplash of scuttled transactions. In desperation, trading hours were reduced and exchanges eventually closed on Wednesdays to allow firms to process the mountains of certificates. The breakdown over an antiquated system was described by the SEC chairman at the time as “the most prolonged and severe crisis in the securities industry in 40 years... Firms failed. Investor confidence plummeted.” And very much to its credit, the SEC was proactive in remedying the so-called “Paperwork Crisis.” The agency helped market participants to develop the Depository Trust and Clearing Corporation, which would transform how securities were held and traded. [4] Instead of shuffling paper certificates from customer to broker, broker to broker, and broker to customer, title to shares could now be transferred through computerized ledger entries. [5] The certificates themselves were immobilized, stored securely in vaults, as ownership moved electronically, laying the foundation for the modern clearing and settlement system that has continued to this day. The ticker tape machine—like the one here—was also a breakthrough of its time, revolutionizing how Americans accessed market information, line by line, trade by trade. [6] But breakthroughs don’t belong in the past. By the late 1990s, electronic trading systems surged in popularity, unsettling old assumptions about how markets should function. Chairman Arthur Levitt likewise believed it behooved the SEC to provide regulatory flexibility for the electronic markets to innovate. [7] So, Regulation Alternative Trading Systems, or “Reg ATS,” adopted in 1999, allowed for ATSs to be regulated like broker-dealers, rather than like exchanges. [8] So, this brings me to today. To a moment that demands American ambition. To a project that can unleash it. Our regulatory framework need not be anchored to an analog past—unkind to new frontiers. After all, the future is arriving at full speed—and the world is not waiting. America must do more than just keep pace with the digital asset revolution. We must drive it.

## Forging the Future: America’s Leadership in the Golden Age of Finance
Forging the Future: America’s Leadership in the Golden Age of Finance So today, I would like the world to go on notice that under my leadership, the SEC will not stand idly by and watch innovations develop overseas while our capital markets remain stagnant. To achieve President Trump’s vision of making America the crypto capital of the world, the SEC must holistically consider the potential benefits and risks of moving our markets from an off-chain environment to an on-chain one. We are at the threshold of a new era in the history of our markets. As I mentioned earlier, today I am announcing the launch of “Project Crypto”—a Commission-wide initiative to modernize the securities rules and regulations to enable America’s financial markets to move on-chain. Just a few weeks ago, President Trump signed the GENIUS Act into law, ensuring that America will continue to lead in global payments with a gold standard stablecoin regulatory framework. Upon signing the GENIUS Act into law, I was pleased that President Trump endorsed Congressional efforts to pass crypto market structure legislation by the end of the year. I commend the House of Representatives for garnering such strong bipartisan support, and I look forward to working with the Senate as they build off the House’s work and craft market structure legislation that future proofs our markets against regulatory mischief, cementing the United States as the crypto capital of the world. Yesterday, the President’s Working Group on Digital Asset Markets released the PWG Report with clear recommendations for the SEC and other federal agencies to build a framework to maintain U.S. dominance in crypto asset markets. This report is the blueprint to make America first in blockchain and crypto technology. The President said last week that he wants “the entire world running on the backbone of American technology.” [9] I stand ready to help get that job done. That is why I am launching Project Crypto and directing the SEC’s policy divisions to work with the Crypto Task Force, led by Commissioner Peirce, to swiftly develop proposals to implement the PWG’s recommendations. Project Crypto will help ensure that the United States remains the best place in the world to start a business, develop cutting-edge technologies, and participate in capital markets. We will reshore the crypto businesses that fled our country, particularly those that were crippled by the previous administration’s regulation-by-enforcement crusade and “Operation Chokepoint 2.0” [10] Whether an incumbent or a new entrant, the SEC welcomes all market participants who are hungry to innovate. In accord with the PWG Report’s recommendations, I have directed the Commission staff to draft clear and simple rules of the road for crypto asset distributions, custody, and trading for public notice and comment. While the Commission staff works to finalize these regulations, the Commission and its staff will in the coming months consider using interpretative, exemptive, and other authorities to make sure that archaic rules and regulations do not smother innovation and entrepreneurship in America. Many of the Commission’s legacy rules and regulations do not make sense in the twenty-first century—let alone for on-chain markets. The Commission must revamp its rulebook so that regulatory moats do not hinder progress and competition—from both new entrants and incumbents—to the detriment of Main Street. [11]

## Onshoring Crypto: A New Day at the SEC
Onshoring Crypto: A New Day at the SEC Now, Project Crypto will involve a broad range of initiatives across the Commission. First, we will work to bring crypto asset distributions back to America. The days of convoluted offshore corporate structures, decentralization theater, and confusion over security status, are over. President Trump has said that America is in its Golden Age—and under our new agenda, our crypto asset economy will be, too. In line with the PWG Report, a key priority of mine will be to establish—as swiftly as we can—a regulatory framework for distributions of crypto assets in America. Capital formation is at the heart of the SEC’s mission, yet for too long the SEC ignored market demands for choice and disincentivized crypto-based capital raising. [12] As a result, crypto markets pivoted away from offering crypto assets and deprived investors of the opportunity to use this technology to contribute to productive economic enterprises. The SEC’s head-in-the-sand posture—as well as its shoot first, ask questions later approach—are days of the past. Despite what the SEC has said in the past, most crypto assets are not securities. But confusion over the application of the “ Howey test” has led some innovators to prophylactically treat all crypto assets as such. American entrepreneurs are harnessing blockchain technology to modernize a broad range of legacy systems and instruments. One such entrepreneur is Senator Bernie Moreno of Ohio, a successful businessman and freshman senator, who before his election to the Senate founded a company that put car titles on the blockchain. [13] He saw a need for efficiency in transferring titles and devised a practical solution with the new technology. These entrepreneurs need—and deserve—bright-line rules for determining whether the securities laws apply to their businesses. I have directed the Commission staff to work to develop clear guidelines that market participants can use to determine whether a crypto asset is a security or subject to an investment contract. Our goal is to help market participants to slot crypto assets into categories, such as digital collectibles, digital commodities, or stablecoins, and assess the economic realities of a transaction. This approach can allow market participants to determine, based upon clear guidelines, whether any outstanding promises or commitments of the issuer cause the crypto asset to be subject to an investment contract. In addition, it should not be a scarlet letter to be deemed a security. We need a regulatory framework for crypto asset securities that allows these products to flourish within American markets. Many issuers will prefer the flexibility in product design that the securities laws afford, and investors will benefit from the opportunity to earn distributions, voting rights, and other features typical of securities. Projects should not be forced to establish decentralized autonomous organizations and offshore foundations or decentralize too early if this is not their desired plan of action. I am excited to see new use cases for crypto asset securities in commerce, such as the ability to participate in blockchain network consensus with tokenized equities. Thus, for those crypto asset transactions that are subject to the securities laws, I have asked staff to propose purpose-fit disclosures, exemptions, and safe harbors, including for so-called “initial coin offerings,” “airdrops,” and network rewards. Regarding these sorts of transactions, our goal should be that issuers no longer exclude Americans from their distributions to avoid legal complexity and lawsuits, [14] but instead choose to include Americans to enjoy legal certainty and an accommodating regulatory environment. It is my view that a Cambrian explosion in innovation could occur if we stay true to this course. Additionally, many firms seek to “tokenize” their common stock, bonds, partnership interests, and other securities, or tokenize the securities of third parties. [15] Much of this innovation is offshore today due to regulatory challenges in the United States. I also hear from our regulatory policy staff that firms—from household names on Wall Street to unicorn tech companies in Silicon Valley—are lined up at our doors with requests to tokenize. I have asked the Commission staff to work with firms seeking to distribute tokenized securities within the United States and to provide relief where appropriate to assure that Americans are not left behind.

## Enhancing Freedom: Choice Among Custodians and Trading Venues
Enhancing Freedom: Choice Among Custodians and Trading Venues Second, to achieve the President’s goals, it is incumbent on the SEC to ensure that market participants have maximum choice when deciding where to custody and trade crypto assets. As I have said before, the right to have self-custody of one’s private property is a core American value. [16] I believe deeply in the right to use a self-custodial digital wallet to maintain personal crypto assets and participate in on-chain activities like staking. However, some investors will continue to rely on SEC registrants, such as broker-dealers and investment advisers, to hold assets on their behalf, and these firms are subject to additional regulatory requirements when they do so. It will be a priority of my chairmanship to carry out the PWG Report’s recommendation to modernize the SEC’s custody requirements for registered intermediaries. The prior Administration’s “special-purpose broker-dealer” framework, SAB 121, and “Operation Chokepoint 2.0,” resulted in a dearth of custodial service provider options in the market today. [17] The existing custody rules were created without crypto assets in mind. I have directed the staff to consider how best to adapt the existing regime to facilitate the custody of crypto assets, including possible exemptive or other relief, in addition to changes to the rules themselves. As the PWG Report recommends, market participants “should be permitted to engage in multiple business lines under the most efficient licensing structure possible.” We should not force market participants to be stretched to fit a Procrustean bed of regulation for regulation’s sake. I am in favor of affording them the freedom to choose the most efficient regulatory framework for their business, provided that the framework adequately protects investors.

## Facilitating Super-Apps: Horizontal Integration of Product Offerings
Facilitating Super-Apps: Horizontal Integration of Product Offerings Third, a key priority of my chairmanship is to allow market participants to innovate with “super-apps.” [18] I am often asked, “What do you mean by a super-app?” Plain and simple: securities intermediaries should be able to offer a broad range of products and services under one roof with a single license. A broker-dealer with an alternative trading system should be able to offer trading in non-security crypto assets alongside crypto asset securities, traditional securities, and other services, like crypto asset staking and lending, without requiring fifty-plus state licenses or multiple federal licenses. Nothing in the federal securities laws prohibits SEC-registered trading venues from listing non-securities on their platforms today, and I have directed the Commission staff to develop further guidance and proposals ultimately to make this “super-app” vision a reality. Maybe they’ll call it “Reg Super-App.” Consistent with the PWG Report, the SEC in concert with other regulators should strive to have the most efficient licensing structure for SEC registrants. They should not be unnecessarily subject to multiple regulators or regulatory regimes. This model has worked well for banks, which are broadly exempted from many duplicative regulatory frameworks, such as broker-dealer and clearing agency registration. Regulators should provide the minimum effective dose of regulation necessary to protect investors while allowing entrepreneurs and businesses to flourish. We should not overburden them with paternalistic regulation that could drive them offshore or make American companies less competitive internationally. Our regulators should unleash the forces of venue and product competition for the benefit of all Americans. We should not artificially constrain business models and impose duplicative regulatory costs on American businesses that favor the largest firms that are better able to bear the regulatory burdens. Per the PWG’s recommendations, I have directed the Commission staff to develop a framework that will allow non-security crypto assets and crypto asset securities to be traded side-by-side on SEC-regulated platforms. Additionally, I have asked the staff to evaluate the use of Commission authority to permit non-security crypto assets that are subject to an investment contract to trade on trading venues that are not registered with the Commission. I am keen to pursue such a solution, as it will not only enable state-licensed crypto asset platforms that are not registered with the SEC to list certain crypto assets, but it also clears the way for CFTC-regulated platforms to offer these products with margin capabilities—even without Congress providing the CFTC with any additional authority, unlocking even greater liquidity for these assets.

## Unleashing U.S. Markets: Big Beautiful On-Chain Software Systems
Unleashing U.S. Markets: Big Beautiful On-Chain Software Systems Fourth, I have directed the Commission staff to update antiquated agency rules and regulations to unleash the potential of on-chain software systems in our securities markets. On-chain software comes in many shapes and sizes—some of these systems are truly decentralized and not operated by any intermediary. Other on-chain software systems have an operator. Both types of on-chain software should have a place within our financial markets. It is essential that any crypto asset regulatory market structure create a path for software developers to unleash on-chain software systems that do not require operation by any central intermediary. Decentralized finance software systems—like automated market makers—facilitate automated, non-intermediated financial market activity. Federal securities laws have always assumed the involvement of intermediaries that require regulation, but this does not mean that we should interpose intermediaries for the sake of forcing intermediation where the markets can function without them. We will create space in our markets for both models, by protecting pure publishers of software code, drawing reasonable lines to distinguish intermediated and disintermediated activity, and creating rational and workable rules of the road for intermediaries that seek to operate on-chain software systems. Decentralized finance and other forms of on-chain software systems will be part of our securities markets and not drowned out by duplicative or unnecessary regulation. To make this vision a reality, we will need to consider some changes to our rules. For example, accommodating trading of tokenized securities on-chain may require us to explore amendments to Reg NMS, in addition to what we otherwise would do in the normal course to correct market distortions that it engenders. Many of you will remember that I co-authored with Commissioner Cynthia Glassman a lengthy dissent to the adoption of Reg NMS twenty years ago last month. [19] This dissent is even more compelling now that we have had two decades of prescriptive requirements that distort market activity and impede the evolution of our securities markets. Congress clearly intended that “competitive forces, rather than unnecessary regulation, guide the development of the national market system.” [20] I will look for ways to bring us back in line with that intent and thereby promote innovation and competition in our markets.

## Fostering Innovation: Commercial Viability is Our True North
Fostering Innovation: Commercial Viability is Our True North Finally, innovation and entrepreneurialism are the engines of the American economy. President Trump has described America as a “nation of builders.” [21] Under my leadership, the Commission will encourage our nation’s builders rather than constrain them with red tape and one-size-fits-all rules. While the Commission is actively considering industry requests that could jumpstart innovative activity, we are also contemplating an innovation exemption that would allow registrants and non-registrants to quickly go to market with new business models and services that do not neatly fit within our existing rules and regulations. The Commission will continue to ensure that market participants adhere to certain conditions and requirements designed to achieve the policy aims of the federal securities laws. Under my vision for an innovation exemption, innovators and visionaries will be able to immediately enter the market with new technologies and business models but will not be required to comply with incompatible or burdensome prescriptive regulatory requirements that hinder productive economic activity. Instead, they will be able to comply with certain principles-based conditions designed to achieve the core policy aims of the federal securities laws. These conditions may include, for example, a commitment to make periodic reports to the Commission, incorporate whitelisting or “verified pool” functionality, and restrict tokenized securities that do not adhere to a token standard that incorporates compliance features, such as ERC3643. [22] I encourage market participants and SEC staff alike to have an eye towards commercial viability when contemplating what various models could look like. *** As we advance these priorities, I look forward to working with my counterparts across the Administration to make the United States the crypto capital of the world. This represents more than a regulatory shift—it is a generational opportunity. From the leaves of a buttonwood tree to ledgers on a blockchain, the winds of innovation still blow—and it is our task that they carry American leadership forward. After all, ladies and gentlemen, we have never been content to follow. We will not watch from the sidelines. We will lead. We will build. And, we will ensure that the next chapter of financial innovation is written right here in America. Thank you very much for your time today. I encourage you to be attentive to our coming announcements and proposals and, as always, I welcome your thoughtful comments and suggestions. [1] The White House, Issues: Technology & Innovation , https://www.whitehouse.gov/issues/tech-innovation/ . [2] See The History of NYSE, New York Stock Exchange, https://www.nyse.com/history-of-nyse. [3] See Wall Street: The Paperwork Predicament , Time Magazine (June 21, 1968), https://time.com/archive/6636314/wall-street-the-paperwork-predicament/. [4] See A Short History of the Depository Trust Company , Securities and Exchange Commission Historical Society (1999), https://www.sechistorical.org/collection/papers/1990/1999_0101_DTCHistory.pdf. [5] Id. [6] Danny Lewis, The Physical Stock Ticker Is a Relic, But Its Influence Reverberates Loudly Today , Smithsonian Magazine (Nov. 15, 2016), https://www.smithsonianmag.com/smart-news/the-physical-stock-ticker-is-a-relic-but-its-influence-reverberates-loudly-today-180961092/. [7] Transformation & Regulation: Equities Market Structure, 1934 to 2018: Reg ATS , Securities and Exchange Commission Historical Society, https://www.sechistorical.org/museum/galleries/msr/msr04c_reg_ats.php. [8] Id. [9] Justin Hendrix, Transcript: Donald Trump’s Address at ‘Winning the AI Race’ Event , TechPolicy.Press (July 24, 2025), https://www.techpolicy.press/transcript-donald-trumps-address-at-winning-the-ai-race-event/ . [10] See, e.g. , David H. Thompson et al., Operation Choke Point 2.0: The Federal Bank Regulators Come For Crypto , Cooper & Kirk (Mar. 24, 2023), https://www.cooperkirk.com/wp-content/uploads/2023/03/Operation-Choke-Point-2.0.pdf; Testimony of Paul Grewal, Chief Legal Officer, Coinbase, Before the U.S. House Committee on Financial Services Subcommittee on Oversight and Investigations (Feb. 6, 2025), https://www.congress.gov/119/meeting/house/117858/witnesses/HHRG-119-BA09-Wstate-GrewalP-20250206.pdf. [11] See The White House, Unleashing Prosperity Through Deregulation (Jan. 31, 2025), https://www.whitehouse.gov/presidential-actions/2025/01/unleashing-prosperity-through-deregulation/. [12] See e.g., Commissioner Hester Peirce, Hobs and Hobbes: Wharton FinTech Lecture , Securities and Exchange Commission (Nov. 1, 2024), https://www.sec.gov/newsroom/speeches-statements/peirce-remarks-wharton-fintech-110124. [13] See e.g., Akash Sriram, California DMV puts 42 million car titles on blockchain to fight fraud , Reuters (July 30, 2024), https://www.reuters.com/technology/california-dmv-puts-42-million-car-titles-blockchain-fight-fraud-2024-07-30/. [14] See Danny Nelson, Crypto Airdrops Ban U.S. Users, but Americans Are Claiming Tokens Anyway, CoinDesk (Aug. 21, 2024), https://www.coindesk.com/policy/2024/08/21/crypto-airdrops-ban-us-users-but-americans-are-claiming-tokens-anyway. [15] See e.g., CNBC Television, BlackRock CEO Larry Fink: ‘I want the SEC to rapidly approve tokenization of bonds and stocks’ , YouTube (Jan. 23, 2025), https://www.youtube.com/watch?v=Mi3q_upPjBM. [16] Chairman Paul Atkins, Remarks at Crypto Task Force Roundtable on Decentralized Finance , Securities and Exchange Commission (June 9, 2025), https://www.sec.gov/newsroom/speeches-statements/atkins-remarks-defi-roundtable-060925. [17] See Commissioner Hester Peirce, Lava and Lamps: Opening Remarks for Crypto Custody Roundtable , Securities and Exchange Commission (Apr. 25, 2025), https://www.sec.gov/newsroom/speeches-statements/peirce-lava-lamps-opening-remarks-crypto-custody-roundtable-042525. [18] Chairman Paul Atkins, Prepared Remarks Before SEC Speaks, Securities and Exchange Commission (May 19, 2025), https://www.sec.gov/newsroom/speeches-statements/atkins-prepared-remarks-sec-speaks-051925. [19] Commissioners Cynthia Glassman and Paul Atkins, Dissent of Commissioners Cynthia A. Glassman and Paul S. Atkins to the Adoption of Regulation NMS , Securities and Exchange Commission (June 9, 2005), https://www.sec.gov/files/rules/final/34-51808-dissent.pdf. [20] Id . [21] Hendrix, supra note 11. [22] For additional information on the ERC3643 protocol, see Overview of the Protocol: ERC-3643 Permissioned Tokens , ERC3643 Association, https://docs.erc3643.org/erc-3643.",Paul S. Atkins,False
51,2025-09-03,Statement on the Spring 2025 Regulatory Agenda,https://www.sec.gov/newsroom/speeches-statements/atkins-2025-regulatory-agenda-090425,"# Statement on the Spring 2025 Regulatory Agenda
> Statement on the Spring 2025 Regulatory Agenda Chairman Paul S. Atkins September 4, 2025

## More in this Section
More in this Section Newsroom Press Releases Speeches & Statements Meetings & Events SEC Videos Social Media Directory What's New Newsroom Press Releases Speeches & Statements Meetings & Events SEC Videos Social Media Directory What's New Home Newsroom Speeches and Statements Statement on the Spring 2025 Regulatory Agenda Statement Statement on the Spring 2025 Regulatory Agenda Paul S. Atkins, Chairman Washington D.C. Sept. 4, 2025 Today, the Office of Information and Regulatory Affairs released the Spring 2025 Unified Agenda of Regulatory and Deregulatory Actions . This regulatory agenda reflects that it is a new day at the Securities and Exchange Commission. The items on the agenda represent the Commission's renewed focus on supporting innovation, capital formation, market efficiency, and investor protection. The agenda covers potential rule proposals related to the offer and sale of crypto assets to help clarify the regulatory framework for crypto assets and provide greater certainty to the market. A key priority of my Chairmanship is clear rules of the road for the issuance, custody, and trading of crypto assets while continuing to discourage bad actors from violating the law. It also covers a number of envisioned deregulatory rule proposals to reduce compliance burdens and facilitate capital formation, including by simplifying pathways for raising capital and investor access to private businesses. It discusses amending existing rules to improve and modernize them as well as address disclosure burdens. In addition, it considers recommending that the Commission invite public comment regarding rethinking the Consolidated Audit Trail (CAT), especially in the wake of a recent decision by the U.S. Court of Appeals for the Eleventh Circuit. Market participants and Congress have rightly pushed back on CAT’s seemingly endless cost increases and the risks of storing so much sensitive data together. Importantly, the agenda reflects our withdrawal of a host of items from the last Administration that do not align with the goal that regulation should be smart, effective, and appropriately tailored within the confines of our statutory authority.",Paul S. Atkins,False
1,2025-01-20,SEC Crypto 2.0: Acting Chairman Uyeda Announces Formation of New Crypto Task Force,https://www.sec.gov/newsroom/press-releases/2025-30,"# SEC Crypto 2.0: Acting Chairman Uyeda Announces Formation of New Crypto Task Force

## More in this Section
More in this Section Newsroom Press Releases Speeches & Statements Meetings & Events SEC Videos Social Media Directory What's New Newsroom Press Releases Speeches & Statements Meetings & Events SEC Videos Social Media Directory What's New Home Newsroom Press Releases SEC Crypto 2.0: Acting Chairman Uyeda Announces Formation of New Crypto Task Force Press Release SEC Crypto 2.0: Acting Chairman Uyeda Announces Formation of New Crypto Task Force Commissioner Hester Peirce will lead agency-wide effort For Immediate Release 2025-30 Washington D.C., Jan. 21, 2025 — Today SEC Acting Chairman Mark T. Uyeda launched a crypto task force dedicated to developing a comprehensive and clear regulatory framework for crypto assets. Commissioner Hester Peirce will lead the task force. Richard Gabbert, Senior Advisor to the Acting Chairman, and Taylor Asher, Senior Policy Advisor to the Acting Chairman, will serve as the task force’s Chief of Staff and Chief Policy Advisor, respectively. Drawing from talented staff across the agency, the Task Force will collaborate with Commission staff and the public to set the SEC on a sensible regulatory path that respects the bounds of the law. To date, the SEC has relied primarily on enforcement actions to regulate crypto retroactively and reactively, often adopting novel and untested legal interpretations along the way. Clarity regarding who must register, and practical solutions for those seeking to register, have been elusive. The result has been confusion about what is legal, which creates an environment hostile to innovation and conducive to fraud. The SEC can do better. The Task Force’s focus will be to help the Commission draw clear regulatory lines, provide realistic paths to registration, craft sensible disclosure frameworks, and deploy enforcement resources judiciously. The Task Force will operate within the statutory framework provided by Congress and will coordinate the provision of technical assistance to Congress as it makes changes to that framework. The Task Force will coordinate with federal departments and agencies, including the Commodity Futures Trading Commission, and state and international counterparts. “I look forward to the efforts of Commissioner Peirce to lead regulatory policy on crypto, which involves multiple SEC divisions and offices,” said Acting Chairman Uyeda. “This undertaking will take time, patience, and much hard work. It will succeed only if the Task Force has input from a wide range of investors, industry participants, academics, and other interested parties. We look forward to working hand-in-hand with the public to foster a regulatory environment that protects investors, facilitates capital formation, fosters market integrity, and supports innovation,” stated Commissioner Peirce. The Task Force anticipates holding roundtables in the future, but in the meantime welcomes public input at Crypto@sec.gov . ###",,False
4,2025-02-19,SEC Announces Cyber and Emerging Technologies Unit to Protect Retail Investors,https://www.sec.gov/newsroom/press-releases/2025-42,"# SEC Announces Cyber and Emerging Technologies Unit to Protect Retail Investors

## More in this Section
More in this Section Newsroom Press Releases Speeches & Statements Meetings & Events SEC Videos Social Media Directory What's New Newsroom Press Releases Speeches & Statements Meetings & Events SEC Videos Social Media Directory What's New Home Newsroom Press Releases SEC Announces Cyber and Emerging Technologies Unit to Protect Retail Investors Press Release SEC Announces Cyber and Emerging Technologies Unit to Protect Retail Investors Laura D’Allaird appointed chief of the new unit For Immediate Release 2025-42 Washington D.C., Feb. 20, 2025 — The Securities and Exchange Commission today announced the creation of the Cyber and Emerging Technologies Unit (CETU) to focus on combatting cyber-related misconduct and to protect retail investors from bad actors in the emerging technologies space. The CETU, led by Laura D’Allaird, replaces the Crypto Assets and Cyber Unit and is comprised of approximately 30 fraud specialists and attorneys across multiple SEC offices. “Under Laura’s leadership, this new unit will complement the work of the Crypto Task Force led by Commissioner Hester Peirce. Importantly, the new unit will also allow the SEC to deploy enforcement resources judiciously,” said Acting Chairman Mark T. Uyeda. “The unit will not only protect investors but will also facilitate capital formation and market efficiency by clearing the way for innovation to grow. It will root out those seeking to misuse innovation to harm investors and diminish confidence in new technologies.” Specifically, the CETU will utilize the staff’s substantial fintech and cyber-related experience to combat misconduct as it relates to securities transactions in the following priority areas: Fraud committed using emerging technologies, such as artificial intelligence and machine learning Use of social media, the dark web, or false websites to perpetrate fraud Hacking to obtain material nonpublic information Takeovers of retail brokerage accounts Fraud involving blockchain technology and crypto assets Regulated entities’ compliance with cybersecurity rules and regulations Public issuer fraudulent disclosure relating to cybersecurity ###",,False
42,2025-07-08,"Enchanting, but Not Magical: A Statement on the Tokenization of Securities",https://www.sec.gov/newsroom/speeches-statements/peirce-statement-tokenized-securities-070925,"# Enchanting, but Not Magical: A Statement on the Tokenization of Securities
> Enchanting, but Not Magical: A Statement on the Tokenization of Securities Commissioner Hester M. Peirce July 9, 2025

## More in this Section
More in this Section Newsroom Press Releases Speeches & Statements Meetings & Events SEC Videos Social Media Directory What's New Newsroom Press Releases Speeches & Statements Meetings & Events SEC Videos Social Media Directory What's New Home Newsroom Speeches and Statements Enchanting, but Not Magical: A Statement on the Tokenization of Securities Statement Enchanting, but Not Magical: A Statement on the Tokenization of Securities Commissioner Hester M. Peirce Washington D.C. July 9, 2025 Blockchain technology has unlocked novel models for distributing and trading securities in a “tokenized” format. Tokenization may facilitate capital formation and enhance investors’ ability to use their assets as collateral. Enchanted by these possibilities, new entrants and many traditional firms are embracing onchain products. As powerful as blockchain technology is, it does not have magical abilities to transform the nature of the underlying asset. Tokenized securities are still securities. Accordingly, market participants must consider—and adhere to—the federal securities laws when transacting in these instruments. Sometimes an issuer tokenizes its own security. For example, an operating company or an investment company could tokenize its shares. Alternatively, an unaffiliated third party with custody of securities issued by another entity might, for instance, issue a new tokenized security tied to the securities it holds or may tokenize the “security entitlements” that investors hold against the custodian. Purchasers of these third-party tokens may face unique risks, such as counterparty risks. Distributors of tokenized securities must consider their disclosure obligations under the federal securities laws and may wish to refer to the Division of Corporation Finance’s recent staff statement on this topic. [1] Market participants who distribute, purchase, and trade tokenized securities also should consider the nature of these securities and the resulting securities laws implications. For example, depending on the particular facts and circumstances, a token could be a “receipt for a security,” which is itself a security but is distinct from the underlying security held by the distributor of the token. Alternatively, a token that does not provide the holder with legal and beneficial ownership of the underlying security could be a “security-based swap” that cannot be traded off exchange by retail persons. While blockchain-based tokenization is new, the process of issuing an instrument representing a security is not. The same legal requirements apply to on- and off-chain versions of these instruments. Market participants, as they structure their tokenization product offerings, should consider meeting with the Commission and its staff. [2] When unique aspects of a technology warrant changes to existing rules or where regulatory requirements are outdated or unnecessary, we stand ready to work with market participants to craft appropriate exemptions and modernize rules. [1] See Division of Corporation Finance, Offerings and Registrations of Securities in the Crypto Asset Markets, Apr. 10, 2025, available at https://www.sec.gov/newsroom/speeches-statements/cf-crypto-securities-041025 . [2] See Crypto Points of Contact on SEC.gov, https://www.sec.gov/about/crypto-task-force/crypto-points-contact-secgov (last updated July 8, 2025).",Hester M. Peirce,False
43,2025-08-04,Response to Staff Statement on Certain Liquid Staking Activities: Caveat Liquid Staker,https://www.sec.gov/newsroom/speeches-statements/crenshaw-statement-liquid-staking-080525,"# Response to Staff Statement on Certain Liquid Staking Activities: Caveat Liquid Staker
> Response to Staff Statement on Certain Liquid Staking Activities: Caveat Liquid Staker Commissioner Caroline A. Crenshaw August 5, 2025

## More in this Section
More in this Section Newsroom Press Releases Speeches & Statements Meetings & Events SEC Videos Social Media Directory What's New Newsroom Press Releases Speeches & Statements Meetings & Events SEC Videos Social Media Directory What's New Home Newsroom Speeches and Statements Response to Staff Statement on Certain Liquid Staking Activities: Caveat Liquid Staker Statement Response to Staff Statement on Certain Liquid Staking Activities: Caveat Liquid Staker Commissioner Caroline A. Crenshaw Washington D.C. Aug. 5, 2025 Some things are better left unsaid. Today, the Division of Corporation Finance spoke in the form of a statement on liquid staking activities that purports “to provide greater clarity on the application of the federal securities laws to crypto assets.” [1] But instead of clarifying the legal landscape, today’s statement, like other recent staff statements before it, only muddies the waters. [2] This lack of clarity principally stems from two sources. First, the Liquid Staking Statement stacks factual assumption on top of factual assumption on top of factual assumption, resulting in a wobbly wall of facts without an anchor in industry reality. Without reference to any supporting authority that might validate that its factual claims actually map onto how liquid staking operates in practice, the Liquid Staking Statement makes a series of definitive declarations about how liquid staking works. It thus might not reflect prevailing conditions on the ground. Second, although largely buried in footnotes, the staff repeatedly cautions readers that the Liquid Staking Statement’s broad legal conclusions apply only if those many factual assumptions hold. [3] In other words, the legal conclusions in the statement are circumscribed by the staff’s plentiful assumptions about liquid staking. And, to the extent that any particular liquid staking activity deviates from the numerous factual assumptions laid out in the Liquid Staking Statement, that activity is outside the statement’s scope. Given its unsupported factual assumptions and circumscribed legal analysis, the Liquid Staking Statement should provide little comfort to entities engaged in liquid staking—especially since, as the statement rightly notes, it only “represents the views of the staff of the Division of Corporation Finance,” not the views of this or any future Commission. [4] For those entities whose liquid staking programs deviate in any respect from the soaring wall of factual assumptions erected in the Liquid Staking Statement, the message should be clear: Caveat liquid staker. [1] See Division of Corporation Finance, Statement on Certain Liquid Staking Activities (Aug. 5, 2025) (“Liquid Staking Statement”). [2] See, e.g. , Commissioner Caroline A. Crenshaw, Response to Staff Statement on Protocol Staking Activities: Stake it Till You Make It? (May 29, 2025) (“But unfortunately, as with the Division’s other recent Howey statements, the conclusions here are vague generalizations that cannot readily be mapped onto real-world services.”). The Liquid Staking Statement builds upon and borrows definitions from a prior staff statement on protocol staking activities. See Division of Corporation Finance, Statement on Certain Protocol Staking Activities (May 29, 2025). As such, many of the concerns I expressed in my response to the staff statement on protocol staking activities also apply to the Liquid Staking Statement. [3] See, e.g. , Liquid Staking Statement n.11 (“Where facts vary from those presented in this statement, the Division’s view as to whether the specific Liquid Staking Activity involves the offer and sale of a security may be different.”); id. at n.18 (“If a Liquid Staking Provider does select whether, when, or how much a Depositor’s Covered Crypto Assets to stake, its activities are outside the scope of this statement.”); id. at n.24 (“Where a Liquid Staking Provider provides the means by which the Staking Receipt Tokens can be used to generate such returns, those activities are outside the scope of this statement.”). [4] Liquid Staking Statement.",Caroline A. Crenshaw,False
44,2025-08-04,Staking Sequel – Comments on Division of Corporation Finance’s Statement on Certain Liquid Staking Activities,https://www.sec.gov/newsroom/speeches-statements/peirce-staking-sequel-080525,"# Staking Sequel – Comments on Division of Corporation Finance’s Statement on Certain Liquid Staking Activities
> Staking Sequel – Comments on Division of Corporation Finance’s Statement on Certain Liquid Staking Activities Commissioner Hester Peirce August 5, 2025

## More in this Section
More in this Section Newsroom Press Releases Speeches & Statements Meetings & Events SEC Videos Social Media Directory What's New Newsroom Press Releases Speeches & Statements Meetings & Events SEC Videos Social Media Directory What's New Home Newsroom Speeches and Statements Staking Sequel – Comments on Division of Corporation Finance’s Statement on Certain Liquid Staking Activities Statement Staking Sequel – Comments on Division of Corporation Finance’s Statement on Certain Liquid Staking Activities Commissioner Hester M. Peirce Washington D.C. Aug. 5, 2025 Today, the Division of Corporation Finance released a sequel to its statement on protocol staking. [1] This latest statement clarifies its views on the “security” status of “liquid staking” under the federal securities laws. Liquid staking is a new solution to an old problem. People who own fungible goods—whether gold bars or cereal grains—sometimes transfer possession or control of those goods to a third party for storage, transport, or some other purpose. Documents of title, like warehouse receipts and bills of lading, enable market participants to transfer legal and beneficial ownership and thus simplify transaction settlement and unlock greater liquidity for those goods. Commercial market participants in the onchain economy also have discovered the benefits of receipt instruments. Participants in proof-of-stake networks stake their crypto assets to a smart contract, a delegate, or some other system to support the security and censorship resistance of these networks. In doing so, they lose the ability to transfer the crypto assets until such assets are unstaked, a process that can take days or even weeks. A person who stakes her crypto assets through a liquid staking protocol or provider, however, receives liquid staking tokens (“LSTs”) that demonstrate legal and beneficial ownership of the staked crypto assets. The LSTs enable her to transfer her staked crypto assets to another blockchain network address immediately without unstaking her crypto assets, which reduces unnecessary transaction costs. She can use the LSTs as collateral or to participate in crypto applications, which can generate a return. Today’s statement clarifies the Division’s view that liquid staking activities in connection with protocol staking do not involve the offer and sale of securities. Instead, it is a variant on the longstanding practice of depositing goods with an agent who performs a ministerial function in exchange for a receipt that evidences ownership of the goods. People with additional questions may reach out to the Division for further guidance. Several ways to contact the Division are available at https://www.sec.gov/about/divisions-offices/division-corporation-finance/division-corporation-finance-contact-us . The Crypto Task Force also welcomes inquiries and feedback on this statement through crypto@sec.gov . I would like to thank Cicely LaMothe, Acting Director of the Division of Corporation Finance, and her staff for their diligent work to provide clear statements about staff views regarding the applicability of securities regulations to crypto assets. [1] Division of Corporation Finance, “Statement on Certain Protocol Staking Activities,” May 29, 2025, available at https://www.sec.gov/newsroom/speeches-statements/statement-certain-protocol-staking-activities-052925 .",Hester M. Peirce,False
46,2025-08-03,Peanut Butter & Watermelon: Financial Privacy in the Digital Age,https://www.sec.gov/newsroom/speeches-statements/peirce-remarks-blockchain-conference-080425,"# Peanut Butter & Watermelon: Financial Privacy in the Digital Age
> Peanut Butter & Watermelon: Financial Privacy in the Digital Age Science of Blockchain Conference Commissioner Hester M. Peirce August 4, 2025

## More in this Section
More in this Section Newsroom Press Releases Speeches & Statements Meetings & Events SEC Videos Social Media Directory What's New Newsroom Press Releases Speeches & Statements Meetings & Events SEC Videos Social Media Directory What's New Home Newsroom Speeches and Statements Peanut Butter & Watermelon: Financial Privacy in the Digital Age Speech Peanut Butter & Watermelon: Financial Privacy in the Digital Age Commissioner Hester M. Peirce Remarks to the Science of Blockchain Conference U.C. Berkeley Aug. 4, 2025 Thank you, Dan [Boneh] for that introduction. And thank you to IC3, the Center on Responsible Decentralized Intelligence, and the Stanford Center for Blockchain Research for hosting this conference. Being part of the Science of Blockchain Conference is an honor, although even the titles of most of the talks are intimidating for this non-scientist. Before I begin, I must remind you that my views are my own as a Commissioner and not necessarily those of the SEC or my fellow Commissioners. The summer on the East Coast has been hot—so hot that, much to my surprise, I find myself craving watermelon, the quintessential summer fruit, but one for which I have a general aversion. I inherited my distaste for watermelon from my grandfather. To make it palatable, he slathered peanut butter on it—a culinary combination that attracted the attention of the neighborhood children at summer picnics. Years later, the telephone operator connecting my grandfather’s call asked, “Are you the Mr. Peirce who puts peanut butter on his watermelon?” The telephone operator had been one of the kids dismayed by my grandfather’s unconventional efforts to make watermelon edible. That story reminds me of the value of disintermediation—not because of the watermelon and peanut butter combination—but because of the telephone operator. My grandfather’s telephone operator must have been one of the last of a dying profession; at the time he made the call in question, automated switching systems had replaced most human telephone operators. Customers could dial on their own, a task some large phone companies insisted was too hard. [1] The smaller independents, which were first to adopt the technology, noted that automation offered greater confidentiality. [2] My grandfather’s story illustrates that telephone operators sometimes were friends or neighbors of the people for whom they were placing calls. Imagine how awkward sensitive calls must have been when an operator you knew was doing the dialing. We now take for granted being able to call someone without another human in the loop. Technology enables disintermediation to our benefit in other areas too, and the promise of additional disintermediation beckons. Cryptography, zero-knowledge proofs, smart contracts, and public blockchains facilitate the disintermediated transmission of value and information and the disintermediated coordination of human behavior. Actions that once could not be performed without centralized intermediaries now can be accomplished permissionlessly without them. A bank that might not want to lend to certain types of people gives way to a DeFi protocol through which everybody can borrow on the same, publicly transparent terms. A social media platform run by a company that might censor of its own accord or at the government’s behest is replaced by a decentralized platform that allows everybody to post content according to a universally applicable set of transparent guidelines that is known in advance and not subject to alteration or disparate application based on user content. A high-priced remittance service is exchanged for a public blockchain that allows people to move money directly and more discreetly to the intended recipient, including people disfavored by their repressive governments. Technologies that cut out intermediaries shake up the status quo and thus sometimes inspire fear. Firms that serve as intermediaries might fear losing customers. Agencies like the SEC might fear that a disintermediated world is not regulatable because so many rules assume the presence of intermediaries whose conduct can be directed and held to account. Law-enforcement agencies that rely on centralized intermediaries for information about their customers’ involvement in potential crimes might fear that they will not be able to protect the public in a disintermediated world. Each of these fears is understandable, but none warrants limiting the use of disintermediating technologies. Although new technology will displace some incumbents, resilient firms will use the technologies to serve their customers. Traditional financial firms, for example, might use public blockchains to make settlements and borrowing more seamless or to perform back-end functions—the so-called DeFi mullet. Disintermediating technologies can perform functions that regulations now perform, such as mitigating the risk that an entity holding a customer’s assets will steal or mismanage them, ensuring that certain conditions are met, or increasing the transparency and accessibility of services for the public. As disintermediating technologies proliferate, law-enforcement agencies will continue to prevent and prosecute crime with their sophisticated use of a wide range of technologies and information sources. Let me pause on this last point for a few minutes. An increase in disintermediation may seem particularly daunting to law-enforcement agencies because many have come to rely heavily on the third-party doctrine, which gives them easy access to information people provide to third parties. Under current Supreme Court precedent, Fourth Amendment protections—the right of the people to be secure in their persons, houses, papers, and effects, against unreasonable searches and seizures [3] —might not apply when a person’s information is housed at a third party: law enforcement authorities can obtain the information without a warrant or notice to the affected individual. The theory underpinning this doctrine is that when a person gives information to a third party, she is indicating that she does not have an expectation of privacy with respect to the information. A person dialing a phone himself—without a human operator—was at the center of a foundational case for the third-party doctrine. The Supreme Court, over a curt dissent, [4] affirmed its view “that a person has no legitimate expectation of privacy in information he voluntarily turns over to third parties.” [5] It elaborated: “The switching equipment that processed those numbers is merely the modern counterpart of the operator who, in an earlier day, personally completed calls for the subscriber. . . . Petitioner concedes that if he had placed his calls through an operator, he could claim no legitimate expectation of privacy. . . . We are not inclined to hold that a different constitutional result is required because the telephone company has decided to automate.” [6] So the lack of human operators might save you from conversations about watermelons and peanut butter, but it does not save you from government surveillance. More recently, in Carpenter v. United States, the Court declined to apply the third-party doctrine to cell phone site location information, [7] but the third-party doctrine is still alive and well. [8] The third-party doctrine is a key pillar of financial surveillance in this country, much of which occurs under the Bank Secrecy Act (“BSA”). The BSA is a nearly 55-year old law that Congress has supplemented over the years. It seeks to assist law enforcement in combatting criminal activity, including tax evasion, terrorism financing, and money laundering; protect the U.S. financial system; and safeguard the national security of the United States. [9] Under the BSA, financial institutions have to establish “reasonably designed risk-based programs” to combat money laundering and the financing of terrorism and “to facilitate the tracking of money that has been sourced through criminal activity or is intended to promote criminal or terrorist activity.” [10] The BSA defines “financial institution” expansively—the statute enumerates many entities such as banks, brokers, dealers, investment companies, insurance companies, auto and gold dealers, casinos, pawnbrokers, and travel agencies, and it authorizes Treasury to pull in additional entities. [11] Among other requirements, financial institutions must submit Suspicious Activity Reports (“SARs”) “to report any suspicious transaction relevant to a possible violation of law or regulation,” [12] and Currency Transaction Reports (“CTRs”) to report customers’ currency transactions over $10,000 individually or in the aggregate. [13] Many financial institutions also must verify their customers’ identities at account opening. [14] In fiscal year 2024, approximately 324,000 financial institutions submitted more than 25 million transactions reports, including 4.7 million SARs and 20.5 million CTRs. [15] As one observer put it, “the Bank Secrecy Act deputized American financial institutions as de facto law enforcement investigators.” [16] Despite the profound implications of deputized financial institutions handing sensitive customer information over to government without a warrant, the BSA has withstood constitutional challenges. The Supreme Court upheld the BSA against a constitutional challenge in 1974, [17] and then again in 1976. [18] In the 1976 case, the Court explicitly embraced the third-party doctrine, and explained that the Fourth Amendment does not prohibit the government from obtaining information from a third party “even if the information is revealed [by the customer to that third party] on the assumption that it will be used only for a limited purpose and the confidence placed in this third party will not be betrayed.” [19] In both cases, strong dissents raised concerns about the third-party doctrine in the financial context. Justice Marshall proclaimed the Act “unconstitutional,” [20] and Justice Douglas observed that “[s]ince the banking transactions of an individual give a fairly accurate account of his religion, ideology, opinions, and interests, a regulation impounding them and making them automatically available to all federal investigative agencies is a sledge-hammer approach to a problem that only a delicate scalpel can manage.” [21] The sledgehammer has become the tool of choice for monitoring for financial crimes. Banks’ ability to encrypt data gave rise to the growth of online financial services by ensuring that financial institutions could protect customer data. But as customers use online financial services, they transmit, and thereby necessarily disclose, more information to their financial institutions, which, under the third-party doctrine, is construed as acceptance by the customer that she has no expectation of privacy in the data and the data is thus outside the scope of Fourth Amendment protection. The paradox then is that banks can use encryption to protect private customer data from theft or public disclosure, but the customer nonetheless has no expectation of privacy in the encrypted data under the third-party doctrine. Financial institutions, as I noted earlier, file millions of SARs. The government has created a when-in-doubt-file dynamic. Entities the SEC regulates, for example, routinely face enforcement actions for failing to file enough SARs. As my colleague Commissioner Uyeda and I wrote in dissent to one such enforcement action in which the SEC faulted a broker for not flagging a series of transactions as suspicious, encouraging financial institutions to “see red in every flag and file unnecessary SARs . . . imposes extra costs on firms, and adds unhelpful clutter to the reporting data, making it less useful in the end.” [22] Just as cell phone technology caused the Supreme Court to grapple anew with the third-party doctrine in Carpenter , new technology can serve as a catalyst to rethink our financial surveillance regime in the United States. A diversity of voices inside and outside government are calling for fresh thinking on the third-party doctrine, generally, and the BSA, specifically. [23] Many commentators have pointed to the ugly clash between the third-party doctrine and digital modernity. Justice Sonia Sotomayor, for example, has said that “the premise that an individual has no reasonable expectation of privacy in information voluntarily disclosed to third parties . . . is ill suited to the digital age, in which people reveal a great deal of information about themselves to third parties in the course of carrying out mundane tasks.” [24] Another commentary pointed out: “The combination of first equating ‘exposure’ with sharing in a public way and then further equating sharing with an automated third party as sharing with an individual is particularly dangerous.” [25] Stories of innocent people suffering harm because of the elaborate financial surveillance infrastructure have added to calls for rethinking the government’s approach. [26] While people appreciate the intention of the BSA, they worry about how it works in practice. Katie Haun, noting that “[e]very purchase, deposit, and transaction, from the smallest Venmo payment for a coffee to a large hospital bill, creates a data point in a system that watches you—even if you’ve done nothing wrong,” has called for a “narrow[ing]” of the BSA. [27] Questions about the cost, usefulness, and privacy implications of the BSA make reforming the BSA a timely topic. Earlier this summer, Deputy Secretary of the Treasury Michael Faulkender, in discussing guiding principles of BSA modernization reforms, highlighted the Administration’s focus on finding the “optimal fulcrum for balancing the somewhat opposing forces of costs and benefits.” [28] In line with this commitment, the Department of Treasury recently announced its intention to delay the effective date and “revisit the substance” of a recently adopted anti-money laundering rule for investment advisers. [29] A helpful input to reform discussions would be good data about how useful information collected under the BSA is; the number of SARs and CTRs filed does not tell us whether or how they were used. [30] A recent Government Accountability Office Report suggested that the number of CTRs could be reduced without impairing law enforcement since most CTRs are not used. [31] The benefits generated by financial surveillance may not be worth the jaw dropping costs to financial institutions, their customers, and the government. [32] But we need to ask questions that go beyond the cost to financial institutions of preparing the reports and the cost to government agencies of sifting through them. We should consider with fresh eyes whether these measures are proportionate to the threats we face and whether they diminish the liberties that make the United States a beacon for the rest of the world. Has monitoring in our financial markets placed Americans in a fishbowl that exposes private decisions about sensitive matters to public view? Has the BSA infrastructure added damaging frictions to the financial system’s ability to serve people who are not involved in criminal activity, particularly people who are not wealthy or are associated with politically or socially disfavored activities? [33] Have we forgotten the need, in the words of Supreme Court Justice Brandeis, “to be most on our guard to protect liberty when the government’s purposes are beneficent”? [34] Should we be curtailing, rather than expanding, the government’s enlistment of financial institutions to surveil their customers? Do technologies exist that can both help this country defend itself from threats at a reasonable cost and better protect Americans’ privacy? The BSA is not the only area in need of a scalpel, instead of a sledgehammer. The government has established other programs for monitoring Americans’ financial transactions. [35] One close-to-home example is the SEC’s Consolidated Audit Trail (“CAT”), which captures customer and order event information for equities and options, across all markets, from the time of order inception through routing, cancellation, modification, or execution. Brokers must collect and send data about their customers’ activity to the CAT, where thousands of employees of the SEC and private self-regulatory organizations (“SROs”) can use it to review every person’s trading activity, without any suspicion of wrongdoing. The CAT takes the place of a more tailored system that allowed the SEC and SROs to get information on an as-needed basis. In addition to being costly, [36] the CAT disregards everyday investors’ privacy interests. Commissioner Uyeda and I consider this to be a tool “one would expect to find in a dystopian surveillance state.” [37] Other voices have raised similar concerns about the program’s implications for Americans’ privacy. [38] The CAT may be facing some long overdue rethinking. Earlier this year, the SEC stopped requiring that brokers send customers’ names, addresses, and birth years to the CAT, [39] and Chairman Atkins has called for a review of the CAT, including taking “a hard look at the reporting requirements and scope of what is collected.” [40] As policymakers and legal scholars consider how longstanding, historic rights embodied in the Fourth Amendment apply when people interact with modern technologies operated by third parties, technologists are simultaneously working on protecting people’s privacy. Just as old technologies expanded the reach of the third-party doctrine, new technologies that eliminate intermediaries may make it less powerful. New and improved technology can diminish the need for us to rely on third parties and thus to hand our information over to them. Where, by design or deficiency, the law will not protect us, technology might. Encrypted networks and cryptographic protocols are such tools. Zero-knowledge proofs allow a person to prove who she is or something about her (such as her age) without requiring her to share her private information. Privacy pools and mixers enable a person to keep private her compensation, her donations to charity, her associations with political or religious organizations, [41] and her purchases. Decentralized physical infrastructure networks remove the centralized party from the provision of essential services and so make it harder for a repressive government to track its citizens’ movements. Some public blockchains include privacy-protection and thus enable people to do what the introduction of private phone lines did—shield sensitive information from public exposure. [42] For these and other new technologies to be able to play a role in protecting Americans’ privacy, government must guard jealously the ability of Americans to use them freely. Such protective measures may run counter to regulatory instincts, but overcoming those instincts is crucial to maintaining the freedom and prosperity of the American people. Indeed, a series of recent events reminds us that limitations on the use of privacy-protecting tools can expose people to threats to their physical safety too. [43] Rather than something to be feared, we should embrace these tools’ ability to help humanity live freer lives without unwarranted financial surveillance. People use these tools for bad purposes too, but treating technology as the villain will impinge on legitimate users’ privacy. [44] Going after the real villains is important, but we can do so while still ensuring widespread access to fundamental American rights. Most public servants engaged in law enforcement have dedicated their lives to protecting this country precisely because of the values this country embodies. While not perfect and not always perfectly aligned with one another, we constantly strive as a people to make this country better and to deepen our nation’s commitment to the dignity of each person. Key to a person’s dignity is her ability to decide to whom she will reveal information about herself. The people who have devoted their careers to our country’s security are well situated to appreciate the importance of their fellow Americans’ right to private, fulfilling lives. They are thus well-suited to advocate for their fellow Americans’ ability to use technologies that help them to live private, fulfilling lives. The past offers us an important lesson. In the 1990s, governments, for national security reasons, wanted to keep strong cryptography out of private hands. The internet could not have succeeded without strong cryptography, so a determined set of cryptographers pushed back and convinced the government that cryptography in private hands was a net positive. [45] Because of their hard-fought victory in the courts and the court of public opinion, we daily rely on encryption to send email, engage in online banking, buy from online merchants, communicate with one another through voice and video, and conduct many other daily tasks. One of those cryptographers, Phil Zimmermann—developer of Pretty Good Privacy (PGP) encryption software—recently made the case for a renewed effort to protect individuals’ right to use end-to-end encryption in their communications, in light of vastly expanded accessibility of these tools to the general population. [46] He argues that for personal privacy and national security reasons, protection of strong, backdoorless end-to-end encryption is essential, and governments of free people should defend the right of private citizens to use it so they can protect themselves in a world replete with bad actors. [47] We should take concrete steps to protect people’s ability not only to communicate privately, but to transfer value privately, as they could have done with physical coins in the days in which the Fourth Amendment was crafted. A recent President’s Working Group included the following pertinent recommendation: “American citizens and businesses should be able to own digital assets and use blockchain technologies for lawful purposes without fear of prosecution. Likewise, American entrepreneurs and software developers should have the liberty, and regulatory certainty, to upgrade all sectors of our economy using these technologies.” [48] As that recommendation suggests, we should welcome privacy-protecting technologies and safeguard the right of individuals to self-custody their crypto assets. And developers of open-source privacy software should not have to answer for the actions that other people take using the software they wrote. Although a centralized intermediary or even a DAO deploying a DeFi application could build in restrictions on its use, an immutable, open-source protocol is available for anyone’s use in perpetuity, so requiring that it comply with financial surveillance measures is fruitless. [49] We should not ask peers transacting with one another, where no intermediary exists, to collect and report information on each other. [50] Doing so would deputize us to surveil our neighbors—a practice antithetical to a free society. Nor should we require an intermediary to step in the middle of peer-to-peer transactions. SEC Chairman Atkins urged in a recent speech that we need to create a regulatory “path for software developers to unleash on-chain software systems that do not require operation by any central intermediary” and avoid “interpos[ing] intermediaries for the sake of forcing intermediation where the markets can function without them.” [51] As with the internet, technologies that have legitimate uses are better left in the permissionless, available-for-all-to-use category, even though doing so enables people to use them for bad purposes, because taking any other course would impinge fundamental liberties. Restoring Americans’ privacy in their financial transactions will be an uphill battle. Eric Hughes, who studied mathematics here at Berkeley and wrote A Cypherpunk’s Manifesto observed, “We cannot expect governments, corporations, or other large, faceless organizations to grant us privacy out of their beneficence.” [52] And sometimes We the People are pretty stingy, too, when it comes to privacy. Whenever I publicly raise concerns about the expansion of financial surveillance, someone says something along these lines, “I have nothing to hide. It is wonderful that law enforcement is watching everyone’s financial transactions so that it can get the bad guys.” They often suspiciously follow that statement with: “Why are you, a regulator, advocating less surveillance?” Privacy scholar Daniel Solove has explained, the “nothing-to-hide” argument “represents a singular and narrow way of conceiving of privacy, and it wins by excluding consideration of the other problems often raised in government surveillance and data mining programs.” [53] The surveillance-is-fine-with-me attitude may reflect a “condition[ing]” of the American people by “influences alien to well-recognized Fourth Amendment freedoms.” [54] People may have gotten so used to a world swallowed by the third-party doctrine and the financial surveillance apparatus that has grown out of it that they have no expectation of freedom from government surveillance of their financial lives. On the other hand, according to one survey, 83 percent of respondents agreed that the government should need a warrant to access financial records, and 79 percent thought it unreasonable for a bank to share a customer’s records with the government. [55] Those statistics give me hope that even deep-rooted policies and common practices can change. Most fears of financial privacy and the technology that enables it flow from a genuine desire to protect this nation from enemies and criminals. Safeguarding our families, communities, and country from harm is extremely important, but curtailing financial privacy and impeding disintermediating technologies are the wrong approach. Denying people financial privacy—whether through sweeping surveillance programs or restrictions on privacy-protecting technologies—undermines the fabric and freedoms of our families, communities, and nation. The American people and their government should guard zealously people’s right to live private lives and to use technologies that enable them to do so. I will close by wishing you a belated Happy Watermelon Day. If you forgot to celebrate yesterday, have a slice today, but make sure you have a jar of peanut butter close at hand. [1] David Price, Goodbye, Operator , Federal Reserve Bank of Richmond: Econ Focus (2019), https://www.richmondfed.org/publications/research/econ_focus/2019/q4/economic_history. [2] Id. [3] U.S. Const. amend. IV. The Fourth Amendment reads in full: “The right of the people to be secure in their persons, houses, papers, and effects, against unreasonable searches and seizures, shall not be violated, and no Warrants shall issue, but upon probable cause, supported by Oath or affirmation, and particularly describing the place to be searched, and the persons or things to be seized.” [4] Smith v. Maryland , 442 U.S. 735, 749 (1979) (Marshall and Brennan, JJ. dissenting) (pushing back on the idea that the Petitioner should have expected that information provided “for a limited business purpose” would “be made available to the public in general or the government in particular”). [5] Smith at 743. [6] Smith at 744-45. [7] Carpenter v. U.S. , 585 U.S. 296 (2018). [8] See U.S. v. Chatrie , 107 F.4 th 319, 330 (4 th Cir. 2024), affirmed en banc , 136 F.4 th 100 (4 th Cir. 2025) “Relying on Carpenter , Chatrie argues that the government conducted a search when it obtained his Location History data from Google.We disagree. Carpenter identified two rationales that justify applying thethird-partydoctrine: the limited degree to which the information sought implicates privacy concerns and the voluntary exposure of that information tothirdparties. Both rationales apply here.”). [9] Currency and Foreign Transactions Reporting Act of 1970, 31 USC 5311 et seq. (1970). The BSA generally refers to certain parts of the Currency and Foreign Transactions Reporting Act, its amendments, and the other statutes relating to the subject matter of that Act. The BSA is codified at 12 U.S.C. 1829b, 12 U.S.C. 1951-1960, and 31 U.S.C. 310, 5311-5314, 5316-5336, and including notes thereto, with implementing regulations at 31 CFR Chapter X. [10] 31 U.S.C. 5311(2) and (3). [11] 31 U.S.C. 5312(a)(2). One commentator has pointed out that the language of the statute is so broad that “all persons engaged in business and being paid or paying others may be, so defined, financial institutions. Therefore, a plain reading of the Bank Secrecy Act may mandate that every American who pays or is paid must register with the Treasury Department and regularly report the details of her monetary transactions as if she were a bank or other financial institution, and as if the people she paid or took payment from were her bank customers.” Peter Van Valkenburgh, Broad, Ambiguous, or Delegated: Constitutional Infirmities of the Bank Secrecy Act , Coin Center Report (Nov. 2023), https://www.coincenter.org/broad-ambiguous-or-delegated-constitutional-infirmities-of-the-bank-secrecy-act/ . [12] 31 U.S.C. 5318(g)(1); see also 12 CFR 21.11. [13] 31 CFR 1010.311. [14] Section 326 of the USA PATRIOT Act, Pub. L. No. 107-56, 115 Stat. 272 (2001), amended the BSA to require financial institutions to implement a customer identification program (CIP) to verify the identities of individuals and entities seeking to open new accounts. The CIP requirement applies to certain banks (31 CFR 1020.220), broker- dealers (31 CFR 1023.220), mutual funds (31 CFR 1024.220), and futures commission merchants and introducing brokers (31 CFR 1026.220). A proposed rule requiring certain SEC-registered investment advisers to adopt CIPs has been paused for reconsideration. Press Release, Treasury Announces Postponement and Reopening of Investment Adviser Rule , Treasury Department (July 21, 2025), https://home.treasury.gov/news/press-releases/sb0201 . [15] Financial Crimes Enforcement Network, Year in Review for Fiscal Year 2024 at 3 (June 18, 2025), https://www.fincen.gov/sites/default/files/shared/FinCEN-Infographic-Public-2025-508.pdf . [16] Nicholas Anthony, The Right to Financial Privacy , CATO Institute (May 2, 2023), https://www.cato.org/policy-analysis/right-financial-privacy#trouble-wake-bank-secrecy-act . [17] California Bankers Association v. Shultz , 416 U.S. 21 (1974). [18] U.S. v. Miller , 425 U.S. 435 (1976). [19] Id. at 443. [20] Id. at 456 (Marshall, J., dissenting). (“Because the recordkeeping requirements of the Act order the seizure of customers’ bank records without a warrant and probable cause, I believe the Act is unconstitutional . . . .”). [21] California Bankers Association v. Shultz , 416 U.S. 21, 85 (1974) (Douglas, J., dissenting). See also California Bankers Association v. Shultz , 416 U.S. 21, 95-96 (1974) (Marshall, J., dissenting) (“The fact that one has disclosed private papers to the bank, for a limited purpose, within the context of a confidential customer-bank relationship, does not mean that one has waived all right to the privacy of the papers.”); California Bankers Association v. Shultz , 416 U.S. at 78-79 (Powell, J., concurring) (noting that a “significant extension of the regulations’ reporting requirements . . . would pose substantial and difficult constitutional questions . . . At some point, governmental intrusion upon these areas would implicate legitimate expectations of privacy”). [22] Commissioner Hester Peirce & Commissioner Mark Uyeda, Caught in a SAR Trap: Statement on In the Matter of Pierre Economacos , Securities and Exchange Commission, (Sept. 18, 2023), https://www.sec.gov/newsroom/speeches-statements/peirce-uyeda-statement-pierre-economacos-091823 . [23] See, e.g. , Brian Knight, Avoiding Misuse of Americans’ Financial Records , Mercatus Center (Mar. 7, 2024), https://www.mercatus.org/research/federal-testimonies/avoiding-misuse-americans-financial-records (recommending, among other things, delayed notification to SAR subjects, more latitude for financial institutions to push back against unreasonable government information demands, “a reasonableness requirement for all transfers of information,” a prohibition on “dragnet style mass requests as well as reports based solely or primarily on constitutionally protected activity,” a prohibition on the use of “classifying criteria that directly relate to, or seek to identify, constitutionally protected activities . . . such as the purchase of firearms, …. political, religious, or other core constitutional rights . . . and other highly sensitive issues such as healthcare,” and the creation of a privacy advocacy body); Press Release, Lee Introduces the Saving Privacy Act for 119 th Congress , Office of Senator Mike Lee (Feb. 27, 2025), https://www.lee.senate.gov/2025/2/lee-introduces-the-saving-privacy-act-for-119th-congress (repealing, among other changes, the transaction reporting requirements of the Bank Secrecy Act); Anthony, supra note 16 (recommending revamping the Right to Financial Privacy Act); Tonja Jacobi & Dustin Stonecipher, A Solution for the Third-Party Doctrine in a Time of Data Sharing, Contact Tracing, and Mass Surveillance , 97 Notre Dame L. Rev. 823 (2022) available at https://scholarlycommons.law.emory.edu/cgi/viewcontent.cgi?article=1011&context=faculty-articles (arguing that a correct reading of Katz could lead to “a coherent and well-grounded” solution to the third-party problem); Press Release, Rep. Rose Introduces the Bank Privacy Reform Act to Stop the Government from Warrantless Surveillance of the American People ¸ Office of Rep. John Rose (Oct. 11, 2022), https://johnrose.house.gov/media/press-releases/rep-rose-introduces-bank-privacy-reform-act-stop-government-warrantless (introducing bill to require warrant for government to access personal, private information); Norbert Michel and & Nicholas Anthony, Comment Letter to FinCen regarding Review of Bank Secrecy Act Regulations and Guidance, CATO Institute (Feb. 7, 2022), https://www.cato.org/sites/cato.org/files/2022-02/michel-anthony-public-comment-2-7-2022.pdf (recommending, among other things, better information regarding “how many reports lead to secondary investigation, legal action, or conviction”; “[a]djusting BSA reporting and recordkeeping thresholds to adjust for inflation”; and revoking regulations requiring reporting of transactions in which “two private parties are involved in an exchange of goods or services”); Norbert Michel and David Burton, Financial Privacy in a Free Society , Heritage Foundation, (Sep. 23, 2016), https://www.heritage.org/markets-and-finance/report/financial-privacy-free-society#_ftn90 (recommending, among other things, annual reporting of “the number of AML referrals, prosecutions, and convictions”; “a rigorous data-driven cost-benefit analysis of the current BSA/AML regime”; and “a well-considered, integrated international convention that ensures robust information sharing for the purposes of preventing terrorism, crime, and fraud, but also provides enforceable legal protections for the financial and other privacy interests of member states’ citizens and the legitimate commercial interests of their businesses”); Virginia O’Neill, Letter to FinCEN on Information Collection Requirements relating to Currency Transaction Reports , American Bankers Association (Apr. 5, 2025), https://www.aba.com/advocacy/policy-analysis/letter-to-fincen-on-ctr-pra-2024 (advocating for changes to CTR reporting thresholds and noting that original $10,000 reporting threshold for cash transactions would be $170,000 if adjusted for inflation); Angelena Bradfield, Letter to FinCEN regarding Request for Information and Comment Regarding Review of Bank Secrecy Act Regulations and Guidance, Bank Policy Institute (Feb. 14, 2022), https://bpi.com/wp-content/uploads/2022/02/BPI-Comments-on-FinCEN-Review-of-Bank-Secrecy-Act-Regulations-and-Guidance.pdf (recommending “updat[ing] AML program rules so that the rules expressly authorize financial institutions to implement programs that are risk-based—that is, programs that are effective and reasonably designed in light of an institution’s specific activities and risk profile” and “encourag[ing] and expressly permit[ting] innovative approaches to AML compliance)”. [24] United States v. Jones , 565 U.S. 400, 417 (Sotomayor, J., concurring) (citations omitted). [25] Tonja, supra note 23 at 836; see also Michael Dreeben et al., Resolving Carpenter’s Third-Party Paradox (Part I – The Paradox) , Just Security (Sep. 21, 2023), https://www.justsecurity.org/88413/resolving-carpenters-third-party-paradox-part-i-the-paradox/ (identifying a “third party paradox” where lack of notice to consumers of government searches and data platforms’ lack of standing to challenge government demands prevents citizens from exercising their Fourth Amendment rights). [26] See, e.g. , Brian Doherty, How Vexatious Government Demands Can Lead Your Bank to Refuse to Do Business with You , Reason (Nov. 6, 2023), https://reason.com/2023/11/06/how-vexatious-government-demands-can-lead-your-bank-to-refuse-to-do-business-with-you/ (documenting numerous examples where law-abiding citizens were harmed by financial surveillance practices); Grant Rabenn, End the era of mass financial surveillance , a16zcrypto (Feb. 4, 2025), https://a16zcrypto.com/posts/article/end-era-mass-financial-surveillance/ (“[H]igh compliance costs also pose formidable barriers to entry for smaller financial service providers — including fintech startups — who need to build a business before establishing million-dollar compliance programs.”); Washington Examiner, Civil asset forfeiture cries out for reform , (Feb. 22, 2016), https://www.washingtonexaminer.com/opinion/1777376/civil-asset-forfeiture-cries-out-for-reform/ (“in 2014, the Internal Revenue Service seized Quran’s entire bank account, worth more than $150,000, under civil asset forfeiture laws. Quran was accused of making bank deposits of smaller than $10,000, which the IRS saw as violating “structuring” laws. Such laws are designed to capture individuals and businesses that try to evade bank-reporting laws.”). [27] Katie Haun, The Bank Secrecy Act is failing everyone, It’s time to rethink financial surveillance , MIT Technology Review (June 25, 2025), https://www.technologyreview.com/2025/06/25/1119324/katie-haun-bank-secrecy-act-oped/ . [28] Michael Faulkender, Deputy Secretary Faulkender Lays out Guiding Principles for Bank Secrecy Act Modernization , Treasury Department (June 18, 2025), https://home.treasury.gov/news/press-releases/sb0173. [29] Press Release, supra note 14. [30] See, e.g. , Nicholas Anthony, Reporting FinCEN’s Suspicious Activity, Again , CATO At Liberty (July 9, 2025) https://www.cato.org/blog/reporting-fincens-suspicious-activity-again (arguing that statistics released by FinCEN do not provide sufficient context to judge the effectiveness of the BSA). [31] Government Accountability Office, GAO-25-106500, Currency Transaction Reports: Improvements Could Reduce Filer Burden While Still Providing Useful Information to Law Enforcement 57 (Dec. 11, 2024) available at https://www.gao.gov/products/gao-25-106500 (“By taking steps to reduce the number of unused CTRs, such as by raising the reporting threshold or expanding exemptions, FinCEN has opportunities to reduce reporting burdens without compromising the value of CTRs to law enforcement.”). [32] See, e.g. , Austin Anton, BPI Survey Finds FinCEN Significantly Underestimates SAR Filing Demands , Bank Policy Institute (Apr. 17, 2024), https://bpi.com/bpi-survey-finds-fincen-significantly-underestimates-sar-filing-demands/ (reporting that a survey of members “found that banks spend 21.41 hours for every SAR filed”); Government Accountability Office, GAO-20-574, Anti-Money Laundering: Opportunities Exist to Increase Law Enforcement Use of Bank Secrecy Act Reports, and Banks’ Costs to Comply with the Act Varied 43-51 (Sep. 22, 2020), https://www.gao.gov/products/gao-20-574 available at (finding banks spent an average of $15 per new account in BSA/AML due diligence and noting that total BSA compliance costs totaled about 2% of operating expenses for the smallest banks surveyed, but less than 1% for the largest banks); Drew Dahl et al., Compliance Costs, Economies of Scale and Compliance Performance , Federal Reserve Bank of St. Louis: Community Bank Research and Outreach (Apr. 2018), https://www.communitybanking.org/-/media/files/communitybanking/compliance-costs-economies-of-scale-and-compliance-performance.pdf?sc_lang=en. [33] See, e.g. , Aaron Klein, Investigating the Real Impacts of Debanking in America: Hearing before S. Comm. on Banking, Housing, & Urban Affairs , 119 th Cong. (2025), https://www.banking.senate.gov/imo/media/doc/klein_testimony_2-5-25.pdf (noting that AML costs can make banks reluctant to serve low-income consumers and certain businesses, like cannabis businesses); Staff of the H. Comm. On the Judiciary and Select Subcomm. On the Weaponization of the Federal Government, 118 th Cong., Financial Surveillance in the United States: How Federal Law Enforcement Commandeered Financial Institutions to Spy on Americans (Mar. 6, 2024), https://judiciary.house.gov/sites/evo-subsites/republicans-judiciary.house.gov/files/evo-media-document/How-Federal-Law-Enforcement-Commandeered-Financial-Institutions-to-Spy.pdf (alleging, among other things, that the government worked with financial institutions after January 6 to flag purchases of items such as firearms and religious texts); Michael J. Casey, A Reckoning Looms for America’s 50-Year Financial Surveillance System , CATO Journal (Spring/Summer 2021), https://www.cato.org/cato-journal/spring/summer-2021/reckoning-looms-americas-50-year-financial-surveillance-system#it-all-worth-it (“[B]anks’ strict application of KYC-AML rules across all customer and interbank relationships has fostered widespread risk aversion among bankers. Engaging with the poor is just not worth the risk for them. This has left billions of people in the world’s informal economies as bystanders to the global economy and unable to break free of poverty.”); U.S. Government Accountability Office, GAO‐18‐263, Bank Secrecy Act: Derisking Along the Southwest Border Highlights Need for Regulators to Enhance Retrospective Reviews 18-30 (Feb. 26, 2018) available at https://www.gao.gov/assets/gao-18-263.pdf (finding that banks in the Southwest border region were declining to serve some communities and certain types of businesses to avoid burdens associated with monitoring for money laundering). [34] Olmstead v. United States , 278 U.S. 438, 479 (1928) (Brandeis, J., dissenting). [35] Other measures include section 311 of the USA PATRIOT Act and subsequent measures, which restrict American’s transacting with foreign entities, and 26 U.S.C. 6050I, which requires reporting of transactions over $10,000 in cash (and more recently, digital assets) to the IRS. [36] See, e.g. , Consolidated Audit Trail, LLC, 2025 Financial and Operating Budget , (May 19, 2025), https://catnmsplan.com/cat-financial-and-operating-budget (projecting $211.6 million in “cloud hosting services” and other technology expenditures for the CAT system in 2025); see also American Securities Association. v. SEC , No. 23-13396, 2025 WL 2092054 (11 th Cir. July 25, 2025) (“The costs of building and funding the CAT have far exceeded the Commission’s expectations. By the end of 2022, $518 million had been spent to build the (incomplete) CAT—nearly eight times more than the top Commission estimate. . . . And by 2023, operating costs had climbed to nearly $200 million per year—nearly four times greater than the high-end Commission estimate.”). [37] Commissioner Hester Peirce & Commissioner Mark Uyeda, Dissenting Statement on Electronic Submission of Certain Materials Under the Securities Exchange Act of 1934 and Amendments Regarding the FOCUS Report , Securities and Exchange Commission (Dec. 16, 2024), https://www.sec.gov/newsroom/speeches-statements/peirce-uyeda-statement-focus-report-121624. [38] See , e . g ., Ronald Newman & Kate Ruane, ACLU Letter to SEC on the Consolidated Audit Trail , ACLU (Dec. 16, 2019) at 1, https://www.aclu.org/documents/aclu-letter-sec-consolidated-audit-trail (“We are concerned that the CAT will pose significant risks to the privacy of millions of investors and write to urge the [SEC] to take additional steps to protect the privacy and security of the information that the CAT will collect, store, and disclose as CAT implementation continues.”); Jerry Markham, The SEC’s Consolidated Audit Trail (CAT): A Case Study of Financial Privacy and U.S. Government Surveillance , Florida International University Legal Studies Research Paper No. 5012274 at 67 (Nov. 5, 2024), https://ssrn.com/abstract=5012274 (“CAT, BSA, and other surveillance programs of financial services regulators pose a threat to the financial security and liberty of Americans. The government’s unsuccessful effort to stop all crime and terrorism through financial surveillance ignores the costs of freedom that must be paid to obtain a utopian crime free society.”); Robert Cook, CAT Should Be Modified to Cease Collecting Personal Information on Retail Investors , FINRA (Jan. 17, 2025), https://www.finra.org/media-center/blog/cat-should-be-modified-to-cease-collecting-personal-information-on-retail-investors (“Requirements for the customer database were conceived by the SEC 15 years ago. A lot has changed since then, including the risks associated with such a database. For example, cybersecurity events are increasing, raising concerns about consolidating investors’ personal information in a centralized database. There are also concerns about the privacy implications of an SEC-mandated system to collect and store personal information about investors simply because they participate in our securities markets, without having first established some specific need for that information.”); Clyde Crews, The social significance of the Consolidated Audit Trail , Competitive Enterprise Institute (Aug. 19, 2024), https://cei.org/blog/the-social-significance-of-the-consolidated-audit-trail/ (describing the CAT as an “intrusion” and noting that “the erosion of financial privacy has a deep relation to the erosion of the freedom to hold and express dissenting political views”). [39] Press Release, Exemption From Requirement to Report Certain Personally Identifiable Information to the Consolidated Audit Trail , Securities and Exchange Commission (Feb. 10, 2025), https://www.sec.gov/newsroom/press-releases/2025-38. [40] Chairman Paul Atkins, Prepared Remarks Before SEC Speaks , Securities and Exchange Commission (May 19, 2025), https://www.sec.gov/newsroom/speeches-statements/atkins-prepared-remarks-sec-speaks-051925. [41] See e.g. , NAACP v. Alabama ex rel. Patterson , 357 U.S. 449, 462 (1958) (“Inviolability of privacy in group association may in many circumstances be indispensable to preservation of freedom of association.”). [42] Many public blockchains allow everyone to see what others are doing onchain and thus function as did the party lines of my grandfather’s era—neighbors sharing a phone line could listen in on one another’s conversations. [43] Alan Suderman, Why ‘wrench attacks’ on wealthy crypto holders are on the rise , Associated Press (May 28, 2025), https://apnews.com/article/crypto-bitcoin-kidnapping-wrench-attack-ddc7263c25ba590f85648e1682576971. [44] See, e.g. , Rachel Rettig, Michael Mosier & Katja Gilman, Genuine DeFi as Critical Infrastructure: A Conceptual Framework for Combating Illicit Finance Activity in Decentralized Finance , Polygon Labs and Arktouros PLLC (Feb. 2, 2024) at 24, https://papers.ssrn.com/sol3/papers.cfm?abstract_id=4607332 (“Privacy technologies and practices — whether VPNs, holding companies, mixers or encryption — are purpose-agnostic, allowing both legitimate/licit and illicit uses. Law-abiding individuals, corporations and even governments, such as the U.S. government, use privacy technology in furtherance of completely lawful, legitimate ends.”). [45] See generally Craig Jarvis, Crypto Wars: The Fight for Privacy in the Digital Age (2020). [46] See, e.g. , Bitcoin Magazine, Digital Privacy & Public Policy: The History & The Future w/ Phil Zimmerman , (YouTube, Aug. 29, 2024), https://www.youtube.com/watch?v=gc9OVCor-Ic ; Supply Shock: PGP Creator: Bitcoin Is Not the Revolution You Think (Apple Podcasts, May 13, 2025). [47] Id . [48] The President’s Working Group on Digital Asset Markets, Strengthening American Leadership in Digital Financial Technology , The White House (July 30, 2025), https://www.whitehouse.gov/crypto/. [49] Gavin Zavastone & Henry Michaelson, The Bank Secrecy Act is Broken , DeFi Education Fund (Feb. 2025), https://www.defieducationfund.org/post/examining-the-burdens-costs-and-failures-of-the-bank-secrecy-act-bsa-and-the-potentially-disast (“DeFi software providers and operators neither accept nor transmit funds on behalf of their users; thus, subjecting them to the BSA framework would effectively impose a de facto ban on noncustodial software, as compliance with BSA obligations for money transmitters (e.g., CTR and SAR filings) is functionally impossible.”). `Rettig, Mosier, and Gilman have suggested a substitute framework that preserves the disintermediated nature of true DeFi, yet still provides a hook for government oversight. Rettig, supra note 44. Before such a measure is implemented, careful consideration, as the paper calls for, is necessary. [50] Some existing measures take such an approach. See e.g. , 26 U.S.C. 6050I; Abraham Sutherland, Tax code section 6050I and ‘digital assets’: This Overlooked Surveillance and Reporting Mandate Should Be Struck from the [2021] Infrastructure Bill , Proof of Stake Alliance Research Report (Sep. 17, 2021), https://papers.ssrn.com/sol3/papers.cfm?abstract_id=4137761 . [51] Chairman Paul Atkins, American Leadership in Digital Finance Revolution , Securities and Exchange Commission (July 31, 2025), https://www.sec.gov/newsroom/speeches-statements/atkins-digital-finance-revolution-073125. [52] Eric Hughes, A Cypherpunk’s Manifesto , Activism.net (Mar. 9, 1993), https://www.activism.net/cypherpunk/manifesto.html . [53] Daniel Solove, “I’ve Got Nothing to Hide” and Other Misunderstandings of Privacy , 44 San Diego L. Rev. 745, 772 (2007) available at https://scholarship.law.gwu.edu/cgi/viewcontent.cgi?article=1159&context=faculty_publications . See also Daniel Solove, Nothing to Hide: The False Tradeoff Between Privacy and Security (2011). [54] In Smith v. Maryland , Justice Blackmun, writing for the Court, remarked that “a normative inquiry” as to the scope of Fourth Amendment protections is appropriate when “an individuals subjective [privacy] expectations had been ‘conditioned’ by influences alien to well recognized Fourth Amendment freedoms” such as those held if “the government were suddenly to announce on nationwide television that all homes henceforth would be subject to warrantless entry” or by “a refugee from a totalitarian country, [who] unaware of this nation’s traditions, erroneously assumed that police were continuously monitoring his telephone conversations.” 442 U.S. 735, 740-41, fn. 5 (1979). [55] Anthony, supra note 16, Figure 3.",Hester M. Peirce,False
53,2025-09-29,Out of the Gray Zone: Statement on The Division of Investment Management’s No-Action Letter Relating to the Custody of Crypto Assets with State Trust Companies,https://www.sec.gov/newsroom/speeches-statements/peirce-statement-custody-crypto-assets-093025,"# Out of the Gray Zone: Statement on The Division of Investment Management’s No-Action Letter Relating to the Custody of Crypto Assets with State Trust Companies
> Out of the Gray Zone: Statement on The Division of Investment Management’s No-Action Letter Relating to the Custody of Crypto Assets with State Trust Companies Commissioner Hester M. Peirce September 30, 2025

## More in this Section
More in this Section Newsroom Press Releases Speeches & Statements Meetings & Events SEC Videos Social Media Directory What's New Newsroom Press Releases Speeches & Statements Meetings & Events SEC Videos Social Media Directory What's New Home Newsroom Speeches and Statements Out of the Gray Zone: Statement on The Division of Investment Management’s No-Action Letter Relating to the Custody of Crypto Assets with State Trust Companies Statement Out of the Gray Zone: Statement on The Division of Investment Management’s No-Action Letter Relating to the Custody of Crypto Assets with State Trust Companies Commissioner Hester M. Peirce Washington D.C. Sept. 30, 2025 Today, the staff of the Division of Investment Management issued a no-action letter (the “NAL”) stating that it would not recommend enforcement action to the Commission against registered advisers or regulated funds for maintaining crypto assets and related cash and cash equivalents with certain state-chartered financial institutions (“State Trust Companies”). For too long, registered advisers and regulated funds have been caught up in a guessing game as to whether their entity of choice for crypto asset custody, which also may be the only available custodian for such service, is a permissible custodian under the custody provisions of the Investment Advisers Act of 1940 (the “Advisers Act”) and Investment Company Act of 1940 (the “1940 Act”), respectively. The specific lingering question has been whether State Trust Companies meet the definition of a “bank” as defined in the Advisers Act and 1940 Act. The staff NAL is an encouraging development for registered advisers and regulated funds that invest or want to invest in crypto assets. The NAL does not expand the definition of a permissible custodian under the Advisers Act and 1940 Act. Rather, it provides a staff position regarding the use of entities for crypto asset custody that I would contend already are permissible custodians. The NAL applies to State Trust Companies operating within a regulatory framework that ensures investor protection and is similar in material respects to the regulatory frameworks applicable to other types of permissible custodians. Registered advisers and regulated funds may maintain crypto assets with other permissible custodians without regard to the NAL, including national banks and State banks. While the number of other permissible custodians likely will grow following the rescission of Staff Accounting Bulletin No. 121 and clarifying statements made by the federal banking regulators on the crypto asset-related activities of banks, the NAL focuses on custody by a different set of potential custodians—state-chartered trusts exercising fiduciary powers similar to those permitted to national banks. The scope of the NAL matters. The custody provisions of the Advisers Act and the 1940 Act apply only to “funds and securities” and “securities and similar investments,” respectively. The NAL, therefore, only addresses client crypto assets held by registered advisers or crypto asset investments of regulated funds that are subject to the respective custody provisions. The NAL covers, in addition to the crypto assets that are native to crypto networks and applications and may be subject to the custody provisions, equity or debt securities that have been formatted as crypto assets on a crypto network (commonly known as “tokenized” securities). Regulatory gray zones can harm investors, as this one has. I appreciate the Division of Investment Management responding to market participants’ requests for clarity about the staff’s views in this important area, which ultimately will benefit advisory clients and fund shareholders. This moment also presents us with an opportunity to consider whether the custody requirements applicable to registered advisers and regulated funds should be improved and modernized, such as through principles-based rules. I look forward to working further with the staff on that initiative.",Hester M. Peirce,False
54,2025-09-28,Deep In: Statement on DoubleZero No-Action Letter,https://www.sec.gov/newsroom/speeches-statements/peirce-092925-deep-statement-doublezero-no-action-letter,"# Deep In: Statement on DoubleZero No-Action Letter
> Deep In: Statement on DoubleZero No-Action Letter Commissioner Hester M. Peirce September 29, 2025

## More in this Section
More in this Section Newsroom Press Releases Speeches & Statements Meetings & Events SEC Videos Social Media Directory What's New Newsroom Press Releases Speeches & Statements Meetings & Events SEC Videos Social Media Directory What's New Home Newsroom Speeches and Statements Deep In: Statement on DoubleZero No-Action Letter Statement Deep In: Statement on DoubleZero No-Action Letter Commissioner Hester M. Peirce Washington D.C. Sept. 29, 2025 Today’s no-action letter from the Division of Corporation Finance concerning DoubleZero’s token distributions designed to facilitate the programmatic functioning of a decentralized physical infrastructure network ( i.e. , DePIN) offers an opportunity to reflect on how we, as regulators, can foster innovation without expanding our reach beyond what Congress has mandated. Congress created the Securities and Exchange Commission to oversee the securities markets, not to regulate all economic activity. DePIN represents a novel way of organizing human behavior and capital resources. Rather than relying on centralized corporate structures to coordinate activity, DePIN projects enlist participants to provide real-world capabilities, such as storage, telecommunications bandwidth, mapping, or energy, through open and distributed peer-to-peer networks. To encourage participation, many of these projects distribute tokens tied to activity. The person who runs a node, provides storage, or shares bandwidth earns a reward. These tokens are neither shares of stock in a company, nor promises of profits from the managerial efforts of others. They are functional incentives designed to encourage infrastructure buildout. DePIN projects are distinguishable from more traditional fundraising transactions where the now ubiquitous Howey Test may capture uncommon instruments that have the essential attributes of a security. These projects allocate tokens as compensation for work performed or services rendered, rather than as investments with an expectation of profit from the entrepreneurial or managerial efforts of others. Additionally, DePIN projects are not selling or distributing tokens to finance additional development from investors attracted solely by the prospect of investment returns. Rather, DePIN networks programmatically distribute such tokens to users who participate in the network in accordance with network rules. Accordingly, the Howey Test is not satisfied. The economic reality of DePIN projects differs fundamentally from the capital-raising transactions Congress charged this Commission with regulating. Treating such tokens as securities would suppress the growth of networks of distributed providers of services. Blockchain technology cannot reach its full potential if we force all activities into existing financial market regulatory frameworks. Organizing disparate people to work together to build physical infrastructure is an interesting use for the technology. Markets, not financial regulators, should determine the success of such projects. Our job is to engage with innovators in good faith, listen carefully as they explain how their models work, and apply our statutory mandate thoughtfully and with precision. Today’s no-action letter exemplifies how performing that role can help infrastructure providers spend their time deep in the weeds of building out infrastructure, not knee-deep in parsing the nuances of securities laws.",Hester M. Peirce,False
48,2025-09-23,"SEC Announces Agenda, Panelists for SEC-CFTC Roundtable on Regulatory Harmonization Efforts",https://www.sec.gov/newsroom/press-releases/2025-124-sec-announces-agenda-panelists-sec-cftc-roundtable-regulatory-harmonization-efforts,"# SEC Announces Agenda, Panelists for SEC-CFTC Roundtable on Regulatory Harmonization Efforts

## More in this Section
More in this Section Newsroom Press Releases Speeches & Statements Meetings & Events SEC Videos Social Media Directory What's New Newsroom Press Releases Speeches & Statements Meetings & Events SEC Videos Social Media Directory What's New Home Newsroom Press Releases SEC Announces Agenda, Panelists for SEC-CFTC Roundtable on Regulatory Harmonization Efforts Press Release SEC Announces Agenda, Panelists for SEC-CFTC Roundtable on Regulatory Harmonization Efforts For Immediate Release 2025-124 Washington D.C., Sept. 24, 2025 — The Securities and Exchange Commission and the Commodity Futures Trading Commission have announced the agenda and panelists for their joint September 29 roundtable on regulatory harmonization efforts. The roundtable, announced earlier this month , will be held at the SEC's headquarters at 100 F Street, N.E., Washington, D.C. from 1 p.m. to 5:30 p.m. The event will be open to the public and webcast live on the SEC’s website. Doors will open at noon. For online attendance, registration is not necessary. A webcast will be available on the roundtable webpage . For in-person attendance, please register in advance.

## Agenda and Panelists
Agenda and Panelists 1 p.m. – Opening Remarks Paul Atkins – SEC Chairman Caroline Pham – CFTC Acting Chairman Caroline Crenshaw – SEC Commissioner 1:20 p.m. – Panel 1: How We Got Here This panel will focus on the history of SEC and CFTC relationship. Moderator: J. Christopher Giancarlo, Former CFTC Chairman Panelists: Kenneth Bentsen, Jr., SIFMA Craig Lewis, Vanderbilt University Scott Litvinoff, Interactive Brokers Walt Lukken, FIA Scott O’Malia, ISDA Jim Overdahl, Delta Strategy Group 2 p.m. – Break 2:10 p.m. – Panel 2: Platforms This panel will focus on how regulatory harmonization efforts could unlock economic value for platforms while continuing to protect investors. Moderators: Jill Sommers, Former CFTC Commissioner Jamie Selway, Director, SEC Division of Trading and Markets Panelists: Shayne Coplan, Polymarket Craig Donohue, Cboe Global Markets Terrence Duffy, CME Group Adena Friedman, Nasdaq Tarek Mansour, Kalshi Arjun Sethi, Kraken Jeffrey Sprecher, Intercontinental Exchange Don Wilson, DRW Holdings 3:25 p.m. – Remarks Mark Uyeda – SEC Commissioner 3:30 p.m. – Break 4 p.m. – Panel 3: Participants This panel will focus on how regulatory harmonization efforts could increase choice for market participants and reduce costs for investors. Moderators: J. Christopher Giancarlo, Former CFTC Chairman Troy Paredes, Former SEC Commissioner Panelists: Stephen Berger, Citadel Ryan Louvar, WisdomTree Nick Lundgren, Crypto.com JB Mackenzie, Robinhood Markets Dave Olsen, Jump Trading Group Sonali Theisen, Bank of America Brad Tully, J.P. Morgan 5:20 p.m. – Closing Remarks Hester Peirce, SEC Commissioner ###",,False
6,2025-03-24,SEC Crypto Task Force to Host Four More Roundtables,https://www.sec.gov/newsroom/press-releases/2025-57,"# SEC Crypto Task Force to Host Four More Roundtables
> The SEC's Crypto Task Force will hold four more roundtables in its ongoing series discussing crypto asset regulation.

## More in this Section
More in this Section Newsroom Press Releases Speeches & Statements Meetings & Events SEC Videos Social Media Directory What's New Newsroom Press Releases Speeches & Statements Meetings & Events SEC Videos Social Media Directory What's New Home Newsroom Press Releases SEC Crypto Task Force to Host Four More Roundtables Press Release SEC Crypto Task Force to Host Four More Roundtables For Immediate Release 2025-57 Washington D.C., March 25, 2025 — The Securities and Exchange Commission’s Crypto Task Force announced today it will hold four more roundtables in its ongoing series discussing crypto asset regulation. The dates and topics for each roundtable are as follows: April 11, 2025 - Between a Block and a Hard Place: Tailoring Regulation for Crypto Trading April 25, 2025 - Know Your Custodian: Key Considerations for Crypto Custody May 12, 2025 – Tokenization - Moving Assets Onchain: Where TradFi and DeFi Meet June 9, 2025 - DeFi and the American Spirit Each roundtable will be open to the public at SEC's headquarters (100 F Street, N.E., Washington, D.C.) and streamed live on SEC.gov. For in-person attendance, please click on the specific roundtable above and then click the registration button. Please note that space may be limited, and visitors will be subject to security checks. For virtual attendance, there is no need to register, and a recording will be posted on SEC.gov at a later date. For more information about each session including the agenda and speakers, which will be posted as they are available, or to communicate directly with the Crypto Task Force on any of the roundtable topics or other crypto-related issues, please visit the Crypto Task Force webpage. “The Crypto Task Force roundtables are an opportunity for us to hear a lively discussion among experts about what the regulatory issues are and what the Commission can do to solve them,” said Commissioner Hester M. Peirce, leader of the Crypto Task Force. Launched on January 21 by Acting SEC Chairman Mark T. Uyeda, the Crypto Task Force was established to help the Commission draw clear regulatory lines, provide realistic paths to registration, craft sensible disclosure frameworks, and deploy enforcement resources judiciously. If you are interested in being considered as a panelist for one of the upcoming roundtables, please email crypto@sec.gov with the subject line “Potential Panelist.” Due to expected demand, the Crypto Task Force will not be able to accommodate all requests. Note: To learn more about how we may use the information you send to the Crypto Task Force, please see our Privacy Act Notice . * * * UPDATE: The fourth roundtable had a date change after the initial issuance of this press release. The date has been changed from June 6 to June 9. ###",,False
10,2025-03-02,SEC Crypto Task Force to Host Roundtable on Security Status,https://www.sec.gov/newsroom/press-releases/2025-51,"# SEC Crypto Task Force to Host Roundtable on Security Status
> The SEC's Crypto Task Force will host a series of roundtables to discuss key areas of interest in the regulation of crypto assets.

## More in this Section
More in this Section Newsroom Press Releases Speeches & Statements Meetings & Events SEC Videos Social Media Directory What's New Newsroom Press Releases Speeches & Statements Meetings & Events SEC Videos Social Media Directory What's New Home Newsroom Press Releases SEC Crypto Task Force to Host Roundtable on Security Status Press Release SEC Crypto Task Force to Host Roundtable on Security Status Initial session will be open to the public, streamed live For Immediate Release 2025-51 Washington D.C., March 3, 2025 — The Securities and Exchange Commission today announced that its Crypto Task Force will host a series of roundtables to discuss key areas of interest in the regulation of crypto assets. The “Spring Sprint Toward Crypto Clarity” series will begin on March 21 with its inaugural roundtable, “How We Got Here and How We Get Out – Defining Security Status.” The initial roundtable on March 21 is open to the public and will be held from 1 p.m. to 5 p.m. at the SEC's headquarters at 100 F Street, N.E., Washington, D.C. Please note that the number of in-person participants may be limited and visitors will be subject to security checks. The primary discussion will be streamed live on SEC.gov, and a recording will be posted at a later date. Information regarding the agenda and roundtable speakers will be posted on the Crypto Task Force webpage in the coming days. “I am looking forward to drawing on the expertise of the public in developing a workable regulatory framework for crypto,” said Commissioner Hester M. Peirce, who is leading the Crypto Task Force. “The roundtables are an important part of our engagement with the public.” Launched on January 21 by Acting SEC Chairman Mark T. Uyeda, the Crypto Task Force was established to help the Commission draw clear regulatory lines, provide realistic paths to registration, craft sensible disclosure frameworks, and deploy enforcement resources judiciously. Members of the public are able to communicate directly on this and other topics and request a meeting with the Crypto Task Force. A list of roundtable panelists and their bios can be found here . * * * NOTE: This sentence was removed after the initial issuance of this press release ... In addition to the roundtable, all attendees will be able to participate in small group breakout sessions which will not be broadcast. There will be no breakout sessions. ###",,False
11,2025-03-02,Commissioner Hester Peirce Announces Crypto Task Force Staff,https://www.sec.gov/newsroom/press-releases/2025-49,"# Commissioner Hester Peirce Announces Crypto Task Force Staff

## More in this Section
More in this Section Newsroom Press Releases Speeches & Statements Meetings & Events SEC Videos Social Media Directory What's New Newsroom Press Releases Speeches & Statements Meetings & Events SEC Videos Social Media Directory What's New Home Newsroom Press Releases Commissioner Hester Peirce Announces Crypto Task Force Staff Press Release Commissioner Hester Peirce Announces Crypto Task Force Staff For Immediate Release 2025-49 Washington D.C., March 3, 2025 — The Securities and Exchange Commission today announced the members of the Crypto Task Force staff, which is advising the Commission on matters related to crypto. The task force is composed of staff from the Acting Chairman’s office and other divisions and offices across the Commission. SEC Commissioner Hester Peirce said, “The Crypto Task Force exhibits deep expertise and an enthusiastic commitment to identifying—with the help of other talented staff across the Commission and interested members of the public—workable solutions to difficult crypto regulatory problems.” Richard Gabbert, Chief of Staff Michael Selig, Chief Counsel Taylor Asher, Chief Policy Advisor Sumeera Younis, Chief of Operations Landon Zinda, Senior Advisor Donald Battle, Senior Advisor Bernard Nolan, Senior Advisor Laura Powell, Senior Advisor Veronica Reynolds, Senior Advisor Christopher Rice, Senior Advisor Mark Sater, Senior Advisor Andrew Schoeffler, Senior Advisor Frank Sensenbrenner, Senior Advisor Robert Teply, Senior Advisor ###",,False
12,2025-04-24,Remarks at the Crypto Task Force Roundtable,https://www.sec.gov/newsroom/speeches-statements/atkins-remarks-crypto-task-force-roundtable-042525,"# Remarks at the Crypto Task Force Roundtable
> Remarks at the Crypto Task Force Roundtable Chairman Paul S. Atkins April 25, 2025

## More in this Section
More in this Section Newsroom Press Releases Speeches & Statements Meetings & Events SEC Videos Social Media Directory What's New Newsroom Press Releases Speeches & Statements Meetings & Events SEC Videos Social Media Directory What's New Home Newsroom Speeches and Statements Remarks at the Crypto Task Force Roundtable Speech Remarks at the Crypto Task Force Roundtable Paul S. Atkins, Chairman Washington D.C. April 25, 2025 Welcome to the third roundtable of the SEC’s Crypto Task Force. I am in my fourth day back at the Commission and thank my fellow Commissioners and the SEC staff for their warm welcome. I am eager to tackle long festering issues, such as regulatory treatment of digital assets and distributed ledger technologies In addition, my warmest personal thanks go to Commissioner Peirce for her principled and tireless advocacy for common-sense crypto policy within the United States. It is no wonder that she has earned the title of “CryptoMom.” Commissioner Peirce is the right person to lead the effort to come up with a rational regulatory framework for crypto asset markets. Thank you to the panelists for volunteering their time and expertise. This is important work as entrepreneurs across the United States are harnessing blockchain technology to modernize aspects of our financial system. I expect huge benefits from this market innovation for efficiency, cost reduction, transparency, and risk mitigation. Market participants engaging with this technology deserve clear regulatory rules of the road. Innovation has been stifled for the last several years due to market and regulatory uncertainty that unfortunately the SEC has fostered. I look forward to engaging with market participants and working with colleagues in President Trump’s Administration and Congress to establish a rational, fit-for-purpose regulatory framework for crypto assets. Today’s roundtable is focused on the challenges SEC registrants face when attempting to safely custody crypto assets for their customers in compliance with the federal securities laws. For example, are changes needed to the custody rules under the Exchange Act, Advisers Act, or Investment Company Act to accommodate crypto assets and blockchain technology? Is the “special purpose broker-dealer” regime workable for market participants, or is a new crypto asset broker-dealer framework needed? The market itself seems to indicate that the current framework badly needs attention. You all can help give us direction. Thank you all for dedicating your Friday afternoon to helping us address these important issues. I look forward to a productive discussion.",Paul S. Atkins,False
21,2025-04-06,"SEC Announces Agenda, Panelists for Roundtable on Crypto Trading",https://www.sec.gov/newsroom/press-releases/2025-61,"# SEC Announces Agenda, Panelists for Roundtable on Crypto Trading

## More in this Section
More in this Section Newsroom Press Releases Speeches & Statements Meetings & Events SEC Videos Social Media Directory What's New Newsroom Press Releases Speeches & Statements Meetings & Events SEC Videos Social Media Directory What's New Home Newsroom Press Releases SEC Announces Agenda, Panelists for Roundtable on Crypto Trading Press Release SEC Announces Agenda, Panelists for Roundtable on Crypto Trading For Immediate Release 2025-61 Washington D.C., April 7, 2025 — The Securities and Exchange Commission’s Crypto Task Force has announced the agenda and panelists for its April 11 roundtable, “ Between a Block and a Hard Place: Tailoring Regulation for Crypto Trading .” “Hearing the public’s concerns and suggestions helps the SEC create a clear, sensible, and fair path forward for the crypto industry,” said Commissioner Hester M. Peirce, leader of the Crypto Task Force. “I look forward to this roundtable and the rest of the series as we move toward crypto clarity for the benefit of the American public.” The roundtable, announced in March as part of a series , will be held at the SEC's headquarters at 100 F Street, N.E., Washington, D.C. from 1 p.m. – 5 p.m. The event will be open to the public and webcast live on the SEC’s website. Doors will open at 12 p.m. For online attendance, registration is not necessary; a link to watch the event will be available on April 11 on www.sec.gov . For in-person attendance, please register here . Attendees will be able to submit suggestions and questions on note cards available in the lobby on the day of the event, or by emailing crypto@sec.gov during the event. To learn more about the Crypto Task Force and the roundtable topics, please visit the Crypto Task Force webpage. Agenda 1 p.m. – 1:20 p.m. Opening Remarks from the U.S. Securities and Exchange Commission: Richard Gabbert, Chief of Staff, Crypto Task Force; Senior Advisor to the Acting Chairman Acting Chairman Mark Uyeda Commissioner Caroline Crenshaw Commissioner Hester Peirce 1:20 p.m. – 3 p.m. Roundtable: Between a Block and a Hard Place: Tailoring Regulation for Crypto Trading Moderator: Nicholas Losurdo, Partner, Goodwin Procter LLP Panelists: Tyler Gellasch, President and CEO, Healthy Markets Association Jon Herrick, Chief Product Officer, New York Stock Exchange Richard Johnson, CEO & Founder, Texture Capital Dave Lauer, Co-Founder, Urvin Finance and We the Investors Katherine Minarik, Chief Legal Officer, Uniswap Labs Christine Parlour, Chair of Finance and Accounting, UC Berkeley Chelsea Pizzola, Associate General Counsel, Cumberland DRW Austin Reid, Global Head of Revenue and Business, FalconX Gregory Tusar, VP, Institutional Product, Coinbase 3 p.m. – 3:30 p.m. Break 3:30 – 5 p.m. Regulatory Direction Discussion ###",,False
23,2025-05-27,"SEC Announces Agenda, Panelists for Roundtable on Crypto DeFi",https://www.sec.gov/newsroom/press-releases/2025-78-sec-announces-agenda-panelists-roundtable-crypto-defi,"# SEC Announces Agenda, Panelists for Roundtable on Crypto DeFi

## More in this Section
More in this Section Newsroom Press Releases Speeches & Statements Meetings & Events SEC Videos Social Media Directory What's New Newsroom Press Releases Speeches & Statements Meetings & Events SEC Videos Social Media Directory What's New Home Newsroom Press Releases SEC Announces Agenda, Panelists for Roundtable on Crypto DeFi Press Release SEC Announces Agenda, Panelists for Roundtable on Crypto DeFi For Immediate Release 2025-78 Washington D.C., May 28, 2025 — The Securities and Exchange Commission’s Crypto Task Force has announced the agenda and panelists for its June 9 roundtable, “ DeFi and the American Spirit .” “DeFi exemplifies the promise of crypto, as it allows people to interact without intermediaries,” said Commissioner Hester M. Peirce, head of the Crypto Task Force. “I look forward to learning from the panelists about how we can create a regulatory environment in which DeFi can thrive.” The roundtable, announced in March as part of a series , will be held at the SEC's headquarters at 100 F Street, N.E., Washington, D.C. from 1 p.m. to 5 p.m. The event will be open to the public and webcast live on the SEC’s website. Doors will open at noon. For online attendance, registration is not necessary; a link to watch the event will be available on June 9 on www.sec.gov . For in-person attendance, please register in advance. Attendees will be able to pose questions to the panelists during a townhall portion of the event, or by emailing crypto@sec.gov during the event. To learn more about the Crypto Task Force and the roundtable topics, please visit the Crypto Task Force webpage . Agenda 1:00 p.m. – 1:30 p.m. Opening/Welcome Remarks from the U.S. Securities and Exchange Commission: Richard B. Gabbert, Chief of Staff, Crypto Task Force Chairman Paul S. Atkins Commissioner Caroline A. Crenshaw Commissioner Mark T. Uyeda Commissioner Hester M. Peirce 1:30 p.m. – 3:00 p.m. Roundtable: DeFi and the American Spirit Moderator: Troy Paredes, Paredes Strategies LLC Panelists: Jill Gunter, Espresso Systems Michael Jordan, DBA Omid Malekan, Columbia Business School Michael Mosier, Arktouros Rebecca Rettig, Jito Labs Gabe Shapiro, MetaLeX Peter Van Valkenburgh, Coin Center Erik Voorhees, Venice AI Kevin Werbach, Wharton School 3:00 p.m. – 3:30 p.m. Break 3:30p.m. – 4:55 p.m. Town Hall 4:55 p.m. – 5 p.m. Closing Remarks: Commissioner Hester M. Peirce ###",,False
37,2025-07-28,Statement on the Commission’s Approval of In-Kind Creations and Redemptions for Crypto Exchange-Traded Products,https://www.sec.gov/newsroom/speeches-statements/uyeda-statement-crypto-exchange-traded-products-072925,"# Statement on the Commission’s Approval of In-Kind Creations and Redemptions for Crypto Exchange-Traded Products
> Statement on the Commission’s Approval of In-Kind Creations and Redemptions for Crypto Exchange-Traded Products Commissioner Mark T. Uyeda July 29, 2025

## More in this Section
More in this Section Newsroom Press Releases Speeches & Statements Meetings & Events SEC Videos Social Media Directory What's New Newsroom Press Releases Speeches & Statements Meetings & Events SEC Videos Social Media Directory What's New Home Newsroom Speeches and Statements Statement on the Commission’s Approval of In-Kind Creations and Redemptions for Crypto Exchange-Traded Products Statement Statement on the Commission’s Approval of In-Kind Creations and Redemptions for Crypto Exchange-Traded Products Commissioner Mark T. Uyeda Washington D.C. July 29, 2025 Prior to today, crypto asset exchange-traded products (ETPs) could not use in-kind creations and redemptions—in stark contrast to other forms of commodity ETPs—a limitation that resulted in unnecessary costs and burdens. When the Commission first approved rules for the listing of spot crypto ETPs in January 2024, it was disappointing that the order only described a cash-only redemption structure. [1] Under such a model, authorized participants must redeem ETP shares for U.S. dollars, forcing the ETP issuer to buy or sell the crypto asset on the open market. This introduces significant transaction costs, exposes the product and its investors to price slippage in the underlying asset class, and makes the ETP more expensive. The Commission’s 2024 order did not adequately address why this novel structure for spot crypto ETPs should differ from other commodity ETPs. Today’s order aligns with the SEC’s mission to protect investors and maintain fair, orderly, and efficient markets. Crypto asset ETPs will now be able to use the same processes for creations and redemptions as other comparable products, giving investors access to products in which they have expressed interest for years. The Commission’s order eliminates the market asymmetries and inefficiencies created by cash-only redemption. In-kind redemptions will enable crypto-asset ETPs to access the tools for managing exposure more cheaply, more transparently, and with better alignment to how asset managers and investors use ETPs in other markets. I am pleased that the Commission is moving forward on this path. Thanks to Chairman Paul S. Atkins, as well as to Commissioner Hester M. Peirce and the Crypto Task Force, for their leadership on these issues. My gratitude also extends to the SEC staff across the Commission, who worked on these matters, particularly Director Jamie Selway and the staff in the Division of Trading and Markets. [1] See Commissioner Mark T. Uyeda, “Statement Regarding the Commission’s Approval of Proposed Rule Changes to List and Trade Shares of Spot Bitcoin Exchange-Traded Products” (Jan. 10, 2024), https://www.sec.gov/newsroom/speeches-statements/uyeda-statement-spot-bitcoin-011023.",Mark T. Uyeda,False
38,2025-07-28,SEC Permits In-Kind Creations and Redemptions for Crypto ETPs,https://www.sec.gov/newsroom/press-releases/2025-101-sec-permits-kind-creations-redemptions-crypto-etps,"# SEC Permits In-Kind Creations and Redemptions for Crypto ETPs

## More in this Section
More in this Section Newsroom Press Releases Speeches & Statements Meetings & Events SEC Videos Social Media Directory What's New Newsroom Press Releases Speeches & Statements Meetings & Events SEC Videos Social Media Directory What's New Home Newsroom Press Releases SEC Permits In-Kind Creations and Redemptions for Crypto ETPs Press Release SEC Permits In-Kind Creations and Redemptions for Crypto ETPs For Immediate Release 2025-101 Washington D.C., July 29, 2025 — The Securities and Exchange Commission today voted to approve orders to permit in-kind creations and redemptions by authorized participants for crypto asset exchange-traded product (ETP) shares. The orders approved today reflect a departure from recently approved spot bitcoin and ether ETPs, which were limited to creations and redemptions on an in-cash basis. With today’s approval orders, bitcoin and ether ETPs, consistent with other commodity-based ETPs approved by the Commission, will be permitted to create and redeem shares on an in-kind basis. “It’s a new day at the SEC, and a key priority of my chairmanship is developing a fit-for-purpose regulatory framework for crypto asset markets,” said SEC Chairman Paul S. Atkins. “I am pleased the Commission approved these orders permitting in-kind creations and redemptions for a host of crypto asset ETPs. Investors will benefit from these approvals, as they will make these products less costly and more efficient."" “Today’s approvals continue to build a rational regulatory framework for crypto, leading to a deeper and more dynamic market, which will benefit all American investors. This decision aligns with the standard practices for similar ETPs.” Jamie Selway, Director of the Division of Trading and Markets, said, “The Commission’s decision today is an important development for the growing marketplace for crypto-based ETPs. In-kind creation and redemption provide flexibility and cost savings to ETP issuers, authorized participants, and investors, resulting in a more efficient market.” The Commission also voted to approve other orders that advance a merit-neutral approach to crypto-based products, including exchange applications seeking to list and trade an ETP that would hold mixed spot bitcoin and spot ether, options on certain spot bitcoin ETPs, Flexible Exchange (FLEX) options on shares of certain BTC-based ETPs, and an increase of position limits up to the generic limits for options (up to 250,000 contracts) for listed options on certain BTC ETPs. Additionally, the Commission issued two scheduling orders soliciting comments in support of, or in opposition to, the Division of Trading and Market’s approval, pursuant to delegated authority, of a national securities exchange’s proposals to list and trade two large cap crypto-based ETPs. ###",,False
39,2025-07-17,Statement on President Trump Signing the GENIUS Act into Law,https://www.sec.gov/newsroom/speeches-statements/atkins-statement-genius-act-071825,"# Statement on President Trump Signing the GENIUS Act into Law
> Statement on President Trump Signing the GENIUS Act into Law Chairman Paul S. Atkins July 18, 2025

## More in this Section
More in this Section Newsroom Press Releases Speeches & Statements Meetings & Events SEC Videos Social Media Directory What's New Newsroom Press Releases Speeches & Statements Meetings & Events SEC Videos Social Media Directory What's New Home Newsroom Speeches and Statements Statement on President Trump Signing the GENIUS Act into Law Statement Statement on President Trump Signing the GENIUS Act into Law Paul S. Atkins, Chairman Washington D.C. July 18, 2025 President Trump’s signing the GENIUS Act is a monumental step forward for crypto assets, financial markets, and our country. As I have stated previously, blockchain and crypto asset technologies have the potential to revolutionize America’s financial infrastructure and deliver new efficiencies, cost reductions, transparency, and risk mitigation for the benefit of all Americans. Ensuring that the U.S. is the best and most secure place in the world to invest and do business requires clear rules of the road that allow market participants to adopt emerging technologies with confidence. President Trump and the entire Administration are sending a powerful message that America is ready to embrace crypto asset innovation. The GENIUS Act provides necessary guidance for a crucial element of the emerging crypto asset ecosystem. Clear payment stablecoin regulation allows companies and individuals to transact in ways that boost efficiency and lower costs. Payment stablecoins will play a significant role in the securities industry moving forward, which is why I have asked SEC staff to consider whether guidance, rulemaking, or other steps may be helpful to accommodate SEC registrants utilizing payment stablecoins, including for settlement and margining. I invite market participants to engage with the SEC staff on what is needed for our securities markets to take advantage of the GENIUS Act’s full potential. Today’s developments are a major milestone in achieving President Trump’s goal of making America the “crypto capital of the world.” The Trump Administration and Congress have thus far made terrific progress, and there is more work to do. The SEC will work diligently to consider any changes needed to achieve regulatory clarity. Together we will make America the center of crypto asset innovation and strengthen the financial markets for the benefit of all Americans.",Paul S. Atkins,False
40,2025-07-17,Smart Start: Statement on the GENIUS Act,https://www.sec.gov/newsroom/speeches-statements/peirce-statement-genius-act-071825,"# Smart Start: Statement on the GENIUS Act
> Smart Start: Statement on the GENIUS Act Commissioner Hester M. Peirce July 18, 2025

## More in this Section
More in this Section Newsroom Press Releases Speeches & Statements Meetings & Events SEC Videos Social Media Directory What's New Newsroom Press Releases Speeches & Statements Meetings & Events SEC Videos Social Media Directory What's New Home Newsroom Speeches and Statements Smart Start: Statement on the GENIUS Act Statement Smart Start: Statement on the GENIUS Act Commissioner Hester M. Peirce Washington D.C. July 18, 2025 The signing of the GENIUS Act into law marks an important milestone in the effort to bring regulatory clarity to crypto—a necessary prerequisite for innovation in our markets to flourish and for the American public to benefit from that innovation. The new law confirms that payment stablecoins are not securities. People have voted with their dollars—privately issued stablecoins already enjoy broad use as a payments mechanism. The GENIUS Act, by putting a regulatory framework around them, aims to protect current and future users and the financial system. The GENIUS Act charges state and federal banking regulators with overseeing payment stablecoin issuers. This clear direction from Congress also should serve as a catalyst for the SEC to provide guidance on how SEC registrants can use—and accommodate their customers’ use of—payment stablecoins. I invite investors and market participants regulated by the SEC to engage with the Crypto Task Force on what the Commission needs to do, in light of the GENIUS Act, to ensure that SEC registrants interacting with payment stablecoins can serve their customers effectively, efficiently, and safely. [1] [1] To provide written input or request a meeting, see https://www.sec.gov/about/crypto-task-force .",Hester M. Peirce,False
41,2025-07-16,Statement on Passage of the GENIUS Act by the House of Representatives,https://www.sec.gov/newsroom/speeches-statements/atkins-statement-genius-act-071725,"# Statement on Passage of the GENIUS Act by the House of Representatives
> Statement on Passage of the GENIUS Act by the House of Representatives Chairman Paul S. Atkins July 17, 2025

## More in this Section
More in this Section Newsroom Press Releases Speeches & Statements Meetings & Events SEC Videos Social Media Directory What's New Newsroom Press Releases Speeches & Statements Meetings & Events SEC Videos Social Media Directory What's New Home Newsroom Speeches and Statements Statement on Passage of the GENIUS Act by the House of Representatives Statement Statement on Passage of the GENIUS Act by the House of Representatives Paul S. Atkins, Chairman Washington D.C. July 17, 2025 I would like to congratulate the House of Representatives on passing the GENIUS Act and commend the work both the House and Senate put into this important legislation. Advancement of this bill to President Trump’s desk marks a historic milestone for crypto entrepreneurs, financial market participants, and everyday Americans. I would like to thank Senate Banking Committee Chairman Tim Scott, House Financial Services Committee Chairman French Hill, Senator Cynthia Lummis, and my longtime friend Senator Bill Hagerty, who sponsored this legislation, for their leadership in advancing this much-needed legislation. Blockchain and crypto asset technologies have the potential to revolutionize America’s financial infrastructure and deliver new efficiencies, cost reductions, transparency, and risk mitigation for the benefit of all Americans. Innovators experimenting with these exciting technologies deserve clear rules of the road, which the GENIUS Act provides for payment stablecoins. Over the coming months and years, I look forward to watching the market leverage the regulatory framework provided by the GENIUS Act to go to market with payment stablecoins solutions that make transactions quicker, cheaper, and safer—all while maintaining robust risk safeguards. Financial innovation is critical for making the U.S. the best and most secure place in the world to invest and do business. This is an important step to spur innovation by providing the crypto industry with clear rules of the road. Today’s passage of the GENIUS Act sends a powerful message that this Administration is charting a new course. I look forward to continuing to work to make America—already the world’s leader in financial market innovation—the center of crypto asset innovation as well.",Paul S. Atkins,False
45,2025-08-04,Securities and Exchange Commission Division of Corporation Finance Issues Staff Statement on Certain Liquid Staking Activities,https://www.sec.gov/newsroom/press-releases/2025-104-securities-exchange-commission-division-corporation-finance-issues-staff-statement-certain-liquid,"# Securities and Exchange Commission Division of Corporation Finance Issues Staff Statement on Certain Liquid Staking Activities

## More in this Section
More in this Section Newsroom Press Releases Speeches & Statements Meetings & Events SEC Videos Social Media Directory What's New Newsroom Press Releases Speeches & Statements Meetings & Events SEC Videos Social Media Directory What's New Home Newsroom Press Releases Securities and Exchange Commission Division of Corporation Finance Issues Staff Statement on Certain Liquid Staking Activities Press Release Securities and Exchange Commission Division of Corporation Finance Issues Staff Statement on Certain Liquid Staking Activities For Immediate Release 2025-104 Washington D.C., Aug. 5, 2025 — The Securities and Exchange Commission’s Division of Corporation Finance today issued a statement regarding certain liquid staking activities. This statement aims to provide greater clarity on the application of federal securities laws to crypto assets, specifically addressing a type of protocol staking known as ""liquid staking."" Liquid staking refers to the process of staking crypto assets through a software protocol or service provider and receiving a “liquid staking receipt token” to evidence the staker’s ownership of the staked crypto assets and any rewards that accrue to them. The statement clarifies the division’s view that, depending on the facts and circumstances, the liquid staking activities covered in the statement do not involve the offer and sale of securities within the meaning of Section 2(a)(1) of the Securities Act of 1933 or Section 3(a)(10) of the Securities Exchange Act of 1934. “Under my leadership, the SEC is committed to providing clear guidance on the application of the federal securities laws to emerging technologies and financial activities,” Chairman Paul S. Atkins said. “Today’s staff statement on liquid staking is a significant step forward in clarifying the staff’s view about crypto asset activities that do not fall within the SEC’s jurisdiction. I am pleased that the SEC’s Project Crypto initiative is already producing results for the American people.” ###",,False
47,2025-07-31,On the Road: SEC Crypto Task Force to Host a Series of Roundtables Across the U.S.,https://www.sec.gov/newsroom/press-releases/2025-102-road-sec-crypto-task-force-host-series-roundtables-across-us,"# On the Road: SEC Crypto Task Force to Host a Series of Roundtables Across the U.S.

## More in this Section
More in this Section Newsroom Press Releases Speeches & Statements Meetings & Events SEC Videos Social Media Directory What's New Newsroom Press Releases Speeches & Statements Meetings & Events SEC Videos Social Media Directory What's New Home Newsroom Press Releases On the Road: SEC Crypto Task Force to Host a Series of Roundtables Across the U.S. Press Release On the Road: SEC Crypto Task Force to Host a Series of Roundtables Across the U.S. For Immediate Release 2025-102 Washington D.C., Aug. 1, 2025 — The Securities and Exchange Commission announced today that its Crypto Task Force will host a series of roundtables across the country to provide opportunities for additional stakeholders to meet with Commissioner Hester Peirce, who leads the Crypto Task Force. “We want to hear from people who were not able to travel for the roundtables that took place this past spring in Washington, D.C. and may not have had a voice in past policymaking efforts,” said Commissioner Peirce. “The Crypto Task Force is acutely aware that any regulatory framework will have far-reaching effects, and we want to ensure that our outreach is as comprehensive as possible.” Commissioner Peirce and members of the Crypto Task Force will be visiting cities across the U.S. in the coming months (please see the tentative schedule listed below), and they are particularly interested in hearing from representatives of crypto-related projects that have 10 or fewer employees and are less than two years old. To request to join Commissioner Peirce for a Crypto Task Force on the Road conversation about such a project, please email crypto@sec.gov with the subject line “Crypto on the Road” and include the name of the city where you want to meet. In your submission, please include: Attendee name(s) [please limit to one or two project representatives] A brief description of your team’s make-up and your project To promote open dialogue and continue the transparency of its public engagement, the Crypto Task Force plans to post a list of the projects that participate in these meetings. Crypto Task Force on the Road Schedule August 4: Berkeley, Calif. August 19: Boston September 4: Dallas September 15: Chicago September 25: New York City October 2: Los Angeles ** October 24: Cleveland October 29: Scottsdale, Ariz. November 12: New York City December 5: Ann Arbor, Mich. While the Crypto Task Force may not be able to meet with every party, it is committed to providing many paths for engagement, including through written input . * * * ** This is an updated date and location from what was originally announced when this press release was issued. ###",,False
49,2025-09-07,SEC Crypto Task Force to Host Roundtable on Financial Surveillance and Privacy,https://www.sec.gov/newsroom/press-releases/2025-114-sec-crypto-task-force-host-roundtable-financial-surveillance-privacy,"# SEC Crypto Task Force to Host Roundtable on Financial Surveillance and Privacy

## More in this Section
More in this Section Newsroom Press Releases Speeches & Statements Meetings & Events SEC Videos Social Media Directory What's New Newsroom Press Releases Speeches & Statements Meetings & Events SEC Videos Social Media Directory What's New Home Newsroom Press Releases SEC Crypto Task Force to Host Roundtable on Financial Surveillance and Privacy Press Release SEC Crypto Task Force to Host Roundtable on Financial Surveillance and Privacy For Immediate Release 2025-114 Washington D.C., Sept. 8, 2025 — The Securities and Exchange Commission’s Crypto Task Force announced today it will host a public roundtable on financial surveillance and privacy on Friday, October 17 from 1 p.m. to 4 p.m. at the SEC headquarters. Following the Spring Sprint Toward Crypto Clarity series of roundtables, the President’s Executive Order on Digital Assets , and the President’s Working Group on Digital Assets report , Commissioner Peirce directed the Crypto Task Force to take additional steps to promote United States leadership in digital assets and financial technology while protecting economic liberty. The Financial Surveillance and Privacy roundtable will bring together panelists who are at the forefront of developing technologies designed to protect individual privacy. It will also facilitate an in-depth discussion on policy matters related to financial surveillance. ""Technology that helps Americans protect their privacy is critically important as it enables people to choose when and with whom to share sensitive data about themselves so they can be protected from bad actors,” said Commissioner Hester M. Peirce. “Understanding recent developments in privacy-protecting tools will assist the SEC and other financial regulators as we work on policy solutions in the crypto space.” The roundtable is open to the public and will be held from 1 p.m. to 4 p.m. at the SEC headquarters is located at 100 F Street, N.E., Washington, D.C. Registration is required for in-person attendance only. Visitors will be subject to security checks. The discussion will be streamed live on SEC.gov, and a recording will be posted at a later date. Information regarding the agenda and roundtable speakers will be posted on the Crypto Task Force webpage in the coming weeks. Preceding the roundtable, Commissioner Peirce will be speaking at DC Fintech Week and the DC Privacy Summit. The SEC, led by then-Acting SEC Chairman Mark T. Uyeda, launched the Crypto Task Force on January 21 , to help the Commission draw clear regulatory lines, provide realistic paths to registration, craft sensible disclosure frameworks, and deploy enforcement resources judiciously. Members of the public are able to communicate directly on this and other topics and request a meeting with the Crypto Task Force. ###",,False
50,2025-09-04,SEC and CFTC Issue Joint Statement on Regulatory Harmonization Efforts; Will Co-Host Roundtable Sept. 29,https://www.sec.gov/newsroom/press-releases/2025-112-sec-cftc-issue-joint-statement-regulatory-harmonization-efforts-will-co-host-roundtable-sept-29,"# SEC and CFTC Issue Joint Statement on Regulatory Harmonization Efforts; Will Co-Host Roundtable Sept. 29

## More in this Section
More in this Section Newsroom Press Releases Speeches & Statements Meetings & Events SEC Videos Social Media Directory What's New Newsroom Press Releases Speeches & Statements Meetings & Events SEC Videos Social Media Directory What's New Home Newsroom Press Releases SEC and CFTC Issue Joint Statement on Regulatory Harmonization Efforts; Will Co-Host Roundtable Sept. 29 Press Release SEC and CFTC Issue Joint Statement on Regulatory Harmonization Efforts; Will Co-Host Roundtable Sept. 29 For Immediate Release 2025-112 Washington D.C., Sept. 5, 2025 — The Securities and Exchange Commission and the Commodity Futures Trading Commission (CFTC) today issued a joint statement on regulatory harmonization opportunities and announced a joint roundtable to be held on Sept. 29, 2025, from 1 p.m. to 5 p.m. “It is a new day at the SEC and the CFTC, and today we begin a long-awaited journey to provide markets the clarity they deserve,” said SEC Chairman Paul S. Atkins and CFTC Acting Chairman Caroline D. Pham in the statement. “By working in lockstep, our two agencies can harness our nation’s unique regulatory structure into a source of strength for market participants, investors and all Americans. “Tuesday’s joint staff statement on spot crypto asset products is only a first step,” they continued. “To the extent possible and appropriate in the public interest under existing statutes, our respective agencies should consider harmonizing product and venue definitions; streamlining reporting and data standards; aligning capital and margin frameworks; and standing up coordinated innovation exemptions using each agency’s existing exemptive authority.” The roundtable will be an opportunity to discuss regulatory harmonization priorities. It will be held at the SEC at 100 F Street, N.E., Washington, D.C, and will be open to the public and webcast live on the SEC’s website. Please register for in-person attendance . Visitors will be subject to security checks. A recording of the roundtable will be later posted on the SEC website. The agenda and participants will be posted on the SEC event webpage at a later date. “This roundtable represents a pivotal step toward building more coherent and competitive U.S. markets,” Chairman Atkins and Acting Chairman Pham said. “By working together to align our regulatory frameworks, the SEC and CFTC can reduce unnecessary barriers, enhance market efficiency, and create space for innovation to thrive. Our shared goal is to ensure that America remains the global leader in capital markets.” ###",,False
52,2025-09-01,SEC and CFTC Staff Issue Joint Statement on Trading of Certain Spot Crypto Asset Products,https://www.sec.gov/newsroom/press-releases/2025-110-sec-cftc-staff-issue-joint-statement-trading-certain-spot-crypto-asset-products,"# SEC and CFTC Staff Issue Joint Statement on Trading of Certain Spot Crypto Asset Products

## More in this Section
More in this Section Newsroom Press Releases Speeches & Statements Meetings & Events SEC Videos Social Media Directory What's New Newsroom Press Releases Speeches & Statements Meetings & Events SEC Videos Social Media Directory What's New Home Newsroom Press Releases SEC and CFTC Staff Issue Joint Statement on Trading of Certain Spot Crypto Asset Products Press Release SEC and CFTC Staff Issue Joint Statement on Trading of Certain Spot Crypto Asset Products For Immediate Release 2025-110 Washington D.C., Sept. 2, 2025 — Staff of the Securities and Exchange Commission (SEC) and the Commodity Futures Trading Commission (CFTC) today issued a Joint Statement regarding the trading of certain spot crypto asset products. This Joint Statement clarifies staff’s views that SEC- and CFTC- registered exchanges are not prohibited from facilitating the trading of certain spot commodity products. The joint effort exemplifies how staff of the two agencies can coordinate to promote trading venue choice and optionality for market participants. “Today’s joint staff statement represents a significant step forward in bringing innovation in the crypto asset markets back to America,” said SEC Chairman Paul Atkins. “Market participants should have the freedom to choose where they trade spot crypto assets. The SEC is committed to working with the CFTC to ensure that our regulatory frameworks support innovation and competition in these rapidly evolving markets.” “Under the prior administration, our agencies sent mixed signals about regulation and compliance in digital asset markets, but the message was clear: innovation was not welcome. That chapter is over,” said CFTC Acting Chairman Caroline D. Pham. “By working together, we can empower American innovation in these markets and build on President Trump’s collaborative approach to making America the crypto capital of the world. Today’s joint agency statement is the latest demonstration of our mutual objective of supporting growth and development in these markets, but it will not be the last.” The SEC’s Division of Trading and Markets and the CFTC’s Division of Market Oversight and Division of Clearing and Risk (collectively, the “Divisions”) are coordinating efforts to facilitate the trading of certain spot crypto asset products on registered exchanges. This initiative is part of the SEC’s Project Crypto and the CFTC’s Crypto Sprint, and it builds on the recommendations of the President’s Working Group on Digital Asset Markets report on “Strengthening American Leadership in Digital Financial Technology.” The Divisions stand ready to engage with market participants and support consideration by their respective agencies of exchange trading in certain spot crypto asset products. Market participants are invited to engage with SEC staff or CFTC staff, as needed, to discuss any questions or concerns they may have. ###

## Resources
Resources Statement",,False
