row_key,page_url,page_title,date_text,date_iso,speaker_or_division,statement_title,statement_href,summary,row_hash,is_current,first_seen_at,last_seen_at,changed_at,statement_text,vectorized
0c9369896728e276,https://www.sec.gov/about/crypto-task-force/cryptosec,SEC.gov | Crypto@SEC,03/20/25,2025-03-20 00:00:00+00,Division of Corporation Finance,Staff Statement on Certain Proof-of-Work Mining Activities,https://www.sec.gov/newsroom/speeches-statements/statement-certain-proof-work-mining-activities-032025,"The SEC's Division of Corporation Finance has provided its views on the mining of crypto assets that are intrinsically linked to the programmatic functioning of a public, permissionless network, and are used to participate in and/or earned for participating in such network’s consensus mechanism or otherwise used to maintain and/or earned for maintaining the technological operation and security of the network.",d93808a469843f63,True,2025-09-23 14:39:58.562393+00,2025-10-03 17:59:58.92193+00,,"# Statement on Certain Proof-of-Work Mining Activities
> Statement on Certain Proof-of-Work Mining Activities Division of Corporation Finance March 20, 2025

## More in this Section
More in this Section Newsroom Press Releases Speeches & Statements Meetings & Events SEC Videos Social Media Directory What's New Newsroom Press Releases Speeches & Statements Meetings & Events SEC Videos Social Media Directory What's New Home Newsroom Speeches and Statements Statement on Certain Proof-of-Work Mining Activities Statement Statement on Certain Proof-of-Work Mining Activities Division of Corporation Finance Washington D.C. March 20, 2025

## Introduction
Introduction As part of an effort to provide greater clarity on the application of the federal securities laws to crypto assets, [1] the Division of Corporation Finance is providing its views [2] on certain activities on proof-of-work networks known as “mining.” Specifically, this statement addresses the mining of crypto assets that are intrinsically linked to the programmatic functioning of a public, permissionless network, and are used to participate in and/or earned for participating in such network’s consensus mechanism or otherwise used to maintain and/or earned for maintaining the technological operation and security of such network. We refer in this statement to these crypto assets as “Covered Crypto Assets” [3] and their mining on proof-of-work networks as “Protocol Mining.” [4]

## Protocol Mining
Protocol Mining Networks rely upon cryptography and economic mechanism design to eliminate the need for designated trusted intermediaries to verify network transactions and provide settlement assurances to users. The operation of each network is governed by an underlying software protocol, consisting of computer code, that programmatically enforces certain network rules, technical requirements, and rewards distributions. Each protocol incorporates a “consensus mechanism,” or method for enabling the distributed network of unrelated computers (known as “nodes”) that maintain the peer-to-peer network to agree on the “state,” or authoritative record of network address ownership balances, transactions, smart contract code, and other data, of the network. Public, permissionless networks allow anyone to participate in the network’s operation, including the validation of new transactions to the network in accordance with the network’s consensus mechanism. Proof-of-work (“PoW”) is a consensus mechanism that incentivizes network transaction validation by rewarding network participants, called “miners,” who operate nodes adding computational resources to the network. [5] PoW involves validating transactions on a network and adding them in blocks to the distributed ledger. The “work” in PoW is the computational resources that miners contribute to validate transactions and add new blocks to the network. Miners do not have to own the network’s Covered Crypto Asset to validate transactions. Miners use computers to solve complex mathematical equations in the form of cryptographic puzzles. Miners compete with their peers to solve these puzzles, and the first miner to solve a puzzle is tasked with accepting batches of transactions from other nodes and validating (or proposing) new blocks of transactions to the network. In exchange for providing validation services, miners earn “Rewards” in the form of newly “minted” or created Covered Crypto Assets that are delivered under the terms of the protocol. [6] In this way, PoW creates an incentive for miners to invest the resources necessary to add valid blocks to the network. A miner providing validation services receives the Reward only after the other nodes in the network verify, through the protocol, that the solution is correct and valid. To this end, once a miner finds the correct solution, it broadcasts this information to other miners who can verify whether the miner properly solved the puzzle to receive the Reward. Once verified, all miners then add the new block to their own copies of the network. PoW is designed to secure the network by requiring miners to spend considerable time and computational resources to authenticate transactions. When the validation process functions in this way, it not only makes it less likely that someone would seek to undermine a network but also makes it less likely that miners could include altered transactions, such as those enabling the “double spending” of Covered Crypto Assets. [7] In addition to self (or solo) mining, miners can join “mining pools,” which allow miners to combine their computational resources to increase their chances of successfully validating transactions and mining new blocks on the network. Mining pools have developed into various types, each with differing methods of operation and Reward distribution. [8] A pool operator typically is responsible for coordinating the miners’ computational resources, maintaining the pool’s mining hardware and software, overseeing the pool’s security measures to protect against theft and cyberattacks, and ensuring that the miners are paid their Rewards. In return, the pool operator charges a fee that is deducted from the miners’ share of the Rewards earned by the mining pool. Reward payouts vary among pools, although Rewards often are distributed across the mining pool in proportion to the amount of computational resources that each miner contributes to the pool. Miners have no obligation to stay in a pool and can choose to leave a pool at any time.

## Division’s View on Protocol Mining Activities
Division’s View on Protocol Mining Activities It is the Division’s view that “Mining Activities” (defined in this statement) in connection with Protocol Mining, under the circumstances described in this statement, do not involve the offer and sale of securities within the meaning of Section 2(a)(1) of the Securities Act of 1933 (the “Securities Act”) and Section 3(a)(10) of the Securities Exchange Act of 1934 (the “Exchange Act”). [9] Accordingly, it is the Division’s view that participants in Mining Activities do not need to register transactions with the Commission under the Securities Act or fall within one of the Securities Act’s exemptions from registration in connection with these Mining Activities.

## Protocol Mining Activities Covered by this Statement
Protocol Mining Activities Covered by this Statement The Division’s view pertains to the following Protocol Mining activities and transactions (“Mining Activities” and each a “Mining Activity”): (1) mining Covered Crypto Assets on a PoW network; and (2) the roles of mining pools and pool operators involved in the Protocol Mining process, including their roles in connection with the earning and distribution of Rewards. Only Mining Activities undertaken in connection with the following types of Protocol Mining are addressed in this statement. Self (or Solo) Mining, which involves a miner mining Covered Crypto Assets using its own computational resources. The miner may work alone or together with others to operate a node and mine Covered Crypto Assets. Mining Pool, which involves miners combining their computational resources with other miners to increase their chances of successfully validating transactions and mining new blocks on the network. Reward payments may flow from the network directly to the miners or indirectly to them through the pool operator.

## Discussion
Discussion Section 2(a)(1) of the Securities Act and Section 3(a)(10) of the Exchange Act each defines the term “security” by providing a list of various financial instruments, including “stock,” “note,” and “bond.” Because a Covered Crypto Asset does not constitute any of the financial instruments that are specifically enumerated in the definition of “security,” we conduct our analysis of certain transactions involving Covered Crypto Assets in the context of Protocol Mining under the “investment contract” test set forth in SEC v. W.J. Howey Co. [10] The “ Howey test ” is used to analyze arrangements or instruments not listed in those statutory sections based on their “economic realities.” [11] In evaluating the economic realities of a transaction, the test is whether there is an investment of money in an enterprise premised on a reasonable expectation of profits to be derived from the entrepreneurial or managerial efforts of others. [12] Federal courts since Howey have explained that Howey’s “efforts of others” requirement is satisfied when “the efforts made by those other than the investor are the undeniably significant ones, those essential managerial efforts which affect the failure or success of the enterprise.” [13] Self (or Solo) Mining A miner’s Self (or Solo) Mining is not undertaken with a reasonable expectation of profits to be derived from the entrepreneurial or managerial efforts of others. Rather, a miner contributes its own computational resources, which secure the network and enable the miner to earn Rewards issued by the network in accordance with its software protocol. To earn Rewards, the miner’s activities must comply with the rules of the protocol. By adding its computational resources to the network, the miner merely is engaging in an administrative or ministerial activity to secure the network, validate transactions and add new blocks, and receive Rewards. A miner’s expectation to receive Rewards is not derived from any third party’s managerial or entrepreneurial efforts upon which the network’s success depends. Instead, the expected financial incentive from the protocol is derived from the administrative or ministerial act of Protocol Mining performed by the miner. As such, Rewards are payments to the miner in exchange for services it provides to the network rather than profits derived from the entrepreneurial or managerial efforts of others. Mining Pool Likewise, when a miner combines its computational resources with other miners to increase their chances of successfully mining new blocks on the network, the miner has no expectation of profit derived from the entrepreneurial or managerial efforts of others. By adding its own computational resources to a mining pool, the miner merely is engaging in an administrative or ministerial activity to secure the network, validate transactions and add new blocks, and receive Rewards. In addition, any expectation of profits that the miners have is not derived from the efforts of a third party, such as a pool operator. Even when participating in a mining pool, individual miners still perform the actual mining activity by contributing their computational power to solve the cryptographic puzzles for validation of new blocks. Moreover, whether a miner self (or solo) mines or mines as a member of a mining pool does not alter the nature of Protocol Mining for purposes of the Howey analysis. In either case, Protocol Mining, as described in this statement, remains an administrative or ministerial activity. Further, a pool operator’s activities in operating the mining pool using the combined computational resources of participating miners primarily are administrative or ministerial in nature. While some of the pool operator’s activities may benefit the group of miners, any such efforts are not sufficient to satisfy Howey’s “efforts of others” requirement because miners primarily are relying on the computational resources that they provide in conjunction with other members to the mining pool to earn profits. To this end, a miner does not join a mining pool based on the ability to earn profits passively from the activities of the pool operator. For further information, please contact the Division’s Office of Chief Counsel by submitting a web-based request form at https://www.sec.gov/forms/corp_fin_interpretive . [1] For purposes of this statement, a “crypto asset” is an asset that is generated, issued, and/or transferred using a blockchain or similar distributed ledger technology network (“crypto network”), including, but not limited to, assets known as “tokens,” “digital assets,” “virtual currencies,” and “coins,” and that relies on cryptographic protocols. In addition, for purposes of this statement, a “network” refers to a crypto network. [2] This statement represents the views of the staff of the Division of Corporation Finance (the “Division”). It is not a rule, regulation, guidance, or statement of the U.S. Securities and Exchange Commission (“Commission”), and the Commission has neither approved nor disapproved its content. This statement, like all staff statements, has no legal force or effect: it does not alter or amend applicable law, and it creates no new or additional obligations for any person. [3] This statement only addresses certain activities involving Covered Crypto Assets that do not have intrinsic economic properties or rights, such as generating a passive yield or conveying rights to future income, profits, or assets of a business enterprise. [4] This statement only addresses transactions involving Covered Crypto Assets in connection with Protocol Mining and not other transactions involving Covered Crypto Assets. [5] This statement addresses PoW generally rather than all of PoW’s variations or any specific PoW protocol. [6] The protocol establishes rules on Rewards. Miners cannot change the Rewards they receive as the Reward structure is predetermined by the protocol. [7] Double spending involves the same crypto assets being sent to two recipients and can occur when ledger entries are altered. [8] For example, in a “pay-per-share” model, miners receive a payment for each valid share or block they contribute to the mining pool; regardless of whether the pool successfully mines a block; in a “peer-to-peer” model, the pool operator’s role is decentralized among pool members; and in a “proportional” model, miners receive Rewards proportional to the amount of work they contribute to successfully mine a block. There also may be hybrid pools that offer a combination of different operational and payout methods. [9] The Division’s view is not dispositive as to whether any specific Mining Activity (defined in this statement) involves the offer and sale of a security. A definitive determination requires analyzing the facts relating to the specific Mining Activity. Where facts vary from those presented in this statement – such as the way in which pool members may be compensated, how miners or other persons may participate in mining pools, or the activities conducted by pool operators – the Division’s view as to whether the specific Mining Activity involves the offer and sale of a security may be different. [10] 328 U.S. 293 (1946). [11] See Landreth Timber Co. v. Landreth , 471 U.S. 681, 689 (1985), in which the U.S. Supreme Court suggested that the proper test for determining whether a particular instrument that is not clearly within the definition of “stock” as set forth in Section 2(a)(1) of the Securities Act, or that otherwise is of an unusual nature, is the economic realities test set forth in Howey . In analyzing whether an instrument is a security, “form should be disregarded for substance,” Tcherepnin v. Knight , 389 U.S. 332, 336 (1967), “and the emphasis should be on economic realities underlying a transaction, and not on the name appended thereto.” United Housing Found., Inc. v. Forman , 421 U.S. 837, 849 (1975). [12] Forman, 421 U.S. at 852. [13] See, e.g., SEC v. v. Glenn W. Turner Enterprises, Inc. , 474 F.2d 476, 482 (9th Cir. 1973).

### Self (or Solo) Mining
Self (or Solo) Mining A miner’s Self (or Solo) Mining is not undertaken with a reasonable expectation of profits to be derived from the entrepreneurial or managerial efforts of others. Rather, a miner contributes its own computational resources, which secure the network and enable the miner to earn Rewards issued by the network in accordance with its software protocol. To earn Rewards, the miner’s activities must comply with the rules of the protocol. By adding its computational resources to the network, the miner merely is engaging in an administrative or ministerial activity to secure the network, validate transactions and add new blocks, and receive Rewards. A miner’s expectation to receive Rewards is not derived from any third party’s managerial or entrepreneurial efforts upon which the network’s success depends. Instead, the expected financial incentive from the protocol is derived from the administrative or ministerial act of Protocol Mining performed by the miner. As such, Rewards are payments to the miner in exchange for services it provides to the network rather than profits derived from the entrepreneurial or managerial efforts of others.

### Mining Pool
Mining Pool Likewise, when a miner combines its computational resources with other miners to increase their chances of successfully mining new blocks on the network, the miner has no expectation of profit derived from the entrepreneurial or managerial efforts of others. By adding its own computational resources to a mining pool, the miner merely is engaging in an administrative or ministerial activity to secure the network, validate transactions and add new blocks, and receive Rewards. In addition, any expectation of profits that the miners have is not derived from the efforts of a third party, such as a pool operator. Even when participating in a mining pool, individual miners still perform the actual mining activity by contributing their computational power to solve the cryptographic puzzles for validation of new blocks. Moreover, whether a miner self (or solo) mines or mines as a member of a mining pool does not alter the nature of Protocol Mining for purposes of the Howey analysis. In either case, Protocol Mining, as described in this statement, remains an administrative or ministerial activity. Further, a pool operator’s activities in operating the mining pool using the combined computational resources of participating miners primarily are administrative or ministerial in nature. While some of the pool operator’s activities may benefit the group of miners, any such efforts are not sufficient to satisfy Howey’s “efforts of others” requirement because miners primarily are relying on the computational resources that they provide in conjunction with other members to the mining pool to earn profits. To this end, a miner does not join a mining pool based on the ability to earn profits passively from the activities of the pool operator. For further information, please contact the Division’s Office of Chief Counsel by submitting a web-based request form at https://www.sec.gov/forms/corp_fin_interpretive . [1] For purposes of this statement, a “crypto asset” is an asset that is generated, issued, and/or transferred using a blockchain or similar distributed ledger technology network (“crypto network”), including, but not limited to, assets known as “tokens,” “digital assets,” “virtual currencies,” and “coins,” and that relies on cryptographic protocols. In addition, for purposes of this statement, a “network” refers to a crypto network. [2] This statement represents the views of the staff of the Division of Corporation Finance (the “Division”). It is not a rule, regulation, guidance, or statement of the U.S. Securities and Exchange Commission (“Commission”), and the Commission has neither approved nor disapproved its content. This statement, like all staff statements, has no legal force or effect: it does not alter or amend applicable law, and it creates no new or additional obligations for any person. [3] This statement only addresses certain activities involving Covered Crypto Assets that do not have intrinsic economic properties or rights, such as generating a passive yield or conveying rights to future income, profits, or assets of a business enterprise. [4] This statement only addresses transactions involving Covered Crypto Assets in connection with Protocol Mining and not other transactions involving Covered Crypto Assets. [5] This statement addresses PoW generally rather than all of PoW’s variations or any specific PoW protocol. [6] The protocol establishes rules on Rewards. Miners cannot change the Rewards they receive as the Reward structure is predetermined by the protocol. [7] Double spending involves the same crypto assets being sent to two recipients and can occur when ledger entries are altered. [8] For example, in a “pay-per-share” model, miners receive a payment for each valid share or block they contribute to the mining pool; regardless of whether the pool successfully mines a block; in a “peer-to-peer” model, the pool operator’s role is decentralized among pool members; and in a “proportional” model, miners receive Rewards proportional to the amount of work they contribute to successfully mine a block. There also may be hybrid pools that offer a combination of different operational and payout methods. [9] The Division’s view is not dispositive as to whether any specific Mining Activity (defined in this statement) involves the offer and sale of a security. A definitive determination requires analyzing the facts relating to the specific Mining Activity. Where facts vary from those presented in this statement – such as the way in which pool members may be compensated, how miners or other persons may participate in mining pools, or the activities conducted by pool operators – the Division’s view as to whether the specific Mining Activity involves the offer and sale of a security may be different. [10] 328 U.S. 293 (1946). [11] See Landreth Timber Co. v. Landreth , 471 U.S. 681, 689 (1985), in which the U.S. Supreme Court suggested that the proper test for determining whether a particular instrument that is not clearly within the definition of “stock” as set forth in Section 2(a)(1) of the Securities Act, or that otherwise is of an unusual nature, is the economic realities test set forth in Howey . In analyzing whether an instrument is a security, “form should be disregarded for substance,” Tcherepnin v. Knight , 389 U.S. 332, 336 (1967), “and the emphasis should be on economic realities underlying a transaction, and not on the name appended thereto.” United Housing Found., Inc. v. Forman , 421 U.S. 837, 849 (1975). [12] Forman, 421 U.S. at 852. [13] See, e.g., SEC v. v. Glenn W. Turner Enterprises, Inc. , 474 F.2d 476, 482 (9th Cir. 1973).",True
2fda3f40d27359d0,https://www.sec.gov/about/crypto-task-force/cryptosec,SEC.gov | Crypto@SEC,05/15/25,2025-05-15 00:00:00+00,Division of Trading and Markets,Division of Trading and Markets: Frequently Asked Questions Relating to Crypto Asset Activities and Distributed Ledger Technology,https://www.sec.gov/rules-regulations/staff-guidance/trading-markets-frequently-asked-questions/frequently-asked-questions-relating-crypto-asset-activities-distributed-ledger-technology,The SEC's Division of Trading and Markets has prepared responses to frequently asked questions about crypto asset activities and distributed ledger technology.,51c9737cbdec3454,True,2025-09-23 14:39:58.562393+00,2025-10-03 17:59:58.537617+00,,"# Division of Trading and Markets: Frequently Asked Questions Relating to Crypto Asset Activities and Distributed Ledger Technology

## More in this Section
More in this Section Rules & Regulations Rulemaking Activity Statutes and Regulations Staff Guidance Compliance and Disclosure Interpretations Disclosure Guidance Division of Investment Management: Frequently Asked Questions Staff Accounting Bulletins Staff Legal Bulletins Trading & Markets Frequently Asked Questions Division of Trading and Markets: Frequently Asked Questions – Treasury Clearing Office of the Chief Accountant: Staff Letters No Action, Interpretive and Exemptive Letters Commission Orders and Notices Shareholder Proposals Self-Regulatory Organization Rulemaking Policy Statements Petitions for Rulemaking Fee Rate Advisories Public Company Accounting Oversight Board Rulemaking Exchange Delistings How to Submit a Comment Rules & Regulations Rulemaking Activity Statutes and Regulations Staff Guidance Compliance and Disclosure Interpretations Disclosure Guidance Division of Investment Management: Frequently Asked Questions Staff Accounting Bulletins Staff Legal Bulletins Trading & Markets Frequently Asked Questions Division of Trading and Markets: Frequently Asked Questions – Treasury Clearing Office of the Chief Accountant: Staff Letters No Action, Interpretive and Exemptive Letters Commission Orders and Notices Shareholder Proposals Self-Regulatory Organization Rulemaking Policy Statements Petitions for Rulemaking Fee Rate Advisories Public Company Accounting Oversight Board Rulemaking Exchange Delistings How to Submit a Comment Home Rules and Regulations Staff Guidance Trading & Markets Frequently Asked Questions Division of Trading and Markets: Frequently Asked Questions Relating to Crypto Asset Activities and Distributed Ledger Technology Division of Trading and Markets: Frequently Asked Questions Relating to Crypto Asset Activities and Distributed Ledger Technology May 15, 2025 The staff of the Division of Trading and Markets (the “Staff”) of the Securities and Exchange Commission (“Commission”) has prepared the following responses to frequently asked questions relating to crypto asset [1] activities and distributed ledger technology. These responses represent the views of the staff of the Division of Trading and Markets. They are not a rule, regulation, or statement of the Commission. The Commission has neither approved nor disapproved their content. These responses, like all staff statements, have no legal force or effect: they do not alter or amend applicable law, and they create no new or additional obligations for any person.

## Broker-Dealer Financial Responsibility
Broker-Dealer Financial Responsibility Q1: Does paragraph (b) of Exchange Act Rule 15c3-3 apply to crypto assets that are not securities? A1: No. Paragraph (b) of Rule 15c3-3 applies only to securities carried by a broker-dealer for the account of customers or for a proprietary securities account of another broker or dealer, known as a “PAB account” (as further defined in paragraph (a)(16) of Rule 15c3-3). Q2: Could a broker-dealer establish control of a crypto asset that is a security via paragraph (c) of Rule 15c3-3? A2: In the Staff’s view, yes. The Staff notes that although certain control locations in paragraph (c) of Rule 15c3-3 reference a security being in certificated form to establish control under that provision, the Staff will not object if such crypto asset securities are not in certificated form when held at an otherwise qualifying control location under paragraph (c) of Rule 15c3-3. Q3: Is compliance with the Commission’s 2020 statement – “Custody of Digital Asset Securities by Special Purpose Broker-Dealers” – (the “SPBD Statement”) [2] mandatory for broker-dealers seeking to custody customer crypto assets that are securities? A3: No. Rule 15c3-3(b) requires a broker-dealer to obtain and “maintain the physical possession or control” of all fully paid securities and excess margin securities carried by the broker-dealer for the account of customers. The SPBD Statement set forth a temporary Commission position or “safe harbor” that a broker-dealer, under certain specified circumstances, would not be subject to a Commission enforcement action on the basis that the broker-dealer deems itself to have obtained and maintained physical possession or control of customer fully paid and excess margin securities. However, the SPBD Statement did not amend Rule 15c3-3 or any other rule. Therefore, in the Staff’s view, a broker-dealer carrying crypto asset securities for a customer or PAB account may establish control under paragraph (c) of Rule 15c3-3, as discussed in question 2 above. Q4: Do broker-dealer custody and capital requirements prohibit a broker-dealer from facilitating in-kind creations and redemptions in connection with a spot crypto exchange-traded product (ETP)? A4: No. However, broker-dealers taking proprietary positions in the assets underlying an ETP would need to account for those assets as part of their net capital calculations. The Staff will not object if a broker-dealer treats a proprietary position in bitcoin or ether as being readily marketable for purposes of determining whether the 20% haircut applicable to commodities under Appendix B of Rule 15c3-1 applies. Q5: Are crypto assets that are investment contracts treated as securities under the Securities Investor Protection Act of 1970 (“SIPA”) and protected by Securities Investor Protection Corporation (“SIPC”) if they are not the subject of a registration statement filed under the Securities Act of 1933? [3] A5: No, SIPA defines “security,” in pertinent part, as “any investment contract or certificate of interest or participation in any profit-sharing agreement . . . if such investment contract or interest is the subject of a registration statement with the Commission pursuant to the provisions of the Securities Act of 1933 . . ..” Therefore, investment contracts that are not the subject of a registration statement filed under the Securities Act of 1933 are not protected under SIPA. Q6: Does SIPC protect customer claims for non-security crypto assets when held for the customer by a SIPC member broker-dealer? A6: No. In general, SIPC protection extends to customer claims for “securities,” as defined under SIPA, that are entrusted to a SIPC member broker-dealer. Q7: In light of the fact that SIPC does not protect custodial claims for crypto assets that are not securities, are there ways to help ensure that customers’ non-security crypto assets at a broker-dealer will be returned to customers if the broker-dealer becomes insolvent? A7: Possibly. For example, a broker-dealer may agree with its customers that non-security crypto assets custodied by the broker-dealer for the customers for purposes of Article 8 of the Uniform Commercial Code be treated as “financial assets” and carried in a “securities account,” as those terms are defined in Article 8. Such treatment could help ensure that customer non-security crypto assets do not become part of the broker-dealer’s estate if the broker-dealer is placed in a liquidation under SIPA or the Bankruptcy Code. Non-security crypto assets are not protected by SIPA and may not be protected by any other specific insolvency regime, and customers may be exposed to loss of such assets in the event of an insolvency. Q8: If a broker-dealer conducts a non-security crypto asset business, are there ways to help ensure adequate records are made and preserved? A8: Yes. The Staff views prudent recordkeeping practices as being essential for investor protection in the operation of a broker-dealer, to perform an audit or examination of the broker-dealer, and for a trustee appointed under SIPA or otherwise to liquidate the broker-dealer. In the Staff’s view, a broker-dealer that conducts a non-security crypto asset business could make and keep the same records for its non-security crypto activities as it does for its securities activities.

## Transfer Agents
Transfer Agents Q9: Is a person acting as a transfer agent for an issuer of a crypto asset that is a security required to register with the SEC as a transfer agent? A9: Maybe. The term “transfer agent” is defined in Section 3(a)(25) of the Exchange Act as any person who engages on behalf of an issuer of securities or on behalf of itself as an issuer of securities in any of five enumerated activities: (A) countersigning securities upon issuance; (B) monitoring for unauthorized issuances; (C) registering the transfer of securities; (D) exchanging or converting securities; or (E) transferring record ownership of securities by bookkeeping entry without physical issuance of securities certificates (collectively, “3(a)(25) Activities”). Under Section 17A(c)(1) of the Exchange Act, a transfer agent that performs any of these 3(a)(25) Activities with respect to a security that is registered under Section 12 of the Exchange Act or which would be required to be registered except for the exemption from registration provided by Section 12(g)(2)(B) or Section 12(g)(2)(G) of the Exchange Act (i.e., certain securities issued by a registered investment company or an insurance company) (collectively, “Section 12 Securities”) must register as a transfer agent with the SEC (or with one of the Federal bank regulators if the transfer agent is a bank). Importantly, multiple entities may perform one or more 3(a)(25) Activities on behalf of the same issuer. For example, the registered transfer agent hired by an issuer might register the transfer of the issuer’s securities but hire one or more other transfer agents to monitor for unauthorized issuances or perform other processing and recordkeeping functions. Exchange Act Rule 17Ad-9(h)-(k) defines some of the relationships among transfer agents providing services for the same issuer. To determine whether registration as a transfer agent is required, persons providing services for crypto assets that are securities thus should (i) determine whether those securities are Section 12 Securities and (ii) analyze the services, functions, or activities they are performing with respect to those securities and determine whether any of those services, functions, or activities quality as 3(a)(25) Activities. If an entity is not providing services for any Section 12 Securities, or is only providing services for Section 12 Securities that do not qualify as 3(a)(25) Activities, it would not be required to register as a transfer agent. Q10: Could a registered transfer agent utilize distributed ledger technology as its official Master Securityholder File, as that term is defined under Exchange Act Rule 17Ad-9(b), or a component thereof? A10: In the Staff’s view, yes, provided that the transfer agent complies with all other applicable requirements under the federal securities laws, including the recordkeeping, reporting, examination, and other requirements of Sections 17(a)(1) and 17(b) of the Exchange Act; the turnaround and other requirements of Exchange Act Rule 17Ad-2; the recordkeeping and other requirements of Rule 17Ad-6; the record retention and other requirements of Rule 17Ad-7; the prompt posting and other requirements of Rule 17Ad-10; the aged record difference, buy-in, and other requirements of Rule 17Ad-11; the safeguarding and other requirements of Rule 17Ad-12; and the accounting control, report, and other requirements of Rule 17Ad-13. Provided these requirements are met, in the Staff’s view, the transfer agent would not need to maintain a duplicate or “digital twin” of its master securityholder file exclusively off-chain. Staff understands that some transfer agents’ master securityholder files comprise multiple files or systems. In the context of distributed ledger technology, this may mean that transaction information, such as wallet address, asset balance, ownership percentage, number of shares or units, date of purchase, and transaction ID, is maintained on a blockchain while personal information, like the investor’s name, investor ID, address and other contact information, Tax ID or social security number, and other identifying or non-public information, is kept off-chain within the transfer agent’s proprietary systems. In the Staff’s view, provided the transfer agent ensures that its records are at all times secure, accurate, up-to-date, produceable to the Commission and its staff in an easily-readable format, and maintained for the required time periods under the rules, the specific technology, systems or files that comprise the records would generally be within the transfer agent’s discretion. Staff welcomes questions about the application of the Commission’s transfer agent rules to crypto asset activities and distributed ledger technology. We also welcome requests for other assistance (including requests for interpretive or no-action letters) relating to these issues and questions. [1] For purposes of these FAQs, the term “crypto asset” means an asset that is generated, issued, and/or transferred using a blockchain or similar distributed ledger technology network, including, but not limited to, assets known as “tokens,” “digital assets,” “virtual currencies,” and “coins,” and that relies on cryptographic protocols. [2] See Custody of Digital Asset Securities by Special Purpose Broker-Dealers, Exchange Act Release No. 90788 (Dec. 23, 2020), 86 FR 11627 (Feb. 26, 2021). [3] SIPC was created under SIPA as a non-profit membership corporation. SIPC oversees the liquidation of member firms that close when the firm is bankrupt or in financial trouble, and customer assets are missing. In a liquidation under SIPA , SIPC and the court-appointed Trustee work to return customers’ securities and cash as quickly as possible. Within limits, SIPC expedites the return of missing customer property by protecting each customer up to $500,000 for securities and cash (including a $250,000 limit for cash only). See https://www.sipc.org/about-sipc/sipc-mission .",True
370eff217a3d5051,https://www.sec.gov/about/crypto-task-force/cryptosec,SEC.gov | Crypto@SEC,04/10/25,2025-04-10 00:00:00+00,Division of Corporation Finance,Staff Statement on Offerings and Registrations of Securities in the Crypto Asset Markets,https://www.sec.gov/newsroom/speeches-statements/cf-crypto-securities-041025-offerings-registrations-securities-crypto-asset-markets,The SEC's Division of Corporation Finance has provided its views about the application of certain disclosure requirements under the federal securities laws to offerings and registrations of securities in the crypto asset markets.,4546764c07cf350e,True,2025-09-23 14:39:58.562393+00,2025-10-03 17:59:58.667271+00,,"# Offerings and Registrations of Securities in the Crypto Asset Markets
> Division of Corporation Finance Offerings and Registrations of Securities in the Crypto Asset Markets April 10, 2025

## More in this Section
More in this Section Newsroom Press Releases Speeches & Statements Meetings & Events SEC Videos Social Media Directory What's New Newsroom Press Releases Speeches & Statements Meetings & Events SEC Videos Social Media Directory What's New Home Newsroom Speeches and Statements Offerings and Registrations of Securities in the Crypto Asset Markets Statement Offerings and Registrations of Securities in the Crypto Asset Markets Division of Corporation Finance Washington D.C. April 10, 2025 As part of an effort to provide greater clarity on the application of the federal securities laws to crypto assets, [1] the Division of Corporation Finance is providing its views [2] about the application of certain disclosure requirements under the federal securities laws to offerings and registrations of securities in the crypto asset markets. These offerings and registrations may involve equity or debt securities of issuers whose operations relate to networks, applications, and/or crypto assets. These offerings and registrations also may relate to crypto assets offered as part of or subject to an investment contract (such a crypto asset, a “subject crypto asset”). [3] The Division recognizes that Acting Chairman Mark T. Uyeda formed the Crypto Task Force to help the Commission develop a comprehensive and clear regulatory framework for crypto assets, including addressing applicable registration and disclosure requirements. [4] The Division is issuing this statement to provide its views during the pendency of these deliberations. The disclosures required in connection with offerings and registrations under the Securities Act of 1933 (“Securities Act”) and the Securities Exchange Act of 1934 (“Exchange Act”) protect investors, facilitate capital formation, and promote fair, orderly, and efficient markets. In recent years, some issuers in the crypto asset markets have registered or qualified [5] offerings of securities under the Securities Act or registered a class of securities under the Exchange Act. This statement reflects our observations regarding disclosures provided in response to existing disclosure requirements. It also addresses our views about certain specific disclosure questions that market participants have presented to the staff. While disclosures should be based on an issuer’s specific facts and circumstances, we believe that issuers may benefit from the identification of common issues we have identified during our reviews. This statement addresses our views about certain disclosure requirements set forth in Regulation S-K as they apply to Securities Act registration forms (such as Form S-1) and Exchange Act registration forms (such as Form 10). [6] This statement also addresses our views about certain disclosure requirements of Form 20-F when used by foreign private issuers to register classes of securities under the Exchange Act, and Form 1-A for offerings exempt from registration under Regulation A. [7] This statement does not address all material disclosure items, and the disclosure topics addressed below may not be relevant for all issuers. Each issuer should consider its own facts and circumstances when preparing its disclosures. Each issuer also should consider whether it is permitted to provide “scaled disclosure” with respect to any applicable disclosure requirements. [8] Moreover, issuers should note that disclosure is not required where a particular disclosure requirement is not applicable, or they otherwise do not have responsive information. [9] In this statement, we sometimes address the same or similar disclosure items in more than one place. This should not be read to suggest providing duplicative disclosure in multiple places throughout filings. Rather, issuers should use their judgment in determining the location for any relevant disclosures.

## Description of Business
Description of Business SEC rules require issuers to provide a narrative description of the material aspects of their business. [10] Issuers are required to disclose information material to an understanding of the general development of their business, and, in the case of the business done and intended to be done by the issuer, only information material to an understanding of the business taken as a whole (or with respect to each segment, if applicable). [11] Disclosure should be tailored to the issuer’s business and presented in clear, concise, and understandable language, without overly relying on technical terminology or jargon. For example, we have observed disclosure that: Specifically relates to the material aspects of the issuer’s current or proposed business, rather than to crypto networks, crypto assets, or other technologies that are not specific or material to the issuer’s current or proposed business. Addresses the current stage of development of the business and clearly delineates any forward-looking or future plans of development. Is consistent with the issuer’s public statements and promotional materials (including, without limitation, white papers, and developer documentation) relating to material aspects of the business. We also have observed the following disclosure with respect to current or proposed business plans: The issuer’s specific business activity, such as operating or developing a network or application, and the current stage of development of the business. Whether the issuer intends to continue to operate the business following the launch of a network or application, and, if so, a description of the issuer’s contemplated business activities. If not, a description of how the business will be operated following launch and whether another entity will be involved in such operations. To the extent the business has not been fully implemented, milestones (including technology development milestones) needed to fully implement the business. How the issuer generates or expects to generate revenue or increase profitability and/or value. Whether the security or crypto asset has any function(s) in the operation of the business, including whether it has any intended use or role in an associated network or application. Where an issuer is developing or acquiring or intending to develop or acquire a network or application, we have observed issuers tailoring their disclosure to provide a narrative description of the purpose of the network or the application, and its operation, including the following: Whether the initial development team is developing a network and/or application and/or a crypto asset for the network or application. The current state and timeline for the development of the network and/or application to show how and when the initial development team intends to achieve network maturity or deploy the application. Milestones needed to fully develop the network, application, and/or crypto asset, including an estimated timeline, the estimated costs to reach key milestones, and the source of funds for the development of the network, application, and/or crypto asset. The objectives of the network and how the technology of the network or application functions and accomplishes its objectives, including its architecture, software, cryptographic key management, and functionality. Whether the technology is derived from proprietary or open-sourced software, and a description of any licenses or intellectual property rights relating to the technology. The process for validating transactions, the consensus mechanism, the block size, the transaction speed, the transaction (or “gas”) fees, and reward mechanism, if any. A description of any products and services that will be offered through the network and/or application. The various roles that exist or are intended to exist in connection with the network and/or application, such as users, onchain [12] and offchain [13] service providers, developers, transaction validators, and governance participants. The process of how network and application upgrades and updates are disclosed, proposed, developed, reviewed, and ultimately deployed. The measures, if any, taken to ensure network and/or application security. A description of the network or application’s governance system, as applicable.

## Risk Factors
Risk Factors SEC rules require a discussion of the material factors that make an investment in the registrant or the offering speculative or risky. [14] In the context of offerings and registrations of securities in the crypto asset markets, the content and scope of an issuer’s disclosure will depend on the nature of the security and the issuer’s business, and may include factors that address the development and implementation of the issuer’s business and the particular characteristics of the security, such as its features, price volatility, limited rights of holders, valuation and liquidity risks, technological risks, cybersecurity risks, business, operational, and network risks, and legal and regulatory risks. Disclosure should address risks relating to an associated network or application if material. The following are examples of risks that have been disclosed: Risks relating to the issuer’s planned business operations, such as risks relating to technology and cybersecurity, and implementation of the issuer’s business, as well as reliance on another network or application. Risks relating to the security, such as the risks relating to any unique characteristics of the security including its form, price volatility, the rights of holders or their lack of rights, valuation and liquidity, supply, and custody. Risks related to other applicable laws and regulations, such as whether the issuer’s activities may require it to register with the Financial Crimes Enforcement Network or certain state financial services agencies under money transmission laws, or to register with another regulatory authority, such as federal or state banking regulators or the Commodity Futures Trading Commission.

## Description of Securities
Description of Securities SEC rules require an issuer to provide a materially complete description of its securities. [15] The specific disclosure depends on the particular type of security, with these rules setting forth requirements for specifically identified types of securities, such as traditional capital stock and debt securities. These rules also include a general category for securities that are not specifically identified, referring to them as “other securities” or “other kinds of securities.” In the context of offerings and registrations of securities in the crypto asset markets, we have observed disclosure where issuers have considered how this requirement applies in the context of their particular security, such as where an offering or registration involves a subject crypto asset. In these cases, issuers have provided a description of the terms, rights, and characteristics of the security in their specific context. It is important for investors to understand what the security represents. Examples of disclosure we have observed in the context of describing a security in the crypto asset markets include, among others, the following: Rights, Obligations, and Preferences How the rights of holders and characteristics of the security are memorialized, how such rights and characteristics convey when the security is transferred, and whether, when and by whom such rights and characteristics can be modified. The rights that holders have and do not have, such as with respect to dividends, payments, profit sharing, distributions, and voting rights, as well as the rights holders have to enforce their rights, preferences, and obligations. If the holders have voting rights, how the issuer intends to comply with applicable proxy rules. The rights that holders have and do not have with respect to transactions that impact the issuer or the network, such as liquidation, bankruptcy, sale, merger, network forks or other similar events. The characteristics of the security, such as term, maturity, restrictions on transferability, how the security or subject crypto asset can be accessed, held and transferred, redeemed, retired, or burned, whether the security can be loaned or pledged and by whom, and whether the security will be certificated or uncertificated, and eligible for deposit at a securities depository. Technical Specifications The network or application associated with the security or subject crypto asset, and whether the underlying code can be modified, how, when, and by whom, and what effect(s) that may have on the rights of a holder of the security or subject crypto asset. The technical requirements for holding, accessing and transferring the security or subject crypto asset, such as the requirements and characteristics as to wallets and keys, whether the wallet addresses of the sender and receiver must be included in an approved list of participants, and any network transaction fees required for the transfer of the security or subject crypto asset and who is responsible for those fees. Where the definitive record of ownership exists and who maintains it. Whether the security or subject crypto asset is divisible, and, if so, whether there are any limits on its division. Whether the security or subject crypto asset and the smart contract(s) and/or code on which it is/are based, if applicable, have been subjected to a third-party security audit ( i.e. , an independent assessment to identify vulnerabilities and ensure compliance with industry standards), and if, so who conducted the audit and the results of the audit. Supply The rules governing the total supply of the security or subject crypto asset, including the total supply, whether it is fixed at a maximum possible supply, the method for minting or generating the security or subject crypto asset, whether the supply will be created at initial generation or continuously or from time to time, whether there is a process for redeeming, retiring, freezing or burning the security or subject crypto asset, whether any of the supply is reserved for the network’s treasury, particular uses or participants, and whether any portion of the supply is subject to vesting and/or lock-ups. Whether any entity or person (or group of persons) is responsible for implementing rules governing the total supply and/or has the authority or ability to change the rules. Whether the issuer intends to enter into any arrangements with market makers or similar firms to distribute and/or provide liquidity for the security or a subject crypto asset and the terms of such arrangement. If the issuer’s business involves crypto assets that themselves are not securities, whether offered as part of or subject to an investment contract or otherwise, similar disclosures, if material, may be relevant to the section of the registration or offering statement discussing the issuer’s business. [16]

### Rights, Obligations, and Preferences
Rights, Obligations, and Preferences How the rights of holders and characteristics of the security are memorialized, how such rights and characteristics convey when the security is transferred, and whether, when and by whom such rights and characteristics can be modified. The rights that holders have and do not have, such as with respect to dividends, payments, profit sharing, distributions, and voting rights, as well as the rights holders have to enforce their rights, preferences, and obligations. If the holders have voting rights, how the issuer intends to comply with applicable proxy rules. The rights that holders have and do not have with respect to transactions that impact the issuer or the network, such as liquidation, bankruptcy, sale, merger, network forks or other similar events. The characteristics of the security, such as term, maturity, restrictions on transferability, how the security or subject crypto asset can be accessed, held and transferred, redeemed, retired, or burned, whether the security can be loaned or pledged and by whom, and whether the security will be certificated or uncertificated, and eligible for deposit at a securities depository.

### Technical Specifications
Technical Specifications The network or application associated with the security or subject crypto asset, and whether the underlying code can be modified, how, when, and by whom, and what effect(s) that may have on the rights of a holder of the security or subject crypto asset. The technical requirements for holding, accessing and transferring the security or subject crypto asset, such as the requirements and characteristics as to wallets and keys, whether the wallet addresses of the sender and receiver must be included in an approved list of participants, and any network transaction fees required for the transfer of the security or subject crypto asset and who is responsible for those fees. Where the definitive record of ownership exists and who maintains it. Whether the security or subject crypto asset is divisible, and, if so, whether there are any limits on its division. Whether the security or subject crypto asset and the smart contract(s) and/or code on which it is/are based, if applicable, have been subjected to a third-party security audit ( i.e. , an independent assessment to identify vulnerabilities and ensure compliance with industry standards), and if, so who conducted the audit and the results of the audit.

### Supply
Supply The rules governing the total supply of the security or subject crypto asset, including the total supply, whether it is fixed at a maximum possible supply, the method for minting or generating the security or subject crypto asset, whether the supply will be created at initial generation or continuously or from time to time, whether there is a process for redeeming, retiring, freezing or burning the security or subject crypto asset, whether any of the supply is reserved for the network’s treasury, particular uses or participants, and whether any portion of the supply is subject to vesting and/or lock-ups. Whether any entity or person (or group of persons) is responsible for implementing rules governing the total supply and/or has the authority or ability to change the rules. Whether the issuer intends to enter into any arrangements with market makers or similar firms to distribute and/or provide liquidity for the security or a subject crypto asset and the terms of such arrangement. If the issuer’s business involves crypto assets that themselves are not securities, whether offered as part of or subject to an investment contract or otherwise, similar disclosures, if material, may be relevant to the section of the registration or offering statement discussing the issuer’s business. [16]

## Directors, Executive Officers, and Significant Employees
Directors, Executive Officers, and Significant Employees SEC rules require disclosure of information relating to the identity and experience of those entrusted with the management of the issuer, including executive officers, directors, and certain significant employees who are (or are expected) to make a significant contribution to the issuer’s business. [17] SEC rules also require such disclosure for persons who do not hold formal titles or positions as executive officers or directors but who perform policy-making functions typically performed by executive officers or perform similar functions as directors. [18] Further, if a third party is performing the policy-making functions typically performed by executive officers and directors, we have observed disclosure addressing the third party that satisfies the applicable disclosure requirements. For example, certain trusts – such as the spot crypto exchange-traded products – have a sponsor with directors and executive officers who perform functions similar to directors or executive officers of the trust. In these cases, disclosure has been provided with respect to the directors or executive officers of the sponsor. Although disclosure regarding executive compensation of the issuer would not be applicable in this situation, [19] disclosure may be required of any fees paid to the third party for performing such functions. [20]

## Financial Statements
Financial Statements SEC rules require issuers to provide financial statements that comply with applicable requirements. [21] Issuers with requests for assistance regarding the form and content of financial statements and other financial information required to be included in Commission filings should contact the Division’s Office of Chief Accountant. [22] Issuers may also consult with the SEC’s Office of the Chief Accountant on accounting and financial reporting questions, especially those involving unusual, complex, or innovative transactions. [23]

## Exhibits
Exhibits SEC rules require an issuer to file as an exhibit any instrument defining the rights of security holders. [24] In connection with offerings and registrations of securities in the crypto asset markets, to the extent that the rights, preferences, and obligations of holders of the securities are memorialized in smart contract(s) or otherwise programmed into the code of a network or application, we have observed filings include as an exhibit the code of the smart contract(s) and/or the network or application, with the issuer updating any such exhibit in response to subsequent changes in such code. [25]

## Contacting the Division
Contacting the Division The Division welcomes questions about the application of the SEC’s disclosure rules to offerings and registrations, as well as any ongoing reporting obligations. We also welcome requests for other assistance (including requests for interpretive or no-action letters) relating to these issues and questions. Information about how to contact the Division is available on our website. [26] [1] For purposes of this statement, a “crypto asset” is an asset that is generated, issued, and/or transferred using a blockchain or similar distributed ledger technology network (“crypto network”), including, but not limited to, assets known as “tokens,” “digital assets,” “virtual currencies,” and “coins,” and that relies on cryptographic protocols. References in this statement to “network” refer to a crypto network, and references to “application” refer to an application running on such a crypto network. [2] This statement represents the views of the staff of the Division of Corporation Finance (the “Division”). It is not a rule, regulation, guidance, or statement of the U.S. Securities and Exchange Commission (“Commission” or “SEC”), and the Commission has neither approved nor disapproved its content. This statement, like all staff statements, has no legal force or effect: it does not alter or amend applicable law, and it creates no new or additional obligations for any person. [3] Nothing in this statement is intended to suggest that registration or qualification is required in connection with an offering of a crypto asset if the crypto asset is not a security and not part of or subject to an investment contract. [4] See Press Release, SEC, “SEC Crypto 2.0: Acting Chairman Uyeda Announces Formation of New Crypto Task Force” (Jan. 21, 2025), available at https://www.sec.gov/newsroom/press-releases/2025-30 . [5] Offerings of securities in the crypto asset markets can be, and have been, qualified under Regulation A. [6] See 17 C.F.R. §229.10 et seq . Form F-1 is a Securities Act registration form that can be used by foreign private issuers. Certain of the disclosure topics discussed in this statement may apply differently to foreign private issuers using Form F-1 [7] See 17 C.F.R. §239.90. Form 20-F is an Exchange Act form that can be used by foreign private issuers. Certain of the disclosure topics discussed in this statement may apply differently to foreign private issuers using Form 20-F and issuers conducting exempt offerings using Form 1-A. [8] Scaled disclosure refers to disclosure accommodations that the federal securities laws sometimes provide for smaller or newly public companies, such as smaller reporting companies, non-accelerated filers, or emerging growth companies. These accommodations apply to a qualifying company’s registered offerings and its ongoing public company reporting. Scaled disclosure permits these companies to provide less extensive disclosure than other companies. [9] See, e.g ., Rule 404(c) under the Securities Act, and General Instruction II.B. of Form S-1, and General Instruction C of Form 20-F. For example, disclosure regarding dilution to stockholders, market price and dividends, and certain other stockholder matters only is required if the securities being offered are equity securities. See Items 201 and 506 of Regulation S-K, Items 8.A., 9.E., and 10 of Form 20-F, and Items 4 and 7 of Part II of Form 1-A. In addition, disclosure regarding properties only is required where issuers have material physical properties. See Item 102 of Regulation S-K, Item 4.D. of Form 20-F, and Item 8 of Part II of Form 1-A. [10] See Item 101 of Regulation S-K, Item 4 of Form 20-F, and Item 7 of Part II of Form 1-A. [11] The SEC, upon written request of the registrant and where consistent with the protection of investors, may permit the omission of any required information relating to the issuer’s business or the furnishing in substitution thereof of appropriate information of comparable character. See Instruction 3 to Item 101 of Regulation S-K. [12] An “onchain” transaction occurs directly on a network and is validated in accordance with the protocol of the network, with the transaction recorded on the network’s public ledger. [13] An “offchain” transaction occurs outside the network where the parties agree that a third party will validate and authenticate the transaction. [14] See Item 105 of Regulation S-K, Item 3.D of Form 20-F, and Item 3 of Part II of Form 1-A. [15] See Item 202 of Regulation S-K, Item 12 of Form 20-F, and Item 14 of Part II of Form 1-A. [16] See footnote 10 above and accompanying text. [17] See Item 401 of Regulation S-K, Items 1 and 6 of Form 20-F, and Item 10 of Part II of Form 1-A. [18] See Rule 405 under the Securities Act and Rule 3b-7 under the Exchange Act. As noted above, disclosure is not required where a particular disclosure requirement is not applicable, or the issuer otherwise does not have responsive information. For example, certain trusts do not have a board of directors or persons performing similar functions and, therefore, do not provide disclosure regarding members of a board of directors. [19] See Item 402 of Regulation S-K, Item 6 of Form 20-F, and Item 11 of Part II of Form 1-A. [20] See Item 404 of Regulation S-K, Item 7 of Form 20-F, and Item 13 of Part II of Form 1-A. [21] See Item 11 of Form S-1, Items 8, 17, and 18 of Form 20-F, and Part F/S of Form 1-A. [22] See footnote 26 below and accompanying text. [23] See https://www.sec.gov/about/divisions-offices/office-chief-accountant/form-delivery-content-correspondence-consultations . [24] See Item 601 of Regulation S-K, Item 19 of Form 20-F, and Part III of Form 1-A. [25] Rule 406 under the Securities and Rule 24b-2 under the Exchange Act provide the exclusive means for issuers to object to the public release of confidential information that is otherwise required to be filed. For staff guidance regarding how and what to submit when filing an application objecting to public release of information otherwise required to be filed under the Securities Act and the Securities Exchange Act, see https://www.sec.gov/rules-regulations/staff-guidance/disclosure-guidance/corpfinconfidential-treatment-applicationshtm . [26] See https://www.sec.gov/about/divisions-offices/division-corporation-finance/division-corporation-finance-contact-us .",False
4fdb6bda60dd658b,https://www.sec.gov/about/crypto-task-force/cryptosec,SEC.gov | Crypto@SEC,09/29/25,2025-09-29 00:00:00+00,Division of Corporation Finance,No Action Letter- DoubleZero (Incoming Letter),https://www.sec.gov/rules-regulations/no-action-interpretive-exemptive-letters/division-corporation-finance-no-action/doublezero-092925,"Based on the facts presented, the Division will not recommend enforcement action to the Commission if, in reliance on your opinion as counsel, Programmatic Transfers that are conducted in the manner and under the circumstances described in your letter are not registered under Section 5 of the Securities Act and 2Z is not registered as a class of equity securities under Section 12(g) of the Exchange Act.",91783283342f348c,True,2025-10-03 13:52:33.785283+00,2025-10-03 17:59:57.353753+00,,"# DoubleZero

## More in this Section
More in this Section Rules & Regulations Rulemaking Activity Statutes and Regulations Staff Guidance No Action, Interpretive and Exemptive Letters Division of Corporation Finance No-Action, Interpretive and Exemptive Letters Division of Investment Management Staff No-Action and Interpretive Letters Division of Trading and Markets No-Action, Exemptive, and Interpretive Letters Commission Orders and Notices Shareholder Proposals Self-Regulatory Organization Rulemaking Policy Statements Petitions for Rulemaking Fee Rate Advisories Public Company Accounting Oversight Board Rulemaking Exchange Delistings How to Submit a Comment Rules & Regulations Rulemaking Activity Statutes and Regulations Staff Guidance No Action, Interpretive and Exemptive Letters Division of Corporation Finance No-Action, Interpretive and Exemptive Letters Division of Investment Management Staff No-Action and Interpretive Letters Division of Trading and Markets No-Action, Exemptive, and Interpretive Letters Commission Orders and Notices Shareholder Proposals Self-Regulatory Organization Rulemaking Policy Statements Petitions for Rulemaking Fee Rate Advisories Public Company Accounting Oversight Board Rulemaking Exchange Delistings How to Submit a Comment Home Rules and Regulations No Action, Interpretive and Exemptive Letters Division of Corporation Finance No-Action, Interpretive and Exemptive Letters DoubleZero DoubleZero Sept. 29, 2025 Response of the Division of Corporation Finance September 29, 2025 Re: DoubleZero Incoming letter dated September 25, 2025 Based on the facts presented, the Division will not recommend enforcement action to the Commission if, in reliance on your opinion as counsel, Programmatic Transfers that are conducted in the manner and under the circumstances described in your letter are not registered under Section 5 of the Securities Act and 2Z is not registered as a class of equity securities under Section 12(g) of the Exchange Act. Capitalized terms have the same meanings as defined in your letter. This position is based on the representations made to the Division in your letter. Any different facts or conditions might require the Division to reach a different conclusion. Further, this response expresses the Division’s position on enforcement action only and does not express any legal conclusion on the issues presented. Sincerely, Michael P. Seaman Chief Counsel Division of Corporation Finance

## Resources
Resources Final Incoming Letter",False
6a9a65b3a588a2b6,https://www.sec.gov/about/crypto-task-force/cryptosec,SEC.gov | Crypto@SEC,02/27/25,2025-02-27 00:00:00+00,Division of Corporation Finance,Staff Statement on Meme Coins,https://www.sec.gov/newsroom/speeches-statements/staff-statement-meme-coins,"The SEC’s Division of Corporation Finance has provided its views on certain meme coins, which typically are purchased for entertainment, social interaction, and cultural purposes, and their value is driven primarily by market demand and speculation; they are akin to collectibles and typically have limited or no use or functionality.",5ee34b0fa5f2fa9a,True,2025-09-23 14:39:58.562393+00,2025-10-03 17:59:59.044771+00,,"# Staff Statement on Meme Coins
> As part of an effort to provide greater clarity on the application of the federal securities laws to crypto assets, the Division of Corporation Finance is providing its views[1] on “meme coins.”

## More in this Section
More in this Section Newsroom Press Releases Speeches & Statements Meetings & Events SEC Videos Social Media Directory What's New Newsroom Press Releases Speeches & Statements Meetings & Events SEC Videos Social Media Directory What's New Home Newsroom Speeches and Statements Staff Statement on Meme Coins Statement Staff Statement on Meme Coins Division of Corporation Finance Washington D.C. Feb. 27, 2025 As part of an effort to provide greater clarity on the application of the federal securities laws to crypto assets, the Division of Corporation Finance is providing its views [1] on “meme coins.” A “meme coin” is a type of crypto asset [2] inspired by internet memes, characters, current events, or trends for which the promoter seeks to attract an enthusiastic online community to purchase the meme coin and engage in its trading. Although individual meme coins may have unique features, meme coins typically share certain characteristics. Meme coins typically are purchased for entertainment, social interaction, and cultural purposes, and their value is driven primarily by market demand and speculation. In this regard, meme coins are akin to collectibles. Meme coins also typically have limited or no use or functionality. Given the speculative nature of meme coins, they tend to experience significant market price volatility, and often are accompanied by statements regarding their risks and lack of utility, other than for entertainment or other non-functional purposes. [3] It is the Division’s view that transactions in the types of meme coins described in this statement, do not involve the offer and sale of securities under the federal securities laws. [4] As such, persons who participate in the offer and sale of meme coins do not need to register their transactions with the Commission under the Securities Act of 1933 (“Securities Act”) or fall within one of the Securities Act’s exemptions from registration. Accordingly, neither meme coin purchasers nor holders are protected by the federal securities laws. Section 2(a)(1) of the Securities Act and Section 3(a)(10) of the Securities Exchange Act of 1934 each defines the term “security” by providing a list of various financial instruments, including “stock,” “note,” and “bond.” A meme coin does not constitute any of the common financial instruments specifically enumerated in the definition of “security” because, among other things, it does not generate a yield or convey rights to future income, profits, or assets of a business. In other words, a meme coin is not itself a security. The aforementioned statutory sections also provide that “investment contracts” are securities. Given that a meme coin is not itself a security, we conduct our analysis of whether a meme coin may be offered and sold as part of an investment contract under the “investment contract” test set forth in SEC v. W.J. Howey Co. [5] The Howey test analyzes whether certain arrangements or instruments are investment contracts based on their “economic realities.” [6] In evaluating the economic realities of a transaction, the Howey test considers whether there is an investment in an enterprise premised on a reasonable expectation of profits to be derived from the entrepreneurial or managerial efforts of others. [7] Federal courts since Howey have explained that Howey’s “efforts of others” requirement is satisfied when “the efforts made by those other than the investor are the undeniably significant ones, those essential managerial efforts which affect the failure or success of the enterprise.” [8] The offer and sale of meme coins does not involve an investment in an enterprise nor is it undertaken with a reasonable expectation of profits to be derived from the entrepreneurial or managerial efforts of others. First, meme coin purchasers are not making an investment in an enterprise. That is, their funds are not pooled together to be deployed by promoters or other third parties for developing the coin or a related enterprise. Second, any expectation of profits that meme coin purchasers have is not derived from the efforts of others. That is, the value of meme coins is derived from speculative trading and the collective sentiment of the market, like a collectible. Moreover, the promoters of meme coins are not undertaking (or indicating an intention to undertake) managerial and entrepreneurial efforts from which purchasers could reasonably expect profit. [9] Notwithstanding the foregoing, this statement does not extend to the offer and sale of meme coins that are inconsistent with the descriptions set forth above, or products that are labeled “meme coins” in an effort to evade the application of the federal securities laws by disguising a product that otherwise would constitute a security. As noted above, the Division will evaluate the economic realities of the particular transaction. Further, although the offer and sale of meme coins may not be subject to the federal securities laws, fraudulent conduct related to the offer and sale of meme coins may be subject to enforcement action or prosecution by other federal or state agencies under other federal and state laws. For further information, please contact the Division’s Office of Chief Counsel by submitting a web-based request form at https://www.sec.gov/forms/corp_fin_interpretive . [1] This statement represents the views of the staff of the Division of Corporation Finance (the “Division”). The statement is not a rule, regulation, guidance, or statement of the U.S. Securities and Exchange Commission (“Commission”), and the Commission has neither approved nor disapproved its content. This statement, like all staff statements, has no legal force or effect: it does not alter or amend applicable law, and it creates no new or additional obligations for any person. [2] For purposes of this statement, a “crypto asset” is an asset that is issued and/or transferred using distributed ledger or blockchain technology, including, but not limited to, so-called “virtual currencies,” “coins,” and “tokens,” and that relies on cryptographic protocols. [3] Typical statements include the following: (i) purchasers should not expect to profit or generate a return through receipt or ownership of the coins; (ii) no one intends to exert any efforts or provide any assistance in bringing about a profit or return for holders of the coins; (iii) the coins have no use or functionality; (iv) purchasers may lose all of the money used to purchase the coins; and (v) the coins are intended for entertainment purposes only. [4] The Division’s view is not dispositive of whether a specific meme coin itself is a security or whether it is offered and sold as part of an investment contract, which is a security. A definitive determination requires analyzing the specific facts relating to the meme coin and the manner in which it is offered and sold. [5] 328 U.S. 293 (1946) (“ Howey ”). [6] See Landreth Timber Co. v. Landreth , 471 U.S. 681, 689 (1985), in which the U.S. Supreme Court suggested that the proper test for determining whether a particular instrument that is not clearly within the definition of “stock” as set forth in Section 2(a)(1) of the Securities Act, or that otherwise is of an unusual nature, is the economic realities test set forth in Howey . In analyzing whether an instrument is a security, “form should be disregarded for substance,” Tcherepnin v. Knight , 389 U.S. 332, 336 (1967), “and the emphasis should be on economic realities underlying a transaction, and not on the name appended thereto.” United Housing Found., Inc. v. Forman , 421 U.S. 837, 849 (1975). [7] Forman , 421 U.S. at 852. [8] See, e.g., SEC v. v. Glenn W. Turner Enterprises, Inc. , 474 F.2d 476, 482 (9th Cir. 1973). [9] For example, if the promoters’ efforts are limited primarily to hyping the meme coin on social media and online forums and getting the coin listed on crypto trading platforms, then there are not likely to be sufficient indicia to establish that purchasers had a reasonable expectation of profits based on the efforts of the promoters.",False
8cba6f0ae0f100c0,https://www.sec.gov/about/crypto-task-force/cryptosec,SEC.gov | Crypto@SEC,09/04/25,2025-09-04 00:00:00+00,"Paul S. Atkins, Chairman",Statement on the Spring 2025 Regulatory Agenda,https://www.sec.gov/newsroom/speeches-statements/atkins-2025-regulatory-agenda-090425,"The Spring 2025 Unified Agenda of Regulatory and Deregulatory Actions covers potential rule proposals related to the offer and sale of crypto assets to help clarify the regulatory framework for crypto assets and provide greater certainty to the market. A key priority of my Chairmanship is clear rules of the road for the issuance, custody, and trading of crypto assets while continuing to discourage bad actors from violating the law.",2f0cf2b221183223,True,2025-09-23 14:39:58.562393+00,2025-10-03 17:59:57.69141+00,,"# Statement on the Spring 2025 Regulatory Agenda
> Statement on the Spring 2025 Regulatory Agenda Chairman Paul S. Atkins September 4, 2025

## More in this Section
More in this Section Newsroom Press Releases Speeches & Statements Meetings & Events SEC Videos Social Media Directory What's New Newsroom Press Releases Speeches & Statements Meetings & Events SEC Videos Social Media Directory What's New Home Newsroom Speeches and Statements Statement on the Spring 2025 Regulatory Agenda Statement Statement on the Spring 2025 Regulatory Agenda Paul S. Atkins, Chairman Washington D.C. Sept. 4, 2025 Today, the Office of Information and Regulatory Affairs released the Spring 2025 Unified Agenda of Regulatory and Deregulatory Actions . This regulatory agenda reflects that it is a new day at the Securities and Exchange Commission. The items on the agenda represent the Commission's renewed focus on supporting innovation, capital formation, market efficiency, and investor protection. The agenda covers potential rule proposals related to the offer and sale of crypto assets to help clarify the regulatory framework for crypto assets and provide greater certainty to the market. A key priority of my Chairmanship is clear rules of the road for the issuance, custody, and trading of crypto assets while continuing to discourage bad actors from violating the law. It also covers a number of envisioned deregulatory rule proposals to reduce compliance burdens and facilitate capital formation, including by simplifying pathways for raising capital and investor access to private businesses. It discusses amending existing rules to improve and modernize them as well as address disclosure burdens. In addition, it considers recommending that the Commission invite public comment regarding rethinking the Consolidated Audit Trail (CAT), especially in the wake of a recent decision by the U.S. Court of Appeals for the Eleventh Circuit. Market participants and Congress have rightly pushed back on CAT’s seemingly endless cost increases and the risks of storing so much sensitive data together. Importantly, the agenda reflects our withdrawal of a host of items from the last Administration that do not align with the goal that regulation should be smart, effective, and appropriately tailored within the confines of our statutory authority.",False
941a4d2f57fbe6f4,https://www.sec.gov/about/crypto-task-force/cryptosec,SEC.gov | Crypto@SEC,07/01/25,2025-07-01 00:00:00+00,Division of Corporation Finance,Statement on Crypto Asset Exchange-Traded Products,https://www.sec.gov/newsroom/speeches-statements/cf-crypto-asset-exchange-traded-products-070125,"As part of an effort to provide greater clarity on the application of the federal securities laws to crypto assets, the Division of Corporation Finance is providing its views on the application of certain disclosure requirements under the federal securities laws to offerings and registrations of securities by issuers of crypto asset exchange-traded products.",604c20c44e9d5ed1,True,2025-09-23 14:39:58.562393+00,2025-10-03 17:59:58.057356+00,,"# Crypto Asset Exchange-Traded Products
> Statement on Crypto Asset Exchange-Traded Products Division of Corporation Finance July 1, 2025

## More in this Section
More in this Section Newsroom Press Releases Speeches & Statements Meetings & Events SEC Videos Social Media Directory What's New Newsroom Press Releases Speeches & Statements Meetings & Events SEC Videos Social Media Directory What's New Home Newsroom Speeches and Statements Crypto Asset Exchange-Traded Products Statement Crypto Asset Exchange-Traded Products Division of Corporation Finance Washington D.C. July 1, 2025 As part of an effort to provide greater clarity on the application of the federal securities laws to crypto assets, [1] the Division of Corporation Finance is providing its views [2] on the application of certain disclosure requirements under the federal securities laws to offerings and registrations of securities by issuers of crypto asset exchange-traded products (“crypto asset ETPs”). Crypto asset ETPs are investment products that are listed and traded on national securities exchanges. They are typically structured as trusts that hold assets which consist of spot crypto assets or derivative instruments that reference crypto assets. These trusts are issuers of securities who must register their offerings and classes of securities under the Securities Act of 1933 (“Securities Act”) and Securities Exchange Act of 1934 (“Exchange Act”), respectively. Issuers of crypto asset ETPs [3] are also subject to the anti-fraud provisions of the federal securities laws. However, the crypto asset ETPs addressed in this statement are not registered as investment companies under the Investment Company Act of 1940. [4] The disclosures required in connection with offerings and registrations under the Securities Act and the Exchange Act protect investors, facilitate capital formation, and promote fair, orderly, and efficient markets. In recent years, issuers have registered offerings of crypto asset ETPs under the Securities Act and registered classes of these securities under the Exchange Act. This statement reflects our observations regarding disclosure practices in our reviews of crypto asset ETP filings. It also addresses our views about certain specific questions that market participants have presented to the staff. While disclosures should be based on an issuer’s specific facts and circumstances, we believe that issuers may benefit from the identification of common issues we have observed during our reviews. This statement addresses our views about certain disclosure requirements set forth in Regulation S-K and Regulation S-X as they apply to Securities Act registration forms (such as Form S-1). This statement does not address all material disclosure items, and the disclosure topics addressed below may not be relevant for all issuers. Each issuer should consider its own facts and circumstances when preparing its disclosures. Each issuer also should consider whether it is permitted to provide “scaled disclosure” with respect to any applicable disclosure requirements. [5] Moreover, issuers should note that disclosure is not required where a particular disclosure requirement is not applicable. [6]

## Cover Page
Cover Page SEC rules require issuers to provide information on the outside front cover page of the prospectus related to the offering, including the offering price of the securities, the nature of any underwriting arrangements and the name(s) of the underwriter(s). [7] Crypto asset ETPs are required to disclose on the cover page the initial offering price of the securities. We have observed cover page disclosure identifying the initial authorized participant (“AP”) [8] or the initial purchaser as a statutory underwriter. Prospectus Summary SEC rules require issuers to provide a summary in plain English of the information in the prospectus where the length or complexity of the prospectus makes a summary useful. [9] In this summary, we have observed issuers that have identified those aspects of the offering that are the most significant and highlighted those points in clear, plain language, avoiding merely repeating the text of the prospectus. [10] Examples of disclosure we have observed in the prospectus summary include: An overview of the trust, including a clear description of the investment objective of the trust and the tracking index or benchmark it plans to reference; A description of the underlying crypto asset(s) and the associated network(s); The issuer’s policies regarding the management of the underlying crypto asset(s), including any limitations on how they are held or used; The issuer’s policies regarding any incidental rights associated with the underlying crypto assets(s), including forks, airdrops, or similar events; and That the amount of underlying crypto assets per share held by the trust will decline over time as the crypto assets are sold to pay the trust’s fees and expenses. Risk Factors SEC rules require a discussion of the material factors that make an investment in the issuer and product speculative or risky. [11] The content and scope of an issuer’s risk disclosure will depend on the nature of the security, the issuer’s business, the underlying crypto asset(s), the tracking index or benchmark, and, if material, may include factors such as the characteristics of the security, limited rights of holders, insurance coverage, valuation and liquidity risks, technological risks, cybersecurity risks, and legal, regulatory and tax risks. Discussion of risks that could apply generically to any issuer is discouraged. [12] The following are examples of risks that have been disclosed: Risks related to the underlying crypto asset(s) and crypto asset markets that pose a risk of investor losses, including price volatility, theft of private keys and other hacking incidents, and the risk of price volatility from other parts of the crypto asset markets; Risks of fraud, manipulation, front-running, wash-trading, security failures or operational problems on crypto asset trading platforms; Risks of attacks on the associated network(s) by malicious actors; Risks of concentration of ownership in the underlying crypto asset(s); Risks from loss of incentives for miners and validators of the underlying crypto asset(s); Risks from other competing products that have already entered the market or that charge lower fees; and Risks from APs and other service providers or counterparties providing services for competitors. Description of Business The Trust, Crypto Asset Prices, and Calculation of NAV SEC rules require issuers to provide a narrative description of the material aspects of their business. [13] Crypto asset ETPs generally provide disclosure regarding the trust’s assets, including the characteristics of the underlying crypto asset(s), and describe the applicable index or benchmark methodology, as well as the methodology to calculate net asset value (“NAV”). [14] Disclosure should be presented in clear, concise, and understandable language, without overly relying on technical terminology or jargon. [15] For example, to the extent applicable, we have observed disclosure that: Underlying Crypto Asset(s) and Associated Network(s) Provides material information about the underlying crypto asset(s) and associated network(s), including information about the launch of the crypto asset(s) and the initial development team, the method of generating, minting or mining the crypto asset(s), the process for staking, locking and burning the crypto asset(s), the process for validating transactions, the consensus mechanism, use cases, and any fees associated with use of the crypto network(s) or applications; Includes a discussion regarding the total supply of the underlying crypto asset(s) covering the amounts outstanding, issued and burned, the market capitalization for the crypto asset(s), whether there is a cap on supply and what the minting and burning schedule is, as well as material events impacting the supply of the crypto asset(s), such as halving events, modifications to the protocol, and any recent or planned forks; and Describes the spot and/or futures markets for the underlying crypto asset(s), including how those markets are regulated. Index or Benchmark Identifies and provides tabular disclosure for each constituent trading platform used to calculate the index or benchmark price, including market share and volume information; Describes how the constituent trading platforms are selected and how the index or benchmark price is calculated; Includes the composition and operation of any oversight committee; and Specifies whether the sponsor has discretion to select a different index or benchmark and discusses whether and how the sponsor will notify investors of material changes to the index or benchmark. Calculation of NAV Describes the methodology the trust will use to calculate NAV and the policies and procedures if the index or benchmark is unavailable or the sponsor elects not to rely on it; If the methodology used to calculate NAV differs from the methodology used to determine the fair value of crypto asset holdings for GAAP purposes, provides a discussion of the differences between the two methodologies; and Discloses whether the sponsor has agreements with any third parties for use of their valuation methodologies and whether the sponsor has a license to use a secondary index or benchmark. The Trust’s Service Providers, Custody of the Trust’s Assets, and Fees and Expenses SEC rules require disclosure of information material to an understanding of the issuer’s business, [16] which may include the extent to which the issuer’s business is materially reliant on third parties. Issuers generally rely on the services of a sponsor and several third-party service providers, including one or more crypto asset custodians. Issuers generally pay a fee to the sponsor of the trust that typically covers the issuer’s operating expenses. Issuers generally disclose the various fees and expenses payable to the sponsor and third-party service providers. Additionally, issuers are required to file as exhibits to the registration statement material contracts not made in the ordinary course of their business, or in the case of ordinary course contracts, those on which they are substantially dependent, except where immaterial in amount or significance. [17] In this regard, we have observed issuers providing the following to the extent applicable: The Trust’s Service Providers Identifying the APs, describing the material terms of the AP agreement, and filing the agreement as an exhibit to the registration statement; Identifying any counterparties contracted to assist in the purchase and sale of the underlying crypto asset(s), describing the material terms of any agreement with such parties, disclosing the extent of any affiliations or material relationships between the counterparties and the APs, discussing the criteria for engaging the counterparties, and filing any material agreements as exhibits to the registration statement; and To the extent the trust has an agreement with a counterparty to provide financing for purchases and sales of the underlying crypto asset(s), disclosing the material terms of that arrangement, including the rate of interest, describing the mechanics of financing in connection with creation and redemption orders, and filing any material agreements as exhibits to the registration statement. Custody of the Trust’s Assets Identifying and describing the material terms of their agreement(s) with the custodian(s); Storage policies for private keys, including the use of cold, warm or hot storage, whether the issuer’s crypto assets are commingled or held in wallets with assets of other customers, and how transfers of crypto assets from cold, warm or hot storage occur; Who will have access to the private key information and whether any entity will be responsible for verifying the existence of the crypto assets; and Whether and to what extent the custodian carries insurance for any losses of the crypto asset(s) that it custodies for the issuer and to what extent insurance coverage is shared among the custodian’s customers and not specific to the issuer. Fees and Expenses How the sponsor fee is calculated, which fees and expenses are assumed by the sponsor, and which fees are capped or otherwise not assumed by the sponsor; The fee arrangements with third parties, including transaction fees and other expenses; and Any arrangements for the sponsor fee or other fees to be paid using the trust’s underlying crypto asset holdings. Description of Securities SEC rules require a description of the issuer’s securities. [18] In describing the securities offered by the trust, issuers are required to disclose the circumstances under which shareholders have voting rights. [19] Examples of disclosure we have observed in this context include the following: Any limitations or restrictions on voting rights; Whether the rights of holders may be modified other than by a vote of a majority or more of the shares outstanding; and How shareholders will be notified of material amendments to or termination of the trust agreement. Plan of Distribution SEC rules require disclosure of the plan of distribution of securities offered and sold in a registered offering. [20] Additionally, issuers conducting delayed or continuous offerings under Securities Act Rule 415 undertake to include in a post-effective amendment to the registration statement material information with respect to the plan of distribution not previously disclosed or any material change to that information included in the effective registration statement. [21] Among other information, issuers have provided the following information regarding the plan of distribution: The mechanics of the creation and redemption process between the trust, the APs, the custodian(s), and any other third-party service providers, whether and to what extent creation and redemption orders will be settled onchain or offchain, and any risks associated with the settlement process; The potential impact on the arbitrage mechanism from price volatility, trading volume, and price differentials across crypto asset trading platforms, and in the event crypto asset trading platforms are closed or otherwise unavailable; and Whether and under what circumstances the sponsor may suspend creation and redemption orders and how the trust will notify shareholders if it has suspended creation and redemption orders. Directors, Executive Officers, and Significant Employees Management SEC rules require disclosure of information relating to the identity and experience of those entrusted with the management of the issuer, including executive officers, directors, and certain significant employees who make (or are expected to make) a significant contribution to the issuer’s business. [22] SEC rules also require such disclosure for persons who do not hold formal titles or positions as executive officers or directors but who perform policy-making functions typically performed by executive officers or perform similar functions as directors. [23] Crypto asset ETPs typically have a sponsor whose directors and executive officers perform functions similar to a board of directors and executive officers for the trust. To the extent that a sponsor performs policy-making functions, disclosure has been provided with respect to the directors, executive officers, or other employees of the sponsor performing such functions. Although disclosure regarding executive compensation of the issuer would not be applicable in this situation, [24] we have observed disclosure of the fees paid to the sponsor or third party for performing such functions, as discussed in “The Trust’s Service Providers, Custody of the Trust’s Assets, and Fees and Expenses” above. [25] Conflicts of Interest SEC rules require disclosure of material information about transactions with related persons and policies and procedures related to the review, approval, or ratification of transactions with related persons. [26] Issuers have disclosed existing and potential conflicts of interest between the sponsor and its affiliates and the trust, including the following: Whether the sponsor or any insiders hold the underlying crypto asset(s) or have crypto asset-related exposure that could create conflicts of interest; Whether the trust has a code of conduct or other requirements for pre-clearance of transactions in the underlying crypto asset(s) that apply to its employees, the sponsor, or any of its affiliates; and The sponsor’s experience sponsoring other exchange-traded products and its specific experience in crypto asset markets. Financial Statements We have observed that some issuers are organized as statutory trusts or limited partnerships that are registering the offer and sale of beneficial units or limited partnership interests in multiple series. In these instances, for purposes of SEC reporting, the staff has taken the position that the trust or partnership should be treated as the sole registrant, not the individual series. [27] However, the staff has also taken the position that in addition to providing financial statements of the trust or partnership, issuers should provide separate financial statements of each individual series. Issuers have separately provided, prepared, or evaluated, as applicable, the following for the sole registrant and for each series: Separate financial statements and audit reports; Separate interim financial statements; and Separate assessments of materiality for Regulation S-K and Regulation S-X purposes, including Regulation S-X Rules 3-05, 3-09 and 4-08. Filing Fee Tables Issuers electing to register the offering of an indeterminate number of exchange-traded vehicle securities [28] in reliance on Securities Act Rules 456(d) and 457(u) should be aware that the EDGAR fee tag for “Type of payment” is “2” and the EDGAR “Security type” is “Exchange-Traded Vehicle Securities.” Failure to include these tags may prevent the issuer from being able to file a form of prospectus under Securities Act Rule 424(i) and pay its registration fee not later than 90 days after the end of any fiscal year during which it has publicly offered securities. Contacting the Division The Division welcomes questions about the application of the SEC’s disclosure rules to offerings and registrations of crypto asset ETPs, as well as any ongoing reporting obligations. We also welcome requests for other assistance (including requests for interpretive or no-action letters) relating to these issues and questions. Information about how to contact the Division is available on our website. [29] [1] For purposes of this statement, a “crypto asset” is an asset that is generated, issued, and/or transferred using a blockchain or similar distributed ledger technology network (“crypto network”), including, but not limited to, assets known as “tokens,” “digital assets,” “virtual currencies,” and “coins,” and that relies on cryptographic protocols. References in this statement to “network” refer to a crypto network, and references to “application” refer to an application running on such a crypto network. [2] This statement represents the views of the staff of the Division of Corporation Finance (the “Division”). It is not a rule, regulation, exemption, guidance, or statement of the U.S. Securities and Exchange Commission (“Commission” or “SEC”), and the Commission has neither approved nor disapproved its content. This statement, like all staff statements, has no legal force or effect: it does not alter or amend applicable law, and it creates no new or additional obligations for any person. [3] For brevity, we refer to crypto asset ETP issuers as “issuers” in this statement. [4] As a result, these crypto asset ETPs are not subject to the requirements of the Investment Company Act of 1940, such as the legal requirements related to valuation and custody of fund assets. [5] Scaled disclosure refers to disclosure accommodations that the federal securities laws sometimes provide for smaller or newly public companies, such as smaller reporting companies, non-accelerated filers, or emerging growth companies. These accommodations apply to a qualifying company’s registered offerings and its ongoing public company reporting. Scaled disclosure permits these companies to provide less extensive disclosure than other companies. [6] See, e.g ., Rule 404(c) under the Securities Act and General Instruction II.B. of Form S-1. For example, disclosure regarding properties only is required where issuers have material physical properties. See Item 102 of Regulation S-K. [7] See Item 501(b) of Regulation S-K. [8] APs are financial intermediaries that provide liquidity for crypto asset ETPs by facilitating the creation and redemption of shares (often referred to as creation and redemption units or creation and redemption baskets). APs place orders to create and redeem baskets. [9] See Item 503 of Regulation S-K. [10] See Instruction to paragraph 503(a) of Item 503 of Regulation S-K. [11] See Item 105 of Regulation S-K. [12] Id . [13] See Item 101 of Regulation S-K. [14] NAV of a crypto asset ETP is the trust's total assets minus its total liabilities. [15] See Securities Act Rule 421(b). [16] See, e.g. , Items 101(c) and 101(h) of Regulation S-K. [17] See Item 601(b)(10) of Regulation S-K. [18] See Item 202 of Regulation S-K. [19] See Item 202(d) of Regulation S-K. [20] See Item 508 of Regulation S-K. [21] See Securities Act Rule 415(a)(3); Item 512(a)(1) of Regulation S-K; and Part II, Item 17 to Form S-1 and Part II, Item 17 to Form S-3. [22] See Item 401 of Regulation S-K. [23] See Securities Act Rule 405. Disclosure is not required where a particular disclosure requirement is not applicable, or the issuer otherwise does not have responsive information. For example, crypto asset ETPs do not have a board of directors and, therefore, do not provide disclosure regarding members of a board of directors. [24] See Item 402 of Regulation S-K. [25] See Item 404 of Regulation S-K. [26] See Item 404 of Regulation S-K. [27] See Securities Act Sections Compliance and Disclosure Interpretations, Question 104.01. Compliance and disclosure interpretations reflect the views of the staff of the Division of Corporation Finance. They are not rules, regulations, or statements of the Commission. The Commission has neither approved nor disapproved these interpretations. [28] See Securities Act Rule 405. [29] See https://www.sec.gov/about/divisions-offices/division-corporation-finance/division-corporation-finance-contact-us .",False
991ee4ec73d2552d,https://www.sec.gov/about/crypto-task-force/cryptosec,SEC.gov | Crypto@SEC,09/02/25,2025-09-02 00:00:00+00,Staff of SEC and CFTC,SEC-CFTC Joint Staff Statement (Project Crypto-Crypto Sprint),https://www.sec.gov/newsroom/speeches-statements/sec-cftc-project-crypto-090225,The SEC’s Division of Trading and Markets and the CFTC’s Division of Market Oversight and Division of Clearing and Risk are announcing a cross-agency initiative in furtherance of the SEC’s Project Crypto and the CFTC’s Crypto Sprint to coordinate efforts regarding the process for enabling the trading of certain spot crypto asset products.,3805b45df30eda59,True,2025-09-23 14:39:58.562393+00,2025-10-03 17:59:57.805283+00,,"# SEC-CFTC Joint Staff Statement (Project Crypto-Crypto Sprint)
> Project Crypto-Crypto Sprint SEC-CFTC Joint Staff Statement September 2, 2025

## More in this Section
More in this Section Newsroom Press Releases Speeches & Statements Meetings & Events SEC Videos Social Media Directory What's New Newsroom Press Releases Speeches & Statements Meetings & Events SEC Videos Social Media Directory What's New Home Newsroom Speeches and Statements SEC-CFTC Joint Staff Statement (Project Crypto-Crypto Sprint) Statement SEC-CFTC Joint Staff Statement (Project Crypto-Crypto Sprint) Staff of SEC and CFTC Washington D.C. Sept. 2, 2025

## Introduction
Introduction The SEC’s Division of Trading and Markets and the CFTC’s Division of Market Oversight and Division of Clearing and Risk (collectively, the “Divisions”) [1] are announcing a cross-agency initiative in furtherance of the SEC’s Project Crypto and the CFTC’s Crypto Sprint to coordinate efforts regarding the process for enabling the trading of certain spot crypto asset products. The President’s Working Group on Digital Asset Markets report on “Strengthening American Leadership in Digital Financial Technology” (the “PWG Report”) recommends that the SEC and CFTC coordinate to make America the best place in the world to innovate with blockchain technology and participate in crypto asset markets. [2] Specifically, the PWG Report recommends that the agencies should use their existing authorities to promote “regulatory clarity that best keeps blockchain-based innovation within the United States.” As part of this effort, the Divisions are coordinating to issue guidance “regarding the listing of leveraged, margined, or financed spot retail commodity transactions on digital assets” to implement the PWG Report recommendations. This joint statement provides the Divisions’ view that current law does not prohibit SEC- or CFTC-registered exchanges from facilitating trading of these spot crypto asset products. As contemplated by the PWG Report, the Divisions’ coordination will promote trading venue choice and optionality for market participants within the United States. In line with these goals, the Divisions stand ready to support consideration by their respective agencies of exchange trading in certain spot crypto asset products.

## Spot Commodity Products
Spot Commodity Products Absent an exception or other appropriate relief, the Commodity Exchange Act (CEA) requires that certain leveraged, margined, or financed “retail commodity transactions” [3] be conducted on a CFTC-registered designated contract market (DCM) or on a CFTC-registered foreign board of trade (FBOT). [4] One such exception is for retail commodity transactions listed on an SEC-registered national securities exchange (NSE). [5] Today, the Divisions provide their view that DCMs, FBOTs, and NSEs are not prohibited from facilitating the trading of certain spot crypto asset products. Market participants are invited to engage with SEC staff or CFTC staff, as needed.

## Considerations for Market Participants
Considerations for Market Participants The Divisions will promptly review filings and requests by DCMs, FBOTs, and NSEs seeking to facilitate trading of certain spot crypto asset products. As market participants prepare to submit any necessary registrations, proposals, or requests for appropriate relief to the SEC and/or CFTC, the Divisions stand ready to engage regarding any questions. The following considerations are relevant to market participants seeking to operate markets and trade spot crypto asset products: Margin, Clearing, and Settlement : In the Divisions’ view, applicable rules permit clearinghouses to partner with a custodian to maintain customer accounts. The SEC’s Division of Trading and Markets stands ready to address questions from SEC-registered clearing agencies that wish to participate. The CFTC’s Division of Clearing and Risk stands ready to address questions from CFTC-registered derivatives clearing organizations (DCOs). The Divisions stand ready to address any regulatory questions associated with commercial relationships between DCOs and NSEs. Monitoring of Underlying Markets : In the Divisions’ view, sharing of reference pricing venues by NSEs, DCMs, and FBOTs enhances effective market surveillance. The Divisions stand ready to assist with any questions that arise related to effective information sharing. Public Dissemination of Trade Data : In the Divisions’ view, public dissemination of transactions by NSEs and DCMs provides the public with valuable data. The Divisions stand ready to consider any questions that arise about making spot crypto asset market data from NSEs and DCMs publicly available. Promoting Fair and Orderly Markets : In the Divisions’ view, efficient executions and transparency promote trading opportunities and competition among market participants. The Divisions are prepared to engage with trading venues about applying fair and orderly market principles as they seek to operate markets for participants to trade spot crypto asset products. Innovation with Investor and Customer Protections : The Divisions stand ready to work with market participants to encourage technological innovations in markets and trading while ensuring investor and customer protections.

## Division Contacts
Division Contacts For further information regarding this joint initiative, please contact the respective offices of each Division below: SEC Division of Trading and Markets, (202) 551-5777, tradingandmarkets@sec.gov CFTC Division of Market Oversight, (202) 418-5000, DMOLetters@CFTC.gov CFTC Division of Clearing and Risk, (202) 418-5430, DCR@CFTC.gov [1] This statement represents the views of the staff of the Divisions. It is not a rule, regulation, guidance, or statement of the SEC or the CFTC, and the SEC and the CFTC have neither approved nor disapproved its content. This statement, like all staff statements, has no legal force or effect: it does not alter or amend applicable law, and it creates no new or additional obligations for any person. [2] President’s Working Group on Digital Asset Markets, Strengthening American Leadership in Digital Financial Technology (July 30, 2025), available at: https://whitehouse.gov/wp-content/uploads/2025/07/Digital-Assets-Report-EO14178.pdf . [3] A “retail commodity transaction” is any agreement, contract, or transaction in any commodity that is entered into with, or offered to (even if not entered with), a person that is not an eligible contract participant or eligible commercial entity; and entered into, or offered (even if not entered with), on a leveraged or margined basis, or financed by the offeror, the counterparty, or a person acting in concert with the offeror or counterparty on a similar basis. 7 U.S.C. § 2(c)(2)(D)(i)(I)-(II). [4] 7 U.S.C. § 2(c)(2)(D)(iii). [5] 7 U.S.C. § 2(c)(2)(D)(ii)(IV).",False
aa26a9321f8e1ec5,https://www.sec.gov/about/crypto-task-force/cryptosec,SEC.gov | Crypto@SEC,05/15/25,2025-05-15 00:00:00+00,Division of Trading and Markets,Withdrawal of Joint Staff Statement on Broker-Dealer Custody of Digital Asset Securities,https://www.sec.gov/newsroom/speeches-statements/withdrawal-joint-staff-statement-broker-dealer-custody-digital-asset-securities,The SEC’s Division of Trading and Markets and FINRA’s Office of General Counsel have withdrawn the 2019 joint staff statement on broker-dealer custody of digital asset securities.,69bbb736b0f4c081,True,2025-09-23 14:39:58.562393+00,2025-10-03 17:59:58.415766+00,,"# Withdrawal of Joint Staff Statement on Broker-Dealer Custody of Digital Asset Securities
> Withdrawal of Joint Staff Statement on Broker-Dealer Custody of Digital Asset Securities Division of Trading and Markets, U.S. Securities and Exchange Commission Office of General Counsel, Financial Industry Regulatory Authority, Inc. May 15, 2025

## More in this Section
More in this Section Newsroom Press Releases Speeches & Statements Meetings & Events SEC Videos Social Media Directory What's New Newsroom Press Releases Speeches & Statements Meetings & Events SEC Videos Social Media Directory What's New Home Newsroom Speeches and Statements Withdrawal of Joint Staff Statement on Broker-Dealer Custody of Digital Asset Securities Statement Withdrawal of Joint Staff Statement on Broker-Dealer Custody of Digital Asset Securities Division of Trading and Markets, U.S. Securities and Exchange Commission [1] Office of General Counsel, Financial Industry Regulatory Authority, Inc. Washington D.C. May 15, 2025 On July 8, 2019, the staffs of the Division of Trading and Markets (“Division”) and the Office of General Counsel of the Financial Industry Regulatory Authority, Inc. (“FINRA”) issued a joint statement regarding broker-dealer custody of digital asset securities. [2] The staffs of the Division and the FINRA are withdrawing, effective immediately, the Joint Staff Statement. To contact Commission staff for assistance, please visit the Commission’s Crypto Task Force webpage or contact Michael Macchiaroli, Associate Director, at (202) 551-5525, or Raymond Lombardo, Assistant Director, at (202) 551-5755. To contact FINRA staff for assistance, please visit FINRA’s Crypto Assets webpage or contact Tom Kimbrell, Associate General Counsel, at (202) 728-6926. [1] This statement represents the views of the staff of the Division of Trading and Markets. It is not a rule, regulation, or statement of the U.S. Securities and Exchange Commission (“Commission” or “SEC”), and the Commission has neither approved nor disapproved its content. This statement, like all staff statements, has no legal force or effect: it does not alter or amend applicable law, and it creates no new or additional obligations for any person. [2] See Joint Staff Statement on Broker-Dealer Custody of Digital Asset Securities, Division of Trading and Markets, U.S. Securities and Exchange Commission and Office of General Counsel, Financial Industry Regulatory Authority (Jul. 8, 2019) (hereinafter, “Joint Staff Statement”) (available at SEC.gov | Joint Staff Statement on Broker-Dealer Custody of Digital Asset Securities ).",False
ad476ea40d52ac3d,https://www.sec.gov/about/crypto-task-force/cryptosec,SEC.gov | Crypto@SEC,09/30/25,2025-09-30 00:00:00+00,Division of Investment Management,No Action Letter- Simpson Thacher & Bartlett LLP (Incoming Letter),https://www.sec.gov/rules-regulations/no-action-interpretive-exemptive-letters/division-investment-management-staff-no-action-interpretive-letters/simpsonthacherbartlett093025,"Based upon the incoming letter, under certain circumstances the Division of Investment Management would not recommend enforcement action to the Commission under the Custody Provisions against a Registered Adviser or Regulated Fund for treating a State Trust Company as a “bank” with respect to the placement and maintenance of Crypto Assets and Related Cash and/or Cash Equivalents.",8f830a7c0ddeee29,True,2025-10-03 13:52:33.785283+00,2025-10-03 17:59:34.846942+00,,"# Simpson Thacher & Bartlett LLP

## More in this Section
More in this Section Rules & Regulations Rulemaking Activity Statutes and Regulations Staff Guidance No Action, Interpretive and Exemptive Letters Division of Corporation Finance No-Action, Interpretive and Exemptive Letters Division of Investment Management Staff No-Action and Interpretive Letters Division of Trading and Markets No-Action, Exemptive, and Interpretive Letters Commission Orders and Notices Shareholder Proposals Self-Regulatory Organization Rulemaking Policy Statements Petitions for Rulemaking Fee Rate Advisories Public Company Accounting Oversight Board Rulemaking Exchange Delistings How to Submit a Comment Rules & Regulations Rulemaking Activity Statutes and Regulations Staff Guidance No Action, Interpretive and Exemptive Letters Division of Corporation Finance No-Action, Interpretive and Exemptive Letters Division of Investment Management Staff No-Action and Interpretive Letters Division of Trading and Markets No-Action, Exemptive, and Interpretive Letters Commission Orders and Notices Shareholder Proposals Self-Regulatory Organization Rulemaking Policy Statements Petitions for Rulemaking Fee Rate Advisories Public Company Accounting Oversight Board Rulemaking Exchange Delistings How to Submit a Comment Home Rules and Regulations No Action, Interpretive and Exemptive Letters Division of Investment Management Staff No-Action and Interpretive Letters Simpson Thacher & Bartlett LLP Simpson Thacher & Bartlett LLP Sept. 30, 2025 Sections 17(f) and 26(a) of the Investment Company Act of 1940 and rules thereunder Section 206(4) of the Investment Advisers Act of 1940 and Rule 206(4)-2 thereunder September 30, 2025

## RESPONSE OF THE OFFICE OF CHIEF COUNSEL DIVISION OF INVESTMENT MANAGEMENT
RESPONSE OF THE OFFICE OF CHIEF COUNSEL DIVISION OF INVESTMENT MANAGEMENT Your letter dated September 30, 2025 requests our assurance that we would not recommend enforcement action to the Securities and Exchange Commission (the “Commission”) under (i) Section 206(4) of the Investment Advisers Act of 1940, as amended (the “Advisers Act”), and Rule 206(4)-2 thereunder or (ii) Sections 17(f) and 26(a) of the Investment Company Act of 1940, as amended (the “1940 Act”), and the rules thereunder (such statutory provisions and rules in clauses (i) and (ii) of this sentence, the “Custody Provisions”) against investment advisers registered under the Advisers Act (the “Registered Advisers”) or issuers registered as investment companies under the 1940 Act, or that have elected to be regulated as business development companies under the 1940 Act (such issuers, collectively, the “Regulated Funds”), respectively, for treating a State Trust Company [1] as a “bank,” as defined in the Advisers Act and the 1940 Act (and, therefore, an institution permitted to custody assets), with respect to the placement and maintenance of Crypto Assets [2] and cash and/or cash equivalents reasonably necessary to effect transactions in Crypto Assets (“Related Cash and/or Cash Equivalents”). ANALYSIS Sections 17(f) and 26(a) of the 1940 Act and the rules thereunder generally provide that Registered Funds must place and maintain securities and similar investments with certain specified custodians, which include most banks [3] as defined in Section 2(a)(5) of the 1940 Act. [4] Similarly, among other things, Rule 206(4)-2 under the Advisers Act requires that any Registered Adviser that has custody of client funds or securities maintain those funds and securities with a qualified custodian, where “qualified custodian” is defined to include “a bank as defined in Section 202(a)(2) of the Advisers Act.” Under both statutes, the term “bank” is defined to include, among other things, a “banking institution” or “trust company” “whether incorporated or not, doing business under the laws of any State or of the United States, a substantial portion of the business of which consists of receiving deposits or exercising fiduciary powers similar to those permitted to national banks under the authority of the Comptroller of the Currency,” and which is “supervised and examined by State or Federal authority” having supervision over banks, and which is “not operated for the purpose of evading the provisions” of the 1940 Act or Advisers Act, as applicable. [5] You represent that the definition of “bank” presents uncertainty as to whether a “substantial portion” of a given State Trust Company’s business consists of receiving deposits or exercising “fiduciary powers similar to those permitted to national banks under the authority of the [OCC]” and inherently involves a facts and circumstances analysis. You further represent that State Trust Companies are critical providers of custody services for Crypto Assets and Related Cash and/or Cash Equivalents and that demand for Crypto Asset investment strategies has grown considerably over the last decade. In support of your contention, you state that State Trust Companies that provide Crypto Asset custody services have implemented sophisticated controls to ensure safekeeping of Crypto Assets, which typically include, among others: (i) so-called “deep” cold storage of Crypto Assets; (ii) third-party annual audits of financial statements; (iii) third-party reports regarding financial, governance, and information technology processes and controls, including system and organization controls reports ( e.g. , SOC-1 and/or SOC-2 reports); (iv) cybersecurity, physical security, and business continuity policies and procedures; (v) complex encryption protocols and Crypto Assets movement verification controls; and (vi) policies and procedures concerning private key generation and storage. You also represent that these controls have been developed within state regulatory frameworks that generally include: (i) eligibility requirements for licensing and comprehensive reviews of licensing applications; (ii) ongoing supervision and periodic examination by a state authority having supervision over banks (each, a “State Banking Authority”); (iii) minimum capital requirements; (iv) restrictions on activities and balance sheet investments; (v) periodic reporting requirements as to its financial condition and/or business operations; (vi) comprehensive recordkeeping requirements; and (vii) supervision by State Banking Authorities having authority to bring enforcement proceedings for non-compliance with minimum financial conditions and other regulatory requirements. Based upon the facts and representations set forth in your letter, the Division of Investment Management (the “Division”) would not recommend enforcement action to the Commission under the Custody Provisions against a Registered Adviser or Regulated Fund for treating a State Trust Company as a “bank” with respect to the placement and maintenance of Crypto Assets and Related Cash and/or Cash Equivalents, provided that: Prior to engaging the State Trust Company and on an annual basis, the Registered Adviser or Regulated Fund, as applicable, has a reasonable basis, after due inquiry, for believing that: the State Trust Company is authorized by the relevant State Banking Authority to provide custody services for Crypto Assets and Related Cash and/or Cash Equivalents; and the State Trust Company maintains and implements written internal policies and procedures reasonably designed to safeguard Crypto Assets and Related Cash and/or Cash Equivalents from the risk of theft, loss, misuse, and misappropriation, with such policies and procedures addressing, among other topics, private key management and cybersecurity. In making such a determination, the Registered Adviser or Regulated Fund: receives and reviews the State Trust Company’s most recent annual financial statements and confirms that such financial statements have been subject to an audit by an independent public accountant and have been prepared in accordance with Generally Accepted Accounting Principles (GAAP); [6] and receives and reviews the State Trust Company’s most recent written internal control report prepared by an independent public accountant during the current or prior calendar year ( e.g ., SOC-1 report or SOC-2 report) and confirms that such internal control report contains an opinion of such independent public accountant that controls have been placed in operation as of a specific date and are suitably designed and are operating effectively to meet control objectives relating to custodial services, including the safeguarding of Crypto Assets and Related Cash and/or Cash Equivalents during the year; The Registered Adviser or Regulated Fund, as applicable, enters into, or causes an RIA Client [7] to enter into, as applicable, a written custodial services agreement with the State Trust Company, which provides that: the State Trust Company will not, directly or indirectly, lend, pledge, hypothecate, or rehypothecate any Crypto Assets (or Related Cash and/or Cash Equivalents) held in custody for the RIA Client or Regulated Fund, as applicable, without the prior written consent of the RIA Client or Regulated Fund, and then only for the account of such RIA Client or Regulated Fund; and all Crypto Assets (and Related Cash and/or Cash Equivalents) held in custody for the RIA Client or Regulated Fund, as applicable, will be segregated from the State Trust Company’s assets; The Registered Adviser discloses to its RIA Clients (in the case of a Registered Adviser) or the Regulated Fund discloses to the members of its board of directors or trustees (in the case of a Regulated Fund, as applicable) any material risks associated with using State Trust Companies as custodians of Crypto Assets (and Related Cash and/or Cash Equivalents); and The Registered Adviser (with respect to an RIA Client) or the Regulated Fund (and, as applicable, its board of directors or trustees), reasonably determines that the use of the State Trust Company’s custody services is in the best interest of the RIA Client or Regulated Fund and its shareholders, as applicable. Our letter provides our position on enforcement action only and does not provide any legal conclusions on the issues presented. For the avoidance of doubt, all requirements of the respective Custody Provisions continue to apply. [8] Because our position is based on all of the facts and representations made in your letter, you should note that any different facts or circumstances might require a different conclusion. This letter reflects the views of the staff of the Division. It is not a rule, regulation, or statement of the Commission, and the Commission has neither approved nor disapproved its content. This letter, like all staff statements, has no legal force or effect; it does not alter or amend applicable law, and it creates no new or additional obligations for any person. Taylor Evenson Senior Counsel [1] As used in this letter, the term “State Trust Company” refers to a legal entity organized under state law that is: (i) supervised and examined by a state authority having supervision over banks and (ii) permitted to exercise fiduciary powers under applicable state law. [2] As used in this letter, the term “Crypto Assets” refers to assets that are digital representations of value that are recorded on a cryptographically secured distributed ledger. For the avoidance of doubt, the no-action assurances provided in this letter are limited to Crypto Assets and Related Cash and/or Cash Equivalents. [3] To qualify as a custodian under Section 17(f), a bank must meet the qualifications of being a trustee for a unit investment trust: the possession of not less than $500,000 in aggregate capital, surplus, and undivided profits. See Sections 17(f)(1) and 26(a)(1) of the 1940 Act. [4] Section 59 of the 1940 Act provides that Section 17(f) applies to a business development company to the same extent as if it were a registered closed-end investment company. [5] Under both the 1940 Act and the Advisers Act, the definition of “bank” also includes, among other things, member banks of the Federal Reserve System, including, for example, a member national trust bank. For the avoidance of doubt, a Regulated Fund or Registered Adviser may custody Crypto Assets (or Related Cash and/or Cash Equivalents) with such banks. See generally Office of the Comptroller of the Currency (“OCC”) Interpretive Letter 1183 (Mar. 2025) (reaffirming that national banks may provide crypto-asset custody services under applicable statutory authority). [6] Alternatively, in the event that the State Trust Company’s financial statements are presented on a consolidated basis with its parent and other affiliates that have substantive activities, the Registered Adviser or Regulated Fund obtains a written certification or representation from the State Trust Company that the most recent annual financial statements of its parent have been subject to an audit by an independent public accountant and have been prepared in accordance with GAAP. The written certification or representation should include information regarding results of the audit. [7] Registered Advisers serve as investment advisers to a variety of clients, including Regulated Funds, natural persons, pooled investment vehicles that are private funds (as such term is defined in Section 202(a)(29) of the Advisers Act) or are otherwise not required to register as investment companies under the 1940 Act, corporations, foundations, trusts, and other types of individual and institutional accounts (such clients other than Regulated Funds, collectively, “RIA Clients”). [8] The Commission is considering rulemaking regarding the custodial requirements applicable to Registered Advisers or Registered Funds as to Crypto Assets. See generally Spring 2025 Unified Agenda of Regulatory and Deregulatory Actions, available at: https://www.reginfo.gov/public/do/eAgendaMain .

### ANALYSIS
ANALYSIS Sections 17(f) and 26(a) of the 1940 Act and the rules thereunder generally provide that Registered Funds must place and maintain securities and similar investments with certain specified custodians, which include most banks [3] as defined in Section 2(a)(5) of the 1940 Act. [4] Similarly, among other things, Rule 206(4)-2 under the Advisers Act requires that any Registered Adviser that has custody of client funds or securities maintain those funds and securities with a qualified custodian, where “qualified custodian” is defined to include “a bank as defined in Section 202(a)(2) of the Advisers Act.” Under both statutes, the term “bank” is defined to include, among other things, a “banking institution” or “trust company” “whether incorporated or not, doing business under the laws of any State or of the United States, a substantial portion of the business of which consists of receiving deposits or exercising fiduciary powers similar to those permitted to national banks under the authority of the Comptroller of the Currency,” and which is “supervised and examined by State or Federal authority” having supervision over banks, and which is “not operated for the purpose of evading the provisions” of the 1940 Act or Advisers Act, as applicable. [5] You represent that the definition of “bank” presents uncertainty as to whether a “substantial portion” of a given State Trust Company’s business consists of receiving deposits or exercising “fiduciary powers similar to those permitted to national banks under the authority of the [OCC]” and inherently involves a facts and circumstances analysis. You further represent that State Trust Companies are critical providers of custody services for Crypto Assets and Related Cash and/or Cash Equivalents and that demand for Crypto Asset investment strategies has grown considerably over the last decade. In support of your contention, you state that State Trust Companies that provide Crypto Asset custody services have implemented sophisticated controls to ensure safekeeping of Crypto Assets, which typically include, among others: (i) so-called “deep” cold storage of Crypto Assets; (ii) third-party annual audits of financial statements; (iii) third-party reports regarding financial, governance, and information technology processes and controls, including system and organization controls reports ( e.g. , SOC-1 and/or SOC-2 reports); (iv) cybersecurity, physical security, and business continuity policies and procedures; (v) complex encryption protocols and Crypto Assets movement verification controls; and (vi) policies and procedures concerning private key generation and storage. You also represent that these controls have been developed within state regulatory frameworks that generally include: (i) eligibility requirements for licensing and comprehensive reviews of licensing applications; (ii) ongoing supervision and periodic examination by a state authority having supervision over banks (each, a “State Banking Authority”); (iii) minimum capital requirements; (iv) restrictions on activities and balance sheet investments; (v) periodic reporting requirements as to its financial condition and/or business operations; (vi) comprehensive recordkeeping requirements; and (vii) supervision by State Banking Authorities having authority to bring enforcement proceedings for non-compliance with minimum financial conditions and other regulatory requirements. Based upon the facts and representations set forth in your letter, the Division of Investment Management (the “Division”) would not recommend enforcement action to the Commission under the Custody Provisions against a Registered Adviser or Regulated Fund for treating a State Trust Company as a “bank” with respect to the placement and maintenance of Crypto Assets and Related Cash and/or Cash Equivalents, provided that: Prior to engaging the State Trust Company and on an annual basis, the Registered Adviser or Regulated Fund, as applicable, has a reasonable basis, after due inquiry, for believing that: the State Trust Company is authorized by the relevant State Banking Authority to provide custody services for Crypto Assets and Related Cash and/or Cash Equivalents; and the State Trust Company maintains and implements written internal policies and procedures reasonably designed to safeguard Crypto Assets and Related Cash and/or Cash Equivalents from the risk of theft, loss, misuse, and misappropriation, with such policies and procedures addressing, among other topics, private key management and cybersecurity. In making such a determination, the Registered Adviser or Regulated Fund: receives and reviews the State Trust Company’s most recent annual financial statements and confirms that such financial statements have been subject to an audit by an independent public accountant and have been prepared in accordance with Generally Accepted Accounting Principles (GAAP); [6] and receives and reviews the State Trust Company’s most recent written internal control report prepared by an independent public accountant during the current or prior calendar year ( e.g ., SOC-1 report or SOC-2 report) and confirms that such internal control report contains an opinion of such independent public accountant that controls have been placed in operation as of a specific date and are suitably designed and are operating effectively to meet control objectives relating to custodial services, including the safeguarding of Crypto Assets and Related Cash and/or Cash Equivalents during the year; The Registered Adviser or Regulated Fund, as applicable, enters into, or causes an RIA Client [7] to enter into, as applicable, a written custodial services agreement with the State Trust Company, which provides that: the State Trust Company will not, directly or indirectly, lend, pledge, hypothecate, or rehypothecate any Crypto Assets (or Related Cash and/or Cash Equivalents) held in custody for the RIA Client or Regulated Fund, as applicable, without the prior written consent of the RIA Client or Regulated Fund, and then only for the account of such RIA Client or Regulated Fund; and all Crypto Assets (and Related Cash and/or Cash Equivalents) held in custody for the RIA Client or Regulated Fund, as applicable, will be segregated from the State Trust Company’s assets; The Registered Adviser discloses to its RIA Clients (in the case of a Registered Adviser) or the Regulated Fund discloses to the members of its board of directors or trustees (in the case of a Regulated Fund, as applicable) any material risks associated with using State Trust Companies as custodians of Crypto Assets (and Related Cash and/or Cash Equivalents); and The Registered Adviser (with respect to an RIA Client) or the Regulated Fund (and, as applicable, its board of directors or trustees), reasonably determines that the use of the State Trust Company’s custody services is in the best interest of the RIA Client or Regulated Fund and its shareholders, as applicable. Our letter provides our position on enforcement action only and does not provide any legal conclusions on the issues presented. For the avoidance of doubt, all requirements of the respective Custody Provisions continue to apply. [8] Because our position is based on all of the facts and representations made in your letter, you should note that any different facts or circumstances might require a different conclusion. This letter reflects the views of the staff of the Division. It is not a rule, regulation, or statement of the Commission, and the Commission has neither approved nor disapproved its content. This letter, like all staff statements, has no legal force or effect; it does not alter or amend applicable law, and it creates no new or additional obligations for any person. Taylor Evenson Senior Counsel [1] As used in this letter, the term “State Trust Company” refers to a legal entity organized under state law that is: (i) supervised and examined by a state authority having supervision over banks and (ii) permitted to exercise fiduciary powers under applicable state law. [2] As used in this letter, the term “Crypto Assets” refers to assets that are digital representations of value that are recorded on a cryptographically secured distributed ledger. For the avoidance of doubt, the no-action assurances provided in this letter are limited to Crypto Assets and Related Cash and/or Cash Equivalents. [3] To qualify as a custodian under Section 17(f), a bank must meet the qualifications of being a trustee for a unit investment trust: the possession of not less than $500,000 in aggregate capital, surplus, and undivided profits. See Sections 17(f)(1) and 26(a)(1) of the 1940 Act. [4] Section 59 of the 1940 Act provides that Section 17(f) applies to a business development company to the same extent as if it were a registered closed-end investment company. [5] Under both the 1940 Act and the Advisers Act, the definition of “bank” also includes, among other things, member banks of the Federal Reserve System, including, for example, a member national trust bank. For the avoidance of doubt, a Regulated Fund or Registered Adviser may custody Crypto Assets (or Related Cash and/or Cash Equivalents) with such banks. See generally Office of the Comptroller of the Currency (“OCC”) Interpretive Letter 1183 (Mar. 2025) (reaffirming that national banks may provide crypto-asset custody services under applicable statutory authority). [6] Alternatively, in the event that the State Trust Company’s financial statements are presented on a consolidated basis with its parent and other affiliates that have substantive activities, the Registered Adviser or Regulated Fund obtains a written certification or representation from the State Trust Company that the most recent annual financial statements of its parent have been subject to an audit by an independent public accountant and have been prepared in accordance with GAAP. The written certification or representation should include information regarding results of the audit. [7] Registered Advisers serve as investment advisers to a variety of clients, including Regulated Funds, natural persons, pooled investment vehicles that are private funds (as such term is defined in Section 202(a)(29) of the Advisers Act) or are otherwise not required to register as investment companies under the 1940 Act, corporations, foundations, trusts, and other types of individual and institutional accounts (such clients other than Regulated Funds, collectively, “RIA Clients”). [8] The Commission is considering rulemaking regarding the custodial requirements applicable to Registered Advisers or Registered Funds as to Crypto Assets. See generally Spring 2025 Unified Agenda of Regulatory and Deregulatory Actions, available at: https://www.reginfo.gov/public/do/eAgendaMain .

## Resources
Resources Incoming Letter",False
b5c3205bc55c122e,https://www.sec.gov/about/crypto-task-force/cryptosec,SEC.gov | Crypto@SEC,05/29/25,2025-05-29 00:00:00+00,Division of Corporation Finance,Statement on Certain Protocol Staking Activities,https://www.sec.gov/newsroom/speeches-statements/statement-certain-protocol-staking-activities-052925,The SEC’s Division of Corporation Finance has clarified its view that certain proof-of-stake blockchain protocol “staking” activities are not securities transactions within the scope of the federal securities laws.,a2323e3a468e6e5a,True,2025-09-23 14:39:58.562393+00,2025-10-03 17:59:58.176761+00,,"# Statement on Certain Protocol Staking Activities
> Statement on Certain Protocol Staking Activities Division of Corporation Finance May 29, 2025

## More in this Section
More in this Section Newsroom Press Releases Speeches & Statements Meetings & Events SEC Videos Social Media Directory What's New Newsroom Press Releases Speeches & Statements Meetings & Events SEC Videos Social Media Directory What's New Home Newsroom Speeches and Statements Statement on Certain Protocol Staking Activities Statement Statement on Certain Protocol Staking Activities Division of Corporation Finance Washington D.C. May 29, 2025 Introduction As part of an effort to provide greater clarity on the application of the federal securities laws to crypto assets, [1] the Division of Corporation Finance is providing its views [2] on certain activities known as “staking” on networks that use proof-of-stake (“PoS”) as a consensus mechanism (“PoS Networks”). Specifically, this statement addresses the staking of crypto assets that are intrinsically linked to the programmatic functioning of a public, permissionless network, and are used to participate in and/or earned for participating in such network’s consensus mechanism or otherwise used to maintain and/or earned for maintaining the technological operation and security of such network. We refer in this statement to these crypto assets as “Covered Crypto Assets” [3] and their staking on PoS Networks as “Protocol Staking.” Protocol Staking Networks rely upon cryptography and economic mechanism design to reduce reliance on designated trusted intermediaries to verify network transactions and provide settlement assurances to users. The operation of each network is governed by an underlying software protocol, consisting of computer code, that programmatically enforces certain network rules, technical requirements, and rewards distributions. Each protocol incorporates a “consensus mechanism,” which is a method for enabling the distributed network of unrelated computers (known as “nodes”) that maintain the peer-to-peer network to agree on the “state” (or authoritative record of network address ownership balances, transactions, smart contract code, and other data) of the network. Public, permissionless networks allow users to participate in the network’s operation, including the validation of new transactions to the network in accordance with the network’s consensus mechanism. PoS is a consensus mechanism used to prove that operators of nodes (“Node Operators”) participating in the network have contributed value to the network that, in some cases, can be forfeited if they act dishonestly. [4] In a PoS Network, a Node Operator must stake the network’s Covered Crypto Asset to be selected programmatically by the network’s underlying software protocol to validate new blocks of data to, and update the state of, the network. When selected, the Node Operator serves as a “Validator.” In exchange for providing validation services, Validators earn “rewards” of two types: (1) newly minted (or created) Covered Crypto Assets that are programmatically distributed to the Validator by the network in accordance with its underlying software protocol; and (2) a percentage of the transaction fees, paid in Covered Crypto Assets, by parties who are seeking to add their transactions to the network. [5] In PoS Networks, Node Operators must commit or “stake” Covered Crypto Assets to be eligible to validate and earn rewards, typically effected using a smart contract, which is a self-executing program that automates the actions required in a network transaction. While staked, Covered Crypto Assets are “locked-up” and cannot be transferred for a period of time under the terms of the applicable protocol. [6] The Validator does not take possession or control of staked Covered Crypto Assets, which means that ownership and control of Covered Crypto Assets do not change while they are staked. Each PoS Network’s underlying software protocol contains the rules for operating and maintaining the PoS Network, including the method of selecting Validators among Node Operators. Some protocols provide for random selection of Validators while others employ specific criteria for selecting Validators, such as the number of Covered Crypto Assets staked by the Node Operators. Protocols also may contain rules intended to deter activities that are detrimental to the network’s security and integrity, such as validating invalid blocks or double signing (which occurs when a Validator attempts to add the same transaction to the network multiple times, effectively spending the same crypto assets more than once). [7] Rewards from Protocol Staking provide an economic incentive for participants to use their Covered Crypto Assets to secure the PoS Network and ensure its continued operation. An increase in the amount of staked Covered Crypto Assets can increase the security of PoS Networks and mitigate the risk that a hostile party is able to gain control of a majority of the total staked Covered Crypto Assets, which would allow such party to manipulate the PoS Network by influencing the validation of transactions and potentially altering the network’s transaction history. Covered Crypto Asset owners can earn rewards by serving as a Node Operator and staking their own Covered Crypto Assets. When self (or solo) staking, the owner maintains ownership and control of its Covered Crypto Assets and cryptographic private “keys” at all times. Alternatively, Covered Crypto Asset owners can participate in the PoS Network validation process without running their own nodes by using self-custodial staking directly with a third party. Covered Crypto Asset owners grant their validation rights to a third-party Node Operator. [8] When using a third-party Node Operator, the Covered Crypto Asset owner receives a portion of the rewards, with the provider also earning a portion of the rewards for its services in validating transactions. When self-custodial staking directly with a third party, the Covered Crypto Asset owner retains ownership and control of its Covered Crypto Assets and its private keys. In addition to self (or solo) staking and self-custodial staking directly with a third party, a third form of Protocol Staking is so-called “custodial” staking, in which a third party (a “Custodian”) takes custody of the owners’ Covered Crypto Assets and facilitates staking of such Covered Crypto Assets on behalf of the owner. When owners deposit their Covered Crypto Assets with a Custodian, the Custodian holds the deposited Covered Crypto Assets in a digital “wallet” that the Custodian controls. The Custodian stakes the Covered Crypto Assets on the owner’s behalf for an agreed-upon portion of any rewards, either using a node the Custodian operates or through a third-party Node Operator the Custodian selects. At all times during the staking process, the deposited Covered Crypto Assets remain in the control of the Custodian and the Covered Crypto Asset owner is intended to retain ownership of the Covered Crypto Assets held by the Custodian. [9] Further, the deposited Covered Crypto Assets are: (1) not used by the Custodian for operational or general business purposes; (2) not lent, pledged, or rehypothecated for any reason; and (3) held in a manner designed not to subject them to claims by third parties. To this end, the Custodian does not use the deposited Covered Crypto Assets to engage in leverage, trading, speculation, or discretionary activities. Division’s View on Protocol Staking Activities It is the Division’s view that “Protocol Staking Activities” (as defined below) in connection with Protocol Staking do not involve the offer and sale of securities within the meaning of Section 2(a)(1) of the Securities Act of 1933 (the “Securities Act”) or Section 3(a)(10) of the Securities Exchange Act of 1934 (the “Exchange Act”). [10] Accordingly, it is the Division’s view that participants in Protocol Staking Activities do not need to register with the Commission transactions under the Securities Act, or fall within one of the Securities Act’s exemptions from registration in connection with these Protocol Staking Activities. Protocol Staking Activities Covered by this Statement The Division’s view pertains to the following Protocol Staking activities and transactions (“Protocol Staking Activities” and each a “Protocol Staking Activity”): staking Covered Crypto Assets on a PoS Network; the activities undertaken by third parties involved in the Protocol Staking process ‒ including, but not limited to, third-party Node Operators, Validators, Custodians, Delegates and Nominators (“Service Providers”) ‒ including their roles in connection with the earning and distribution of rewards; and providing Ancillary Services (as defined below). Only Protocol Staking Activities undertaken in connection with the following types of Protocol Staking are addressed in this statement. Self (or Solo) Staking , which involves a Node Operator staking Covered Crypto Assets it owns and controls using its own resources. The Node Operator may include one or more persons acting together to operate a node and stake their Covered Crypto Assets. Self-Custodial Staking Directly with a Third Party , which involves a Node Operator, under the terms of the protocol, being granted the validation rights of owner(s) of Covered Crypto Assets. Reward payments may flow from the PoS Network directly to the Covered Crypto Asset owners or indirectly to them through the Node Operator. Custodial Arrangements , which involve a Custodian staking on behalf of the owners of the Covered Crypto Assets that the Custodian holds on their behalf. For example, a crypto asset trading platform holding deposited Covered Crypto Assets for its customers may stake such Covered Crypto Assets on behalf of such customers on a PoS Network that permits delegation on behalf of and with the consent of customers. The Custodian will stake the deposited Covered Crypto Assets using its own node or select a third-party Node Operator. In the latter case, this selection is the Custodian’s only decision in the staking process. Discussion of Protocol Staking Activities Section 2(a)(1) of the Securities Act and Section 3(a)(10) of the Exchange Act each defines the term “security” by providing a list of various financial instruments, including “stock,” “note,” and “bond.” Because a Covered Crypto Asset does not constitute any of the financial instruments that are specifically enumerated in the definition of “security,” we conduct our analysis of certain transactions involving Covered Crypto Assets in the context of Protocol Staking under the “investment contract” test set forth in SEC v. W.J. Howey Co . [11] The “ Howey test” is used to analyze arrangements or instruments not listed in those statutory sections based on their “economic realities.” [12] In evaluating the economic realities of a transaction, the test is whether there is an investment of money in a common enterprise premised on a reasonable expectation of profits to be derived from the entrepreneurial or managerial efforts of others. [13] Federal courts since Howey have explained that Howey’s “efforts of others” requirement is satisfied when “the efforts made by those other than the investor are the undeniably significant ones, those essential managerial efforts which affect the failure or success of the enterprise.” [14] Federal courts also have stated that administrative and ministerial activities are not managerial or entrepreneurial efforts that satisfy Howey’s efforts of others prong. [15] Self (or Solo) Staking A Node Operator’s Self (or Solo) Staking is not undertaken with a reasonable expectation of profits to be derived from the entrepreneurial or managerial efforts of others. Rather, Node Operators contribute their own resources and stake their own Covered Crypto Assets, thereby securing the PoS Network and facilitating the network’s operation through the validation of new blocks, which enables them to qualify for rewards issued by the PoS Network in accordance with its underlying software protocol. To earn rewards, the Node Operator’s activities must comply with the rules of the protocol. By staking its own Covered Crypto Assets and engaging in Protocol Staking, the Node Operator is merely engaging in an administrative or ministerial activity to secure the PoS Network and facilitate its operation. A Node Operator’s expectation to receive rewards is not derived from any third party’s managerial or entrepreneurial efforts upon which the PoS Network’s success depends. Instead, the expected financial incentive from the protocol is derived solely from the administrative or ministerial act of Protocol Staking. As such, rewards are payments to the Node Operator in exchange for the services it provides to the network rather than profits derived from the entrepreneurial or managerial efforts of others. Self-Custodial Staking Directly with a Third Party Likewise, where an owner of a Covered Crypto Asset grants its validation rights to a Node Operator, the Covered Crypto Asset owner has no expectation of profit derived from the entrepreneurial or managerial efforts of others. The Node Operator’s service to the Covered Crypto Asset owner is administrative or ministerial in nature, not entrepreneurial or managerial for the reasons discussed above with respect to Self (or Solo) Staking. Whether a Node Operator stakes its own Covered Crypto Assets or is granted validation rights from other Covered Crypto Asset owners does not alter the nature of Protocol Staking for purposes of the Howey analysis. In either case, Protocol Staking remains an administrative or ministerial activity, and the expected financial incentive is derived solely from such activity and not the success of the PoS Network or some other third party. Further, the Node Operator does not guarantee or otherwise set or fix the amount of the rewards owed to Covered Crypto Asset owners, although the Node Operator may subtract from such amount its fees (whether fixed or a percentage of such amount). Custodial Arrangements In a custodial arrangement, the Custodian (whether a Node Operator or not) does not provide entrepreneurial or managerial efforts to Covered Crypto Asset owners for whom it provides this service. These arrangements are similar to those discussed above where a Covered Crypto Asset owner grants its validation rights to a third party but they also involve the owner granting custody of its deposited Covered Crypto Assets. The Custodian does not decide whether, when, or how much of an owner’s Covered Crypto Assets to stake. The Custodian simply is acting as an agent in connection with staking the deposited Covered Crypto Assets on behalf of the owner. [16] In addition, the Custodian’s taking custody of the deposited Covered Crypto Assets and in some cases selecting a Node Operator is not sufficient to satisfy Howey’s “efforts of others” requirement because these activities are administrative or ministerial in nature and do not involve managerial or entrepreneurial efforts. Further, the Custodian does not guarantee or otherwise set or fix the amount of the rewards owed to Covered Crypto Asset owners, although the Custodian may subtract from such amount its fees (whether fixed or a percentage of such amount). Ancillary Services Service Providers may provide the services described below (“Ancillary Services”) to Covered Crypto Asset owners in connection with Protocol Staking. Each of these Ancillary Services is merely administrative or ministerial in nature and does not involve entrepreneurial or managerial efforts. They are facets of a general activity ‒ Protocol Staking ‒ that itself is not entrepreneurial or managerial in nature. Slashing Coverage , where the Service Provider reimburses or indemnifies a staking customer against loss resulting from slashing. This protection against a Node Operator’s errors is similar to that offered by service providers in many types of traditional commercial transactions. Early Unbonding , where a Service Provider allows Covered Crypto Assets to be returned to an owner before the end of the protocol’s unbonding period. [17] This service merely shortens the protocol’s effective unbonding period as a convenience to the Covered Crypto Asset owner by reducing the burden of the unbonding period. Alternate Rewards Payment Schedules and Amounts , where the Service Provider delivers earned rewards at a cadence and in an amount that differs from the protocol’s set schedule and/or where the rewards are paid earlier or less frequently than the protocol awards them, provided the reward amounts are not fixed, guaranteed, or greater than those awarded by the protocol. Similar to early unbonding, this is merely an optional convenience afforded to Covered Crypto Asset owners in connection with the administration of rewards allocation and delivery. Aggregation of Covered Crypto Assets , where the Service Provider offers the ability for Covered Crypto Asset owners to aggregate their Covered Crypto Assets to meet the protocol’s staking minimums. This service is part of the validation process, which itself is administrative or ministerial in nature. Without more, aggregating the Covered Crypto Assets of owners to help enable staking is similarly administrative or ministerial in nature. Whether offered separately or as a group of services, the Service Provider does not act in a managerial or entrepreneurial way if it provides any or all of these services. For further information, please contact the Division’s Office of Chief Counsel by submitting a web-based request form at https://www.sec.gov/forms/corp_fin_interpretive . [1] For purposes of this statement, a “crypto asset” is an asset that is generated, issued, and/or transferred using a blockchain or similar distributed ledger technology network (“crypto network”), including, but not limited to, assets known as “tokens,” “digital assets,” “virtual currencies,” and “coins,” and that relies on cryptographic protocols. In addition, for purposes of this statement, a “network” refers to a crypto network. [2] This statement represents the views of the staff of the Division of Corporation Finance (the “Division”). It is not a rule, regulation, guidance, or statement of the U.S. Securities and Exchange Commission (the “Commission”), and the Commission has neither approved nor disapproved its content. This statement, like all staff statements, has no legal force or effect: it does not alter or amend applicable law, and it creates no new or additional obligations for any person. [3] This statement only addresses certain activities involving Covered Crypto Assets that do not have intrinsic economic properties or rights, such as generating a passive yield or conveying rights to future income, profits, or assets of a business enterprise. [4] This statement addresses Protocol Staking generally rather than all of its variations. Further, this statement does not address all forms of “staking,” such as so-called “liquid staking,” “restaking” or “liquid restaking.” The specific staking activities covered by this statement are discussed below in “Protocol Staking Activities Covered by this Statement.” [5] While the protocol establishes rules on rewards, Node Operators generally are free to share rewards or impose fees for their services in ways that differ from those of the protocol. Some protocols permit a Node Operator to propose and receive a reward that differs from the protocol’s standard reward. [6] The minimum staking or lock-up period varies among PoS protocols. [7] A Node Operator or Validator may have its staked Covered Crypto Assets forfeited or “slashed” if it engages in such detrimental activities or fails to adhere to the PoS Network’s technical requirements. [8] On certain PoS Networks, Covered Crypto Asset owners can stake their Covered Crypto Assets and receive validation rights that they can grant to a third party, thereby allowing the third party to use the staked Covered Crypto Assets to verify transactions on the PoS Network on behalf of the owners. For example, some PoS Networks may facilitate this by allowing a Covered Crypto Asset owner to “delegate” its validation rights to a Node Operator. In this case, the Node Operator acts as a so-called “Delegate” in the staking process. Other PoS Networks may use so-called “Nominators” to whom a Covered Crypto Asset owner may grant its validation rights to act on the Covered Crypto Asset owner’s behalf in selecting Validators. [9] The Custodian typically enters into an agreement with the owner, such as a user agreement or terms of service, providing that the owner retains ownership of the Covered Crypto Assets. [10] The Division’s view is not dispositive as to whether any specific Protocol Staking Activity (defined below) involves the offer and sale of a security. A definitive determination requires analyzing the facts relating to the specific Protocol Staking Activity. Where facts vary from those presented in this statement, the Division’s view as to whether the specific Protocol Staking Activity involves the offer and sale of a security may be different. [11] 328 U.S. 293 (1946). We do not believe Protocol Staking generally and the “Protocol Staking Activities” defined in this statement and upon which we express our view in this statement involve notes or other evidences of indebtedness because at all times during the staking process the Covered Crypto Asset owner retains ownership of its Covered Crypto Assets (either directly or through a Custodian). [12] See Landreth Timber Co. v. Landreth , 471 U.S. 681, 689 (1985), in which the U.S. Supreme Court suggested that the proper test for determining whether a particular instrument that is not clearly within the definition of “stock” as set forth in Section 2(a)(1) of the Securities Act, or that otherwise is of an unusual nature, is the economic realities test set forth in Howey . In analyzing whether an instrument is a security, “form should be disregarded for substance,” Tcherepnin v. Knight , 389 U.S. 332, 336 (1967), “and the emphasis should be on economic realities underlying a transaction, and not on the name appended thereto .” United Housing Found., Inc. v. Forman , 421 U.S. 837, 849 (1975). [13] Forman , 421 U.S. at 852. [14] See, e.g., SEC v. Glenn W. Turner Enterprises, Inc. , 474 F.2d 476, 482 (9th Cir. 1973). [15] See, e.g. , First Fin. Fed. Sav. & Loan v. E.F. Hutton Mortgage , 834 F.2d 685 (8th Cir. 1987) (activities performed were merely administrative and ministerial in nature and therefore did not constitute the managerial or entrepreneurial efforts of others); Union Planters National Bank of Memphis v. Commercial Credit Business Loans, Inc. , 651 F.2d 1174 (6th Cir. 1981) (administrative tasks and services are not managerial or entrepreneurial under Howey ). See also Donovan v. GMO-Z.com Trust , 2025 U.S. Dist. LEXIS 27871 (S.D.N.Y. 2025) (“Ministerial, technical, and clerical tasks often are ‘necessary’ for an investment scheme to operate and thereby generate a profit, but courts have long found such efforts to be insufficient under Howey’s third prong.”). [16] If a Custodian does select whether, when, or how much of an owner’s Covered Crypto Assets to stake, its activities are outside the scope of this statement. [17] Staked Covered Crypto Assets are subject to a “bonding period,” which is a length of time set by the protocol after which time the Covered Crypto Asset owner becomes eligible to earn rewards. The “unbonding period” is a length of time set by the protocol to “unstake” a Covered Crypto Asset. Each protocol has its own bonding and unbonding periods, which can be hours, days, or weeks.",False
b9287978a69fab6b,https://www.sec.gov/about/crypto-task-force/cryptosec,SEC.gov | Crypto@SEC,09/30/25,2025-09-30 00:00:00+00,Hester M. Peirce,Out of the Gray Zone: Statement on The Division of Investment Management’s No-Action Letter Relating to the Custody of Crypto Assets with State Trust Companies,https://www.sec.gov/newsroom/speeches-statements/peirce-statement-custody-crypto-assets-093025,,15f5dab953a441c5,True,2025-10-03 13:52:33.785283+00,2025-10-03 17:59:58.296695+00,,"# Out of the Gray Zone: Statement on The Division of Investment Management’s No-Action Letter Relating to the Custody of Crypto Assets with State Trust Companies
> Out of the Gray Zone: Statement on The Division of Investment Management’s No-Action Letter Relating to the Custody of Crypto Assets with State Trust Companies Commissioner Hester M. Peirce September 30, 2025

## More in this Section
More in this Section Newsroom Press Releases Speeches & Statements Meetings & Events SEC Videos Social Media Directory What's New Newsroom Press Releases Speeches & Statements Meetings & Events SEC Videos Social Media Directory What's New Home Newsroom Speeches and Statements Out of the Gray Zone: Statement on The Division of Investment Management’s No-Action Letter Relating to the Custody of Crypto Assets with State Trust Companies Statement Out of the Gray Zone: Statement on The Division of Investment Management’s No-Action Letter Relating to the Custody of Crypto Assets with State Trust Companies Commissioner Hester M. Peirce Washington D.C. Sept. 30, 2025 Today, the staff of the Division of Investment Management issued a no-action letter (the “NAL”) stating that it would not recommend enforcement action to the Commission against registered advisers or regulated funds for maintaining crypto assets and related cash and cash equivalents with certain state-chartered financial institutions (“State Trust Companies”). For too long, registered advisers and regulated funds have been caught up in a guessing game as to whether their entity of choice for crypto asset custody, which also may be the only available custodian for such service, is a permissible custodian under the custody provisions of the Investment Advisers Act of 1940 (the “Advisers Act”) and Investment Company Act of 1940 (the “1940 Act”), respectively. The specific lingering question has been whether State Trust Companies meet the definition of a “bank” as defined in the Advisers Act and 1940 Act. The staff NAL is an encouraging development for registered advisers and regulated funds that invest or want to invest in crypto assets. The NAL does not expand the definition of a permissible custodian under the Advisers Act and 1940 Act. Rather, it provides a staff position regarding the use of entities for crypto asset custody that I would contend already are permissible custodians. The NAL applies to State Trust Companies operating within a regulatory framework that ensures investor protection and is similar in material respects to the regulatory frameworks applicable to other types of permissible custodians. Registered advisers and regulated funds may maintain crypto assets with other permissible custodians without regard to the NAL, including national banks and State banks. While the number of other permissible custodians likely will grow following the rescission of Staff Accounting Bulletin No. 121 and clarifying statements made by the federal banking regulators on the crypto asset-related activities of banks, the NAL focuses on custody by a different set of potential custodians—state-chartered trusts exercising fiduciary powers similar to those permitted to national banks. The scope of the NAL matters. The custody provisions of the Advisers Act and the 1940 Act apply only to “funds and securities” and “securities and similar investments,” respectively. The NAL, therefore, only addresses client crypto assets held by registered advisers or crypto asset investments of regulated funds that are subject to the respective custody provisions. The NAL covers, in addition to the crypto assets that are native to crypto networks and applications and may be subject to the custody provisions, equity or debt securities that have been formatted as crypto assets on a crypto network (commonly known as “tokenized” securities). Regulatory gray zones can harm investors, as this one has. I appreciate the Division of Investment Management responding to market participants’ requests for clarity about the staff’s views in this important area, which ultimately will benefit advisory clients and fund shareholders. This moment also presents us with an opportunity to consider whether the custody requirements applicable to registered advisers and regulated funds should be improved and modernized, such as through principles-based rules. I look forward to working further with the staff on that initiative.",False
bf018aa16f2c874c,https://www.sec.gov/about/crypto-task-force/cryptosec,SEC.gov | Crypto@SEC,01/23/25,2025-01-23 00:00:00+00,Office of the Chief Accountant & Division of Corporation Finance,Staff Accounting Bulletin No. 122,https://www.sec.gov/rules-regulations/staff-guidance/staff-accounting-bulletins/staff-accounting-bulletin-122,"Staff Accounting Bulletin No. 122 rescinds Staff Accounting Bulletin No. 121, which had stated the staff view that companies that custody crypto assets should record a liability and corresponding asset on their balance sheets at fair value.",f80fdaf1eeb12fb2,True,2025-09-23 14:39:58.562393+00,2025-10-03 17:59:59.158808+00,,"# Staff Accounting Bulletin No. 122

## More in this Section
More in this Section Rules & Regulations Rulemaking Activity Statutes and Regulations Staff Guidance Compliance and Disclosure Interpretations Disclosure Guidance Division of Investment Management: Frequently Asked Questions Staff Accounting Bulletins Staff Legal Bulletins Trading & Markets Frequently Asked Questions Office of the Chief Accountant: Staff Letters No Action, Interpretive and Exemptive Letters Commission Orders and Notices Shareholder Proposals Self-Regulatory Organization Rulemaking Policy Statements Petitions for Rulemaking Fee Rate Advisories Public Company Accounting Oversight Board Rulemaking Exchange Delistings How to Submit a Comment Rules & Regulations Rulemaking Activity Statutes and Regulations Staff Guidance Compliance and Disclosure Interpretations Disclosure Guidance Division of Investment Management: Frequently Asked Questions Staff Accounting Bulletins Staff Legal Bulletins Trading & Markets Frequently Asked Questions Office of the Chief Accountant: Staff Letters No Action, Interpretive and Exemptive Letters Commission Orders and Notices Shareholder Proposals Self-Regulatory Organization Rulemaking Policy Statements Petitions for Rulemaking Fee Rate Advisories Public Company Accounting Oversight Board Rulemaking Exchange Delistings How to Submit a Comment Home Rules and Regulations Staff Guidance Staff Accounting Bulletins Staff Accounting Bulletin No. 122 Staff Accounting Bulletin No. 122 Jan. 23, 2025 Conformed to Federal Register version SECURITIES AND EXCHANGE COMMISSION 17 CFR Part 211 [Release No. SAB 122] Staff Accounting Bulletin No. 122 AGENCY: Securities and Exchange Commission. ACTION: Publication of Staff Accounting Bulletin. SUMMARY: This staff accounting bulletin (“SAB”) rescinds the interpretive guidance included in Section FF of Topic 5 in the Staff Accounting Bulletin Series entitled Accounting for Obligations to Safeguard Crypto-Assets an Entity Holds for its Platform Users (“Topic 5.FF”). DATES: Effective January 30, 2025 FOR FURTHER INFORMATION CONTACT: Office of the Chief Accountant, at (202) 551-5300; or Division of Corporation Finance, at (202) 551-3400, Securities and Exchange Commission, 100 F Street NE, Washington, DC 20549. SUPPLEMENTARY INFORMATION: The statements in staff accounting bulletins are not rules or interpretations of the Commission, nor are they published as bearing the Commission’s official approval. They represent interpretations and practices followed by the Division of Corporation Finance and the Office of the Chief Accountant in administering the disclosure requirements of the Federal securities laws. List of Subjects in 17 CFR Part 211 Accounting, Reporting and recordkeeping requirements, Securities. Date: January 23, 2025 Vanessa A. Countryman, Secretary Accordingly, part 211 of title 17 of the Code of Federal Regulations is amended as follows: PART 211 – INTERPRETATIONS RELATING TO FINANCIAL REPORTING MATTERS The authority citation for 17 CFR 211 is amended to read as follows: Authority: 15 U.S.C. 77g, 15 U.S.C. 77s(a), 15 U.S.C. 77aa(25) and (26), 15 U.S.C. 78c(b), 15 U.S.C. 78 l (b), 15 U.S.C. 78m(b), 15 U.S.C. 80a-8, 15 U.S.C. 80a-29(e), 15 U.S.C. 80a-30, and 15 U.S.C. 80a-37. Amend the table in subpart B by removing the entry for “Staff Accounting Bulletin No. 121” and adding an entry for “Staff Accounting Bulletin No. 122” at the end of the table to read as follows: Subpart B – Staff Accounting Bulletins Subject Release No. Date Fed. Reg. Vol. and page ******* Publication of Staff Accounting Bulletin No. 122 SAB 122 [INSERT DATE OF PUBLICATION IN THE FEDERAL REGISTER] [INSERT FEDERAL REGISTER CITATION] Note: The text of SAB 122 will not appear in the Code of Federal Regulations. STAFF ACCOUNTING BULLETIN NO. 122 This SAB rescinds the interpretive guidance included in Topic 5.FF in the Staff Accounting Bulletin Series entitled Accounting for Obligations to Safeguard Crypto-Assets an Entity Holds for its Platform Users . Upon application of the rescission of Topic 5.FF, an entity that has an obligation to safeguard crypto-assets for others should determine whether to recognize a liability related to the risk of loss under such an obligation, and if so, the measurement of such a liability, by applying the recognition and measurement requirements for liabilities arising from contingencies in Financial Accounting Standards Board Accounting Standards Codification (“FASB ASC”) Subtopic 450-20, Loss Contingencies, or International Accounting Standard (“IAS”) 37, Provisions, Contingent Liabilities and Contingent Assets , under U.S. generally accepted accounting principles and IFRS Accounting Standards, respectively. Entities should effect the rescission of Topic 5.FF on a fully retrospective basis in annual periods beginning after December 15, 2024. Entities may elect to effect the rescission in any earlier interim or annual financial statement period included in filings with the Commission after the effective date of this SAB. Entities should include clear disclosure of the effects of a change in accounting principle upon initial application of this rescission. [1] The staff reminds entities that they should continue to consider existing requirements to provide disclosures that allow investors to understand an entity’s obligation to safeguard crypto-assets held for others. These requirements include, but are not limited to, Items 101, 105, and 303 of Regulation S-K; [2] FASB ASC Subtopic 450-20; [3] and FASB ASC Topic 275, Risks and Uncertainties . [4] Accordingly, the staff hereby amends the Staff Accounting Bulletin Series as follows: ***** TOPIC 5: MISCELLANEOUS ACCOUNTING ***** FF. Removed by SAB 122 [1] See FASB ASC 250-10-50-1 through 50-3 and IAS 8. See also, e.g. , Item 302 of Regulation S-K [17 CFR 229.302] and PCAOB Auditing Standard 2820 (par. 8). [2] 17 CFR 229.101, 105, and 303. [3] See also IAS 37. [4] See also IAS 1, Presentation of Financial Statements .",False
c9cae1c5d661ce55,https://www.sec.gov/about/crypto-task-force/cryptosec,SEC.gov | Crypto@SEC,04/04/25,2025-04-04 00:00:00+00,Division of Corporation Finance,Staff Statement on Stablecoins,https://www.sec.gov/newsroom/speeches-statements/statement-stablecoins-040425,"The SEC's Division of Corporation Finance has provided its views on stablecoins that are designed to maintain a stable value relative to USD on a one-for-one basis, can be redeemed for USD on a one-for-one basis, and are backed by assets held in a reserve that are considered low-risk and readily liquid with a USD-value that meets or exceeds the redemption value of the stablecoins in circulation...",fa2e55a51c4e7230,True,2025-09-23 14:39:58.562393+00,2025-10-03 17:59:58.792801+00,,"# Statement on Stablecoins
> Statement on Stablecoins Division of Corporation Finance April 4, 2025

## More in this Section
More in this Section Newsroom Press Releases Speeches & Statements Meetings & Events SEC Videos Social Media Directory What's New Newsroom Press Releases Speeches & Statements Meetings & Events SEC Videos Social Media Directory What's New Home Newsroom Speeches and Statements Statement on Stablecoins Statement Statement on Stablecoins Division of Corporation Finance Washington D.C. April 4, 2025 Introduction As part of an effort to provide greater clarity on the application of the federal securities laws to crypto assets, [1] the Division of Corporation Finance is providing its views [2] on certain types of crypto assets commonly referred to as “stablecoins.” Specifically, this statement addresses stablecoins that are designed to maintain a stable value relative to the United States Dollar, or “USD,” on a one-for-one basis, can be redeemed for USD on a one-for-one basis ( i.e. , one stablecoin to one USD), and are backed by assets held in a reserve that are considered low-risk and readily liquid with a USD-value that meets or exceeds the redemption value of the stablecoins in circulation. As discussed below, we refer to the types of stablecoins addressed by this statement as “Covered Stablecoins.” Stablecoins Generally A stablecoin is a type of crypto asset designed to maintain a stable value relative to a reference asset, such as USD or another fiat currency, or a commodity like gold, or a pool or basket of assets. Stablecoins generally are designed to track the value of the reference asset on a one-for-one basis. Stablecoins may use different methods to maintain a stable value. In some cases, stablecoins maintain a stable value by being backed by assets held in a reserve. In other cases, stablecoins are designed to use mechanisms other than reserves to maintain a stable value, such as using algorithms that increase or decrease the supply of stablecoins in response to demand. [3] The risks associated with stablecoins vary significantly depending on multiple factors, including their stability mechanisms and the maintenance of a reserve (if applicable). Stablecoin issuers generally offer and sell stablecoins at a price corresponding to that of the reference asset on a one-for-one basis. For example, if the stablecoin references USD, the issuer will offer and sell one stablecoin for one USD. Stablecoins can be issued and traded in fractions, and in such case the stablecoins maintain the one-for-one reference ( i.e. , 0.5 stablecoin represents $0.50 USD). The issuer generally uses the assets held in the reserve to fund stablecoin redemptions ( i.e. , the delivery of the stablecoin in exchange for the reference asset on a one-for-one basis). Division’s View on Covered Stablecoins [4] It is the Division’s view that the offer and sale of Covered Stablecoins, in the manner and under the circumstances described in this statement, do not involve the offer and sale of securities within the meaning of Section 2(a)(1) of the Securities Act of 1933 (the “Securities Act”) or Section 3(a)(10) of the Securities Exchange Act of 1934 (the “Exchange Act”). [5] Accordingly, persons involved in the process of “minting” (or creating) and redeeming Covered Stablecoins do not need to register those transactions with the Commission under the Securities Act or fall within one of the Securities Act’s exemptions from registration. Characteristics of Covered Stablecoins Covered Stablecoins are crypto assets designed and marketed for use as a means of making payments, transmitting money, or storing value. They are designed to maintain a stable value relative to USD and are backed by USD and/or other assets that are considered low-risk and readily liquid so as to allow a Covered Stablecoin issuer to honor redemptions on demand. [6] These assets are held in a reserve with a USD-value that meets or exceeds the redemption value of the Covered Stablecoins in circulation. A Covered Stablecoin issuer mints and redeems Covered Stablecoins on a one-for-one basis with USD at any time and in unlimited quantities. In other words, a Covered Stablecoin issuer always stands ready to mint a Covered Stablecoin for one USD (or the relevant fraction) and redeem a Covered Stablecoin for one USD (or the relevant fraction), and there is no limitation on the amount of Covered Stablecoins that the issuer mints or redeems. Through this fixed-price, unlimited mint-redeem structure, the market price of a Covered Stablecoin is likely to remain stable relative to USD. Covered Stablecoins are minted by the issuer and offered and sold by the issuer or designated intermediaries. In some cases, any holder may be eligible to mint or redeem a Covered Stablecoin directly with the issuer on a one-for-one basis corresponding to the value of USD. In other cases, only designated intermediaries may be eligible to mint or redeem a Covered Stablecoin directly with the issuer on a one-for-one basis corresponding to the value of USD. In the latter case, holders other than a designated intermediary cannot mint or redeem the Covered Stablecoin directly with the issuer and can purchase and sell the Covered Stablecoin only through secondary market transactions, which could include transactions with designated intermediaries. The market price of a Covered Stablecoin on secondary markets can fluctuate from its redemption price. The fixed-price, unlimited mint-redeem structure of a Covered Stablecoin provides opportunities for designated intermediaries or other holders that are eligible to directly mint and redeem with a Covered Stablecoin issuer to engage in arbitrage to keep the market price stable relative to the redemption price. For example, if the market price is more than the redemption price, such parties will mint Covered Stablecoins directly with the issuer and sell them into the market, and the increased supply is likely to cause the market price to decrease and correlate closer to the redemption price. Alternatively, if the market price is less than the redemption price, such parties will purchase Covered Stablecoins in the secondary market and redeem them directly with the issuer, and the decreased supply is likely to cause the market price to increase and correlate closer to the redemption price. Marketing of Covered Stablecoins [7] Covered Stablecoins are marketed solely for use in commerce, as a means of making payments, transmitting money, and/or storing value, and not as investments. Marketers sometimes highlight that Covered Stablecoins provide a stable, quick, dependable, and accessible means of making payments, transmitting money, and/or storing value. Marketers also may liken Covered Stablecoins to a “digital dollar.” Marketers also sometimes state that a Covered Stablecoin: is designed to have a stable value relative or corresponding to USD ( e.g. , one Covered Stablecoin to one USD); does not entitle a Covered Stablecoin holder to the right to receive any interest, profit, or other returns; does not reflect any investment or other ownership interest in the Covered Stablecoin issuer or any other third party; does not afford a Covered Stablecoin holder any governance rights with respect to the Covered Stablecoin issuer or the Covered Stablecoin; and/or does not provide a Covered Stablecoin holder with any financial benefit or loss based on the Covered Stablecoin issuer or any third party’s financial performance. As discussed below, we believe that marketing Covered Stablecoins in these ways are indicia that Covered Stablecoins are not offered or sold as securities. The Reserve Covered Stablecoin issuers use the proceeds from sales of Covered Stablecoins to acquire assets that are then held in a pooled account, called a “Reserve.” The assets held in the Reserve consist of USD and/or other assets that are considered low-risk and readily liquid so as to allow a Covered Stablecoin issuer to honor all redemptions on demand. [8] At all times, the assets held in the Reserve back the amount of outstanding Covered Stablecoins on at least a one-for-one basis. The assets held in the Reserve are only used to pay redemptions, although the issuer may realize earnings on the assets held in the Reserve. While the assets held in the Reserve may be sold to redeem Covered Stablecoins, they are segregated from and not comingled with the assets of the Covered Stablecoin issuer or any third party. Moreover, the assets held in the Reserve are: (1) not used by the Covered Stablecoin issuer for operational or general business purposes; (2) not otherwise lent, pledged, or rehypothecated for any reason; and (3) held in a manner designed not to subject them to claims of third parties. To this end, a Covered Stablecoin issuer does not use the assets held in the Reserve to engage in trading, speculation, or discretionary investment strategies. While earnings on these assets, such as interest, may be used by a Covered Stablecoin issuer at its discretion, no such earnings are paid to Covered Stablecoin holders. In some cases, the Covered Stablecoin issuer publishes a “proof of reserves,” which the issuer uses as a verification method or audit to demonstrate that the Covered Stablecoin is backed by sufficient Reserves. Legal Discussion Section 2(a)(1) of the Securities Act and Section 3(a)(10) of the Exchange Act each defines the term “security” by providing a list of various financial instruments, including “stock,” “note,” and “evidence of indebtedness.” Because Covered Stablecoins share some characteristics with a note or other debt instrument, we analyze them under the test set forth in Reves v. Ernst & Young . [9] As discussed below, we also analyze them under the test set forth in SEC v. W.J. Howey Co . [10] Reves Analysis In Reves , the U. S. Supreme Court held that, because “note” is one of the instruments listed in the Securities Act’s and Exchange Act’s definition of “security,” there is a presumption that a note is a security. [11] That presumption may be rebutted by showing that the note strongly resembles one of the several types of notes issued in connection with typical commercial transactions and, accordingly, are properly excepted from the definition of security. [12] This so-called “family resemblance” test considers four factors. Motivations of Seller and Buyer. This factor considers the motivations that would prompt a reasonable seller and buyer to enter into the transaction. Plan of Distribution of the Instrument. This factor asks whether the note is an instrument in which there is “common trading for speculation or investment.” Reasonable Expectations of the Investing Public. This factor inquires whether the investing public would reasonably expect the note to be a security subject to the federal securities laws. Risk-Reducing Features. This factor asks whether there is some feature of the note, such as the existence of another regulatory scheme, which significantly reduces the risk of the instrument, thereby rendering application of the Securities Act and Exchange Act unnecessary. [13] Federal courts apply the Reves test holistically, as a balancing test, where no single factor is to be considered on its own to determine whether the note is a security or non-security. [14] Motivations of Seller and Buyer If the seller’s purpose is to raise money for the general use of a business enterprise or to finance substantial investments and the buyer is interested primarily in the profit the note is expected to generate, the instrument is likely to be a security. If, however, the note is exchanged in order to advance a commercial or consumer purpose, the note is not likely to be considered a security. [15] As discussed above, buyers purchase Covered Stablecoins for their stability and attendant use in commercial transactions or as a store of value. Because Covered Stablecoins do not pay or guarantee to pay interest or otherwise convey any rights to payments or assets except upon redemption for USD on a one-for-one basis, the buyer is not motivated to purchase and own the Covered Stablecoin for profit. [16] A Covered Stablecoin issuer uses the proceeds from sales to fund a Reserve, and though it may use the earnings on the Reserve to support its business, Covered Stablecoins are issued and purchased for commercial rather than investment purposes. [17] Plan of Distribution of the Instrument The Supreme Court in Reves explained that this factor considers whether there is ""common trading for speculation or investment."" This factor is satisfied when the instruments are “offered and sold to a broad segment of the public,” which is the case with Covered Stablecoins. [18] However, the Covered Stablecoin’s price stability design helps ensure that any secondary market trading is not for speculation or investment. While arbitrage opportunities could exist in the secondary market if a Covered Stablecoin’s market price fluctuates from its redemption price, those opportunities are minimized where the Covered Stablecoin issuer honors redemptions on demand and mints and redeems Covered Stablecoins on a one-for-one basis with USD at any time. Reasonable Expectations of the Investing Public This factor involves an examination of how the instruments are marketed and sold. In Reves itself, the Court recognized that “[t]he advertisements for the notes here characterized them as ‘investments,’ … and there were no countervailing factors that would have led a reasonable person to question this characterization.” [19] As stated above, Covered Stablecoins are not marketed as investments; rather, they are marketed as a stable, quick, reliable and accessible means of transferring value, or storing value and not for potential profit or as investments. Risk-Reducing Features Among the risk-reducing features recognized under this factor include whether the notes are collateralized or insured or are subject to “another regulatory scheme [that] significantly reduces the risk of the instrument, thereby rendering application of the Securities Acts unnecessary.” [20] Covered Stablecoin issuers maintain a Reserve designed to satisfy fully their redemption obligations, [21] which consists of USD and/or other assets that are considered low-risk and readily liquid so as to allow a Covered Stablecoin issuer to honor all redemptions on demand. Therefore, on balance, it is the Division’s view that Covered Stablecoins are not securities under Reves because: (1) sellers use the proceeds to fund a Reserve and buyers are not motivated by an expected return on their funds; (2) Covered Stablecoins are distributed in a manner that does not encourage trading for speculation or investment; (3) a reasonable buyer would likely expect that Covered Stablecoins are not investments; and (4) the availability of a Reserve adequately funded to fully satisfy redemptions on demand is a risk-reducing feature of Covered Stablecoins. In short, the offer and sale of Covered Stablecoins is to advance a commercial or consumer purpose. Howey Analysis In the event a Covered Stablecoin is not viewed as a note or other debt instrument, and considering that it is not any of the other financial instruments that are specifically enumerated in the definition of “security,” we conduct further analysis of the offer and sale of Covered Stablecoins under the “investment contract” test set forth in Howey . The “ Howey test” is used to analyze arrangements or instruments not listed in Section 2(a)(1) of the Securities Act and Section 3(a)(10) of the Exchange Act based on their “economic realities.” [22] In evaluating the economic realities of a transaction, the test is whether there is an investment of money in a common enterprise premised on a reasonable expectation of profits to be derived from the entrepreneurial or managerial efforts of others. [23] Since Howey , the Supreme Court has contrasted the motivations of investors – those who are attracted to a scheme by the “prospects of a return on their investment” [24] – with the motivations of consumers – those who are “motivated by a desire to use or consume the item purchased.” [25] While the federal securities laws apply to transactions in investments, they do not apply to consumer transactions. [26] As discussed above, buyers do not purchase Covered Stablecoins with a reasonable expectation of profit derived from the entrepreneurial or managerial efforts of others because these instruments are not marketed as investments or with any emphasis on the potential for profit. [27] Rather, buyers are motivated to use or consume Covered Stablecoins as so-called “digital dollars” in the same way one would use USD. Accordingly, it is the Division’s view that Covered Stablecoins are not offered or sold as investment contracts. For further information, please contact the Division’s Office of Chief Counsel by submitting a web-based request form at https://www.sec.gov/forms/corp_fin_interpretive . [1] For purposes of this statement, a “crypto asset” is an asset that is generated, issued, and/or transferred using a blockchain or similar distributed ledger technology network, including, but not limited to, assets known as “tokens,” “digital assets,” “virtual currencies,” and “coins,” and that relies on cryptographic protocols. In addition, for purposes of this statement, an “issuer” refers to an issuer or an affiliate of the issuer. [2] This statement represents the views of the staff of the Division of Corporation Finance (the “Division”). It is not a rule, regulation, guidance, or statement of the U.S. Securities and Exchange Commission (“Commission”), and the Commission has neither approved nor disapproved its content. This statement, like all staff statements, has no legal force or effect: it does not alter or amend applicable law, and it creates no new or additional obligations for any person. [3] Stablecoins that use algorithms rather than relying on assets held in a reserve typically are referred to as “algorithmic stablecoins.” [4] The Division expresses a view only as to Covered Stablecoins described in this statement. We do not express a view regarding the application of the federal securities laws to any other types of stablecoins, including those that are intended to track the value of reference assets other than USD, such as non-USD fiat currencies, commodities, other crypto assets, or those with alternative stability mechanisms like algorithmic stablecoins. We also do not express a view regarding stablecoins that are intended to track the value of USD and can be redeemed for assets other than USD. Further, we do not express a view regarding the application of the federal securities laws to “yield-bearing stablecoins,” which are stablecoins providing holders with yield, interest or other passive income, whether in the form of regular payments or rewards, or in the form of “re-basing,” which is a mechanism that automatically adjusts the total supply of the stablecoins. [5] The Division’s view is not dispositive of whether any stablecoin, including a Covered Stablecoin, is offered or sold as a security. A definitive determination requires analyzing the facts relating to the specific stablecoin and the circumstances surrounding its offer and sale. Where facts vary from those presented in this statement, the Division’s view as to whether the specific stablecoin is offered or sold as a security may be different. [6] Examples of such low-risk, readily-liquid assets include USD cash equivalents, demand deposits with banks or other financial institutions, U.S. Treasury securities, and/or money market funds registered under Section 8(a) of the Investment Company Act of 1940, and do not include precious metals or other crypto assets. [7] As discussed below under “Legal Discussion,” in assessing whether issuers or promoters offered or sold securities, federal courts examine the marketing methods employed. [8] Some Covered Stablecoin issuers may be subject to regulation under state law, and such regulation may prescribe the permissible assets that may be held in a Reserve. [9] 494 U.S. 56 (1990). Federal courts apply the Reves test to notes as well as to other instruments with debt characteristics. See, e.g., In re Tucker Freight Lines, Inc ., 789 F. Supp. 884, 885 (W.D. Mich. 1991) (The Court’s “method [in Reves ] seems applicable to all debt instruments, including evidences of indebtedness.”). As Covered Stablecoin issuers create an obligation to honor redemption requests, the Covered Stablecoin may be viewed as a debt of the issuer. While a Covered Stablecoin does not exhibit all the attributes of a typical note ( e.g. , there is no term, stated rate of interest payable, etc.), we nevertheless want to clarify that it is the Division’s view that the offer and sale of a Covered Stablecoin is not the offer and sale of a security in the event the Covered Stablecoin may be deemed to be a note or other evidence of indebtedness. [10] 328 U.S. 293 (1946). Federal courts undertake both Reves and Howey analyses where facts warrant it. See, e.g., Banco Espanol de Credito v. Security Pacific Nat’l Bank , 763 F. Supp. 36 (2nd Cir 1991) (in which the court assessed loan participations at issue under both the Reves and Howey tests). [11] Reves , 494 U.S. at 64-66. [12] Id . at 65. These non-security notes are: (1) notes delivered in connection with consumer financing; (2) a note secured by a home mortgage; (3) short term notes secured by a lien on a small business or its assets; (4) notes evidencing a “character” loan to a bank customer; (5) short term notes secured by an assignment of accounts receivable; (6) notes which simply formalize an open-account debt incurred in the ordinary course of business; and (7) notes evidencing loans by commercial banks for current operations. [13] Id . at 66-67. [14] See, e.g., SEC v. J.T. Wallenbrock & Assocs ., 313 F.3d 532, 537 (9th Cir. 2002) (“Failure to satisfy one of the factors is not dispositive; they are considered as a whole.”). [15] Reves at 60; Pollack v. Laidlaw Holdings, Inc ., 27 F.3d 808, 812 (2d Cir. 1994). [16] We believe that, under these circumstances, the motivations of the buyer are to be given greater weight. See, e.g., id . at 813 (where the court found that, under the circumstances, including that buyers “sought to invest funds in secure, conservative investments,” notes would be considered securities regardless of the motivations of the sellers). [17] For example, a Covered Stablecoin issuer typically offers Covered Stablecoins as stored value or prepaid access products in compliance with applicable state money transmitter laws. [18] Reves , 494 U.S. at 68. [19] Id . at 68-69. [20] Id. at 61. In Reves , the Court found no risk-reducing factor because the notes were “uncollateralized and uninsured” and “would escape federal regulation entirely if the [Securities Act and Exchange Act] did not apply to them.” Id . at 69. See also Pollack , 27 F.3d at 814 (observing in connection with the analysis of the fourth Reves factor that the ""amended complaint specifically alleges that the mortgage participations were 'not secured' and were 'uncollateralized""'). [21] The extent to which the Reserve is or is not subject to the claims of the issuer’s creditors may impact whether there are sufficient risk-reducing features under Reves . For example, there likely are sufficient risk-reducing features where a stablecoin issuer holds the Reserve funds in a bankruptcy-remote account or entity for the sole benefit of Covered Stablecoin holders. [22] See Landreth Timber Co. v. Landreth , 471 U.S. 681, 689 (1985), in which the U.S. Supreme Court suggested that the proper test for determining whether a particular instrument that is not clearly within the definition of “stock” as set forth in Section 2(a)(1) of the Securities Act, or that otherwise is of an unusual nature, is the economic realities test set forth in Howey . In analyzing whether an instrument is a security, “form should be disregarded for substance,” Tcherepnin v. Knight , 389 U.S. 332, 336 (1967), “and the emphasis should be on economic realities underlying a transaction, and not on the name appended thereto.” United Housing Found., Inc. v. Forman , 421 U.S. 837, 849 (1975). [23] Forman , 421 U.S. at 852. [24] Howey , 328 U.S. at 300 (“Such persons have no desire to occupy the land or to develop it themselves; they are attracted solely by the prospects of a return on their investment.”). [25] Forman , 421 U.S. at 852-53. [26] Id . at 853. [27] See, e.g., SEC v. Edwards , 540 U.S. 389, 392 (2004) (examining statements made by the promoter “[i]n its marketing materials and on its website” to determine whether promoter offered and sold investment contracts); Aldrich v. McCulloch Properties, Inc ., 627 F.2d 1036, 1039-40 (10th Cir. 1980) (“Promotional materials, merchandising approaches, oral assurances and contractual agreements were considered in testing the nature of the product in virtually every relevant investment contract case.”).",False
c9fad90022fafcc7,https://www.sec.gov/about/crypto-task-force/cryptosec,SEC.gov | Crypto@SEC,09/05/25,2025-09-05 00:00:00+00,"Chairman Paul S. Atkins, U.S. Securities and Exchange Commission, and Acting Chairman Caroline D. Pham, U.S. Commodity Futures Trading Commission",Joint Statement from the Chairman of the SEC and Acting Chairman of the CFTC,https://www.sec.gov/newsroom/speeches-statements/joint-statement-atkins-pham-090525,"To the extent possible and appropriate in the public interest under existing statutes, the Securities and Exchange Commission and the Commodity Futures Trading Commission should consider harmonizing product and venue definitions; streamlining reporting and data standards; aligning capital and margin frameworks; and standing up coordinated innovation exemptions using each agency’s existing exemptive authority.",21b4580729ac88e0,True,2025-09-23 14:39:58.562393+00,2025-10-03 17:59:57.556066+00,,"# Joint Statement from the Chairman of the SEC and Acting Chairman of the CFTC
> Joint Statement from the Chairman of the SEC and Acting Chairman of the CFTC Chairman Paul S. Atkins, U.S. Securities and Exchange Commission, and Acting Chairman Caroline D. Pham, U.S. Commodity Futures Trading Commission September 5, 2025

## More in this Section
More in this Section Newsroom Press Releases Speeches & Statements Meetings & Events SEC Videos Social Media Directory What's New Newsroom Press Releases Speeches & Statements Meetings & Events SEC Videos Social Media Directory What's New Home Newsroom Speeches and Statements Joint Statement from the Chairman of the SEC and Acting Chairman of the CFTC Statement Joint Statement from the Chairman of the SEC and Acting Chairman of the CFTC Chairman Paul S. Atkins, U.S. Securities and Exchange Commission, and Acting Chairman Caroline D. Pham, U.S. Commodity Futures Trading Commission Washington D.C. Sept. 5, 2025 As the markets for securities and non-securities increasingly converge, we are excited to embark on a new beginning for coordination between U.S. market regulators. The work of the Securities and Exchange Commission (SEC) and the Commodity Futures Trading Commission (CFTC) has never been more intertwined—and the wave of innovation before us never more dependent on the depth of our cooperation. Harmonization between U.S. market regulators is essential to the viability of a broad range of innovative products. Today, we build on our divisions’ joint statement on facilitating trading of certain spot crypto asset products and highlight the innovations that greater harmonization of SEC and CFTC regulatory frameworks can unleash. The securities and commodity derivatives regulatory regimes have differing statutorily prescribed jurisdictions, but fostering innovation in both new markets and new products demands that U.S. regulators be flexible and agile. The SEC and CFTC must coordinate to ensure there is not a regulatory “no man’s land” due to inaction by one or both agencies. Failure to coordinate, and the resulting regulatory uncertainty, have chilled productive economic activity even when the products would otherwise be allowable under federal law. That chapter belongs to history. It is a new day at the SEC and the CFTC, and today we reaffirm the need to ensure regulation does not stand in the way of progress. By working in lockstep, our two agencies can harness our nation’s unique regulatory structure into a source of strength for market participants, investors, and all Americans. Tuesday’s joint staff statement on spot crypto asset products is only a first step. To the extent possible and appropriate in the public interest under existing statutes, our respective agencies should consider harmonizing product and venue definitions; streamlining reporting and data standards; aligning capital and margin frameworks; and standing up coordinated innovation exemptions using each agency’s existing exemptive authority. Working together, the agencies can consider how to craft a reliable playbook for innovators and investors, advancing U.S. competitiveness and market integrity, consistent with our statutory mandates. We look to a future where the meeting of our statutes is not a point of friction, but a source of clarity.

## Next Steps – Bringing Novel and Innovative Products Back to America
Next Steps – Bringing Novel and Innovative Products Back to America Today, we are announcing a joint SEC-CFTC roundtable on regulatory harmonization, which will be held on September 29, 2025. As detailed by the President’s Working Group on Digital Asset Markets Report on Strengthening American Leadership in Digital Financial Technology, we are committed to using our existing authorities to establish fit-for-purpose regulations for innovative products and trading platforms. The United States has long been the home of financial innovation, but recently, novel products have been driven overseas by fragmented oversight and legal uncertainty. The SEC and the CFTC should encourage the reversal of this trend by harmonizing their approaches to product offerings, enabling increased market choice, and protecting investors through clear, predictable, and pro-innovation regulatory frameworks. We present the priorities below as potential areas of coordination to be discussed at the joint roundtable. 24/7 Markets For on-chain finance to scale, the SEC and the CFTC should collaborate to consider the possibility of further expanding trading hours, where appropriate. Factors that may be relevant to this consideration include operational feasibility and liquidity consistent with investor and customer protections. Certain markets, including foreign exchange, gold, and crypto assets, already trade continuously. Further expanding trading hours could better align U.S. markets with the evolving reality of a global, always-on economy. Expanding trading hours may be more viable in some asset classes than others, so there may not be a one-size-fits-all approach for all products. Event Contracts Prediction markets, while they have existed around the world for decades, are undergoing rapid growth with growing demand from both market operators and the public. We should work together to provide clarity for innovators that want to list event contracts on prediction markets responsibly, including those based on securities. The SEC and CFTC should examine opportunities to collaborate to consider where event contracts may be made available to U.S. market participants regardless of where the jurisdictional lines fall. Perpetual Contracts Perpetual contracts, or derivatives without a defined expiry date, are common in offshore crypto markets. Jurisdictional and definitional constraints have limited their use in the United States. The agencies could consider concurrent steps to onshore perpetual contracts that meet investor and customer-protection standards, potentially allowing these products to trade across SEC- and CFTC- regulated platforms. This endeavor would capture economic activity now flowing exclusively to foreign platforms and bring U.S. traders access to products with transparent leverage limits and robust risk management. Portfolio Margining A coordinated SEC-CFTC framework for portfolio margining could potentially reduce capital inefficiencies by recognizing offsetting positions across product classes. Today, unharmonized requirements and structural inefficiencies often force market participants to post collateral separately at SEC-registered and CFTC-registered entities, even when their positions hedge each other in real economic terms. By considering harmonizing margin requirements, the agencies could allow broker-dealers, futures commission merchants, and clearing members to more efficiently net exposures. This would reduce the cost of carrying hedged positions, free up balance sheet capacity, and lower barriers for institutional and retail participation in cross-market strategies. The two agencies should consider taking action to allow clearinghouses to offer portfolio-based margin across their respective product lines that retains resiliency without triggering duplicative registration or conflicting compliance burdens. By reducing capital lock-up while maintaining robust risk controls, the agencies could catalyze liquidity, tighten spreads, and encourage innovation in market structure. This kind of collaborative red tape cutting could meaningfully strengthen market resiliency and better align U.S. markets to compete internationally. Innovation Exemptions and Decentralized Finance Today’s decentralized finance (DeFi) protocols enable direct peer-to-peer trading without the need for intermediaries. We reaffirm that both agencies are prepared to consider “innovation exemptions” to create safe harbors or exemptions that allow market participants to engage in peer-to-peer trading of spot, leveraged, margined, or other transactions in spot crypto assets, including derivatives such as perpetual contracts, over DeFi protocols. These safe harbors and exemptions would allow market participants to build commercially viable models while the agencies advance longer-term rulemaking. The right to self-custody one’s assets is a core American value. While market participants have paths under current law to trade spot crypto on federally regulated venues, the path remains open for peer-to-peer spot crypto trading as well. We encourage market participants to meet with our respective staffs as entrepreneurs onshore trading activity and innovate.

### 24/7 Markets
24/7 Markets For on-chain finance to scale, the SEC and the CFTC should collaborate to consider the possibility of further expanding trading hours, where appropriate. Factors that may be relevant to this consideration include operational feasibility and liquidity consistent with investor and customer protections. Certain markets, including foreign exchange, gold, and crypto assets, already trade continuously. Further expanding trading hours could better align U.S. markets with the evolving reality of a global, always-on economy. Expanding trading hours may be more viable in some asset classes than others, so there may not be a one-size-fits-all approach for all products.

### Event Contracts
Event Contracts Prediction markets, while they have existed around the world for decades, are undergoing rapid growth with growing demand from both market operators and the public. We should work together to provide clarity for innovators that want to list event contracts on prediction markets responsibly, including those based on securities. The SEC and CFTC should examine opportunities to collaborate to consider where event contracts may be made available to U.S. market participants regardless of where the jurisdictional lines fall.

### Perpetual Contracts
Perpetual Contracts Perpetual contracts, or derivatives without a defined expiry date, are common in offshore crypto markets. Jurisdictional and definitional constraints have limited their use in the United States. The agencies could consider concurrent steps to onshore perpetual contracts that meet investor and customer-protection standards, potentially allowing these products to trade across SEC- and CFTC- regulated platforms. This endeavor would capture economic activity now flowing exclusively to foreign platforms and bring U.S. traders access to products with transparent leverage limits and robust risk management.

### Portfolio Margining
Portfolio Margining A coordinated SEC-CFTC framework for portfolio margining could potentially reduce capital inefficiencies by recognizing offsetting positions across product classes. Today, unharmonized requirements and structural inefficiencies often force market participants to post collateral separately at SEC-registered and CFTC-registered entities, even when their positions hedge each other in real economic terms. By considering harmonizing margin requirements, the agencies could allow broker-dealers, futures commission merchants, and clearing members to more efficiently net exposures. This would reduce the cost of carrying hedged positions, free up balance sheet capacity, and lower barriers for institutional and retail participation in cross-market strategies. The two agencies should consider taking action to allow clearinghouses to offer portfolio-based margin across their respective product lines that retains resiliency without triggering duplicative registration or conflicting compliance burdens. By reducing capital lock-up while maintaining robust risk controls, the agencies could catalyze liquidity, tighten spreads, and encourage innovation in market structure. This kind of collaborative red tape cutting could meaningfully strengthen market resiliency and better align U.S. markets to compete internationally.

### Innovation Exemptions and Decentralized Finance
Innovation Exemptions and Decentralized Finance Today’s decentralized finance (DeFi) protocols enable direct peer-to-peer trading without the need for intermediaries. We reaffirm that both agencies are prepared to consider “innovation exemptions” to create safe harbors or exemptions that allow market participants to engage in peer-to-peer trading of spot, leveraged, margined, or other transactions in spot crypto assets, including derivatives such as perpetual contracts, over DeFi protocols. These safe harbors and exemptions would allow market participants to build commercially viable models while the agencies advance longer-term rulemaking. The right to self-custody one’s assets is a core American value. While market participants have paths under current law to trade spot crypto on federally regulated venues, the path remains open for peer-to-peer spot crypto trading as well. We encourage market participants to meet with our respective staffs as entrepreneurs onshore trading activity and innovate.

## Conclusion
Conclusion Today, we are ready to usher in a new era of innovation by recalibrating our posture toward regulatory cooperation. By harmonizing our regulatory frameworks, leveraging exemptive authorities, and collaborating on innovative products and trading platforms, the two agencies could unlock new opportunities for market participants, foster innovation, and solidify the United States as the global leader in crypto and blockchain technology. Building on the PWG Report’s recommendations , we can work to create a regulatory environment that allows American businesses to flourish, innovate, and lead in global markets. Working together, we can ensure that the next chapter of financial innovation is written right here in America, and that the United States remains the premier place in the world to start a business, develop breakthrough technologies, and participate in capital markets.",False
e4d6dbe247e54768,https://www.sec.gov/about/crypto-task-force/cryptosec,SEC.gov | Crypto@SEC,08/05/25,2025-08-05 00:00:00+00,Division of Corporation Finance,Statement on Certain Liquid Staking Activities,https://www.sec.gov/newsroom/speeches-statements/corpfin-certain-liquid-staking-activities-080525,"As part of an effort to provide greater clarity on the application of the federal securities laws to crypto assets, the Division of Corporation Finance is providing its views on liquid staking, a specific type of Protocol Staking.",ea69b7b84715891d,True,2025-09-23 14:39:58.562393+00,2025-10-03 17:59:57.929619+00,,"# Statement on Certain Liquid Staking Activities
> Statement on Certain Liquid Staking Activities Division of Corporation Finance August 5, 2025

## More in this Section
More in this Section Newsroom Press Releases Speeches & Statements Meetings & Events SEC Videos Social Media Directory What's New Newsroom Press Releases Speeches & Statements Meetings & Events SEC Videos Social Media Directory What's New Home Newsroom Speeches and Statements Statement on Certain Liquid Staking Activities Statement Statement on Certain Liquid Staking Activities Division of Corporation Finance Washington D.C. Aug. 5, 2025

## Introduction
Introduction As part of an effort to provide greater clarity on the application of the federal securities laws to crypto assets, [1] the Division of Corporation Finance is providing its views [2] on a specific type of Protocol Staking. The Division previously provided its views on certain types of Protocol Staking in a staff statement (the “Protocol Staking Statement”), [3] which addressed three types of Protocol Staking: self (or solo) staking; self-custodial staking directly with a third party; and so-called “custodial staking.” This statement addresses a fourth type of Protocol Staking known as “liquid staking.” [4]

## Liquid Staking
Liquid Staking “Liquid Staking” as used in this statement refers to a type of Protocol Staking whereby owners of Covered Crypto Assets deposit their Covered Crypto Assets with a third-party Protocol Staking service provider (such owners, “Depositors”) and in return receive newly “minted” (or created) crypto assets (“Staking Receipt Tokens”) that evidence Depositors’ ownership of the deposited Covered Crypto Assets and any rewards (as described in the Protocol Staking Statement) that accrue to the deposited Covered Crypto Assets. [5] As part of Liquid Staking, Staking Receipt Tokens are issued to Depositors on a one-for-one basis to the amount of the deposited Covered Crypto Assets. [6] Staking Receipt Tokens enable their holders to maintain liquidity without having to withdraw the deposited Covered Crypto Assets from staking. [7] For example, holders can use Staking Receipt Tokens as collateral or to participate in crypto applications, including those that can provide a return to the holder, although any such transactions are separate and independent of the actual Protocol Staking Activity itself. Staking Receipt Tokens do not change any of the rights or obligations of the deposited Covered Crypto Assets such that the Staking Receipt Tokens are properly characterized as receipts for the deposited Covered Crypto Assets. Depositors can redeem the Staking Receipt Tokens for the deposited Covered Crypto Assets and any rewards that accrue to the deposited Covered Crypto Assets, [8] subject to any applicable “unbonding” period. Persons can participate in such Liquid Staking through protocol-based or third-party service providers, both referred to in this statement as “Liquid Staking Providers.” The Liquid Staking Provider facilitates the staking of the deposited Covered Crypto Assets on behalf of the Depositor. The Liquid Staking Provider holds the deposited Covered Crypto Assets either in a cryptographic “wallet” that the Liquid Staking Provider controls or in a smart contract. The Liquid Staking Provider stakes the deposited Covered Crypto Assets on behalf of the Depositor for an agreed-upon fee that reduces the amount of rewards that would otherwise accrue to the deposited Covered Crypto Assets, either using a node the Liquid Staking Provider operates or through a third-party Node Operator the Liquid Staking Provider selects. [9] In the latter case, this selection is the Liquid Staking Provider’s only decision in the staking process, and that decision may be automated. At all times during this Liquid Staking arrangement, the deposited Covered Crypto Assets remain in the control of the Liquid Staking Provider and the Depositor (or any subsequent transferee of the Depositor’s Staking Receipt Tokens) is intended to retain ownership of the deposited Covered Crypto Assets. [10] When using a protocol-based Liquid Staking Provider, Depositors deposit their Covered Crypto Assets into a protocol that holds the deposited Covered Crypto Assets in a smart contract on behalf of the Depositors, stakes the deposited Covered Crypto Assets on behalf of the Depositors, and issues Staking Receipt Tokens to the Depositors, all in a programmatic manner through self-executing computer code. The minting, issuing and redeeming of the Staking Receipt Tokens is performed without the need for or reliance upon a third-party intermediary. When using a third-party service provider, such as a Custodian, Depositors deposit their Covered Crypto Assets with the third-party service provider, who holds the deposited Covered Crypto Assets in a digital wallet on behalf of the Depositors, stakes the deposited Covered Crypto Assets on behalf of the Depositors, and issues Staking Receipt Tokens to the Depositors. The minting, issuing and redeeming of the Staking Receipt Tokens is performed by the third-party service provider. In a Liquid Staking arrangement, rewards accrue to and slashing losses are deducted from the staked Covered Crypto Assets. In this regard, rewards are deposited with the Liquid Staking Provider, and staked Covered Crypto Assets are forfeited if there are slashing losses, in either case in a programmatic manner through self-executing computer code. There are two methods through which Staking Receipt Tokens reflect rewards and/or slashing losses. In the first method, the Staking Receipt Token itself evidences ownership of more Covered Crypto Assets as and when rewards accrue and fewer Covered Crypto Assets as and when slashing losses occur. This means that the ratio of one Staking Receipt Token to one Covered Crypto Asset changes as rewards accrue and/or slashing losses occur. For example, as rewards accrue the ratio changes from one-to-one to one-to-more-than-one, with one Staking Receipt Token representing more than one Covered Crypto Asset. In the second method, Staking Receipt Token holders receive additional Staking Receipt Tokens as and when rewards accrue and lose Staking Receipt Tokens as and when slashing losses occur. This means that the ratio of Staking Receipt Tokens to Covered Crypto Assets always remains one-to-one. In either case, the Staking Receipt Tokens can be redeemed with the Liquid Staking Provider for the deposited Covered Crypto Assets, subject to any applicable “unbonding” period.

## Division’s View on Liquid Staking Activities
Division’s View on Liquid Staking Activities It is the Division’s view that “Liquid Staking Activities” (as defined below) in connection with Protocol Staking do not involve the offer and sale of securities within the meaning of Section 2(a)(1) of the Securities Act of 1933 (the “Securities Act”) or Section 3(a)(10) of the Securities Exchange Act of 1934 (the “Exchange Act”). [11] Accordingly, it is the Division’s view that participants in Liquid Staking Activities do not need to register with the Commission transactions under the Securities Act, or fall within one of the Securities Act’s exemptions from registration in connection with these Liquid Staking Activities. It also is the Division’s view that the offer and sale of Staking Receipt Tokens, in the manner and under the circumstances described in this statement, do not involve the offer and sale of securities within the meaning of Section 2(a)(1) of the Securities Act or Section 3(a)(10) of the Exchange Act, unless the deposited Covered Crypto Assets are part of or subject to an investment contract. [12] Accordingly, Liquid Staking Providers involved in the process of minting, issuing and redeeming Staking Receipt Tokens, as described in this statement, as well as persons involved in secondary market offers and sales of Staking Receipt Tokens, do not need to register those transactions with the Commission under the Securities Act or fall within one of the Securities Act’s exemptions from registration, unless the deposited Covered Crypto Assets are part of or subject to an investment contract.

## Liquid Staking Activities Covered by this Statement
Liquid Staking Activities Covered by this Statement The Division’s view pertains to the following Protocol Staking activities and transactions when such activities and transactions conform to the descriptions above (“Liquid Staking Activities” and each a “Liquid Staking Activity”): the activities undertaken by Liquid Staking Providers in connection with Liquid Staking, including their roles in connection with the earning and distribution of rewards, slashing, and the minting, issuing and redeeming of Staking Receipt Tokens, including holding deposited Covered Crypto Assets (in a wallet or smart contract) on behalf of the Depositors, issuing Staking Receipt Tokens evidencing the Depositors’ ownership of the deposited Covered Crypto Assets, and facilitating the staking of the deposited Covered Crypto Assets on behalf of the Depositors; and providing Ancillary Services (as described in the Protocol Staking Statement).

## Discussion of Liquid Staking Activities
Discussion of Liquid Staking Activities Section 2(a)(1) of the Securities Act and Section 3(a)(10) of the Exchange Act each defines the term “security” by providing a list of various financial instruments, including “stock,” “note,” and “bond.” As noted in the Protocol Staking Statement, a Covered Crypto Asset does not constitute any of the financial instruments that are specifically enumerated in the definition of “security.” Accordingly, we conduct our analysis of certain transactions involving Covered Crypto Assets in the context of Liquid Staking under the “investment contract” test set forth in SEC v. W.J. Howey Co . [13] The “ Howey test” is used to analyze arrangements or instruments not listed in those statutory sections based on their “economic realities.” [14] In evaluating the economic realities of a transaction, the test is whether there is an investment of money in a common enterprise premised on a reasonable expectation of profits to be derived from the entrepreneurial or managerial efforts of others. [15] Federal courts since Howey have explained that Howey’s “efforts of others” requirement is satisfied when “the efforts made by those other than the investor are the undeniably significant ones, those essential managerial efforts which affect the failure or success of the enterprise.” [16] Federal courts also have stated that administrative and ministerial activities are not managerial or entrepreneurial efforts that satisfy Howey’s efforts of others prong. [17] In a Liquid Staking arrangement, the Liquid Staking Provider (whether a Node Operator or not) does not provide entrepreneurial or managerial efforts to Depositors for whom it provides this service. These arrangements are similar to those discussed in the Protocol Staking Statement with respect to “Custodial Arrangements.” The Liquid Staking Provider does not decide whether, when, or how much of a Depositor’s Covered Crypto Assets to stake and is simply acting as an agent in connection with staking the Covered Crypto Assets on behalf of the Depositor. [18] In addition, the Liquid Staking Provider’s taking custody of the deposited Covered Crypto Assets and in some cases selecting a Node Operator is not sufficient to satisfy Howey’s “efforts of others” requirement because these activities are administrative or ministerial in nature and do not involve managerial or entrepreneurial efforts. Further, the Liquid Staking Provider does not guarantee or otherwise set the amount of the rewards owed to Depositors, although the Liquid Staking Provider may subtract from such amount its fees (whether fixed or a percentage of such amount). [19] Further, Liquid Staking Providers may provide Ancillary Services to Depositors in connection with Liquid Staking. Each of these Ancillary Services is merely administrative or ministerial in nature and does not involve entrepreneurial or managerial efforts. As noted in the Protocol Staking Statement, they are facets of a general activity ‒ Protocol Staking ‒ that itself is not entrepreneurial or managerial in nature. Whether a Liquid Staking Provider offers Ancillary Services separately or as a group of services, the Liquid Staking Provider does not act in a managerial or entrepreneurial way if it provides any or all of these services.

## Discussion of Staking Receipt Tokens
Discussion of Staking Receipt Tokens Section 2(a)(1) of the Securities Act and Section 3(a)(10) of the Exchange Act each defines the term “security” by providing a list of various financial instruments, including “stock,” “note,” and “bond.” As part of Liquid Staking, a Staking Receipt Token issued to a Depositor does not constitute any of the financial instruments specifically enumerated in the definition of “security.” [20] While Depositors are entitled to rewards accruing with respect to their deposited Covered Crypto Assets, the Staking Receipt Token itself does not generate rewards. Rather, rewards are generated from the underlying Protocol Staking Activities, which (as discussed above) do not involve securities transactions. As such, the Staking Receipt Token merely evidences the deposited Covered Crypto Assets held with the Liquid Staking Providers to which the Depositor is entitled as the owner. The definition of “security” specifically includes “receipt for” any security. [21] A Staking Receipt Token is a receipt, which is an instrument certifying that a stated amount of a Covered Crypto Asset has been deposited with the Liquid Staking Provider issuing the receipt, because it evidences the holder’s ownership of the deposited Covered Crypto Asset. [22] But a Staking Receipt Token is not a receipt for a security because the deposited Covered Crypto Asset is not a security. [23] If a Staking Receipt Token itself is not a security, consideration must be given to whether it itself is offered and sold as part of or subject to an investment contract. Determining whether a Staking Receipt Token is offered and sold as part of or subject to an investment contract is analyzed using the Howey test. It is the Division’s view that Staking Receipt Tokens are not offered and sold as part of or subject to an investment contract because the parties involved in the process of minting, issuing and redeeming Staking Receipt Tokens do not provide entrepreneurial or managerial efforts to Staked Receipt Token holders and any economic benefits realized by Staking Receipt Tokens holders are not derived from any such efforts. [24] That is, the value of Staking Receipt Tokens is derived from the value of the deposited Covered Crypto Assets and not from the entrepreneurial or managerial efforts of the Liquid Staking Provider or those of any other third party involved in the process of minting, issuing and redeeming Staking Receipt Tokens. Moreover, any rewards accruing with respect to the deposited Covered Crypto Assets are realized from Protocol Staking Activities that, as discussed above, do not involve the offer and sale of securities within the meaning of Section 2(a)(1) of the Securities Act or Section 3(a)(10) of the Exchange Act. Notwithstanding any of the foregoing, this statement does not extend to Liquid Staking Provider Activities that go beyond administrative and ministerial activities, or to the offer, sale, or issuance of Staking Receipt Tokens that are inconsistent with the descriptions set forth above. For further information, please contact the Division’s Office of Chief Counsel by submitting a web-based request form at https://www.sec.gov/forms/corp_fin_interpretive . [1] For purposes of this statement, a “crypto asset” is an asset that is generated, issued, and/or transferred using a blockchain or similar distributed ledger technology network (“crypto network”), including, but not limited to, assets known as “tokens,” “digital assets,” “virtual currencies,” and “coins,” and that relies on cryptographic protocols. In addition, for purposes of this statement, a “network” refers to a crypto network and a “crypto application” refers to software operating on a crypto network. [2] This statement represents the views of the staff of the Division of Corporation Finance (the “Division”). It is not a rule, regulation, guidance, or statement of the U.S. Securities and Exchange Commission (the “Commission”), and the Commission has neither approved nor disapproved its content. This statement, like all staff statements, has no legal force or effect: it does not alter or amend applicable law, and it creates no new or additional obligations for any person. [3] See Division of Corporation Finance, “Statement on Certain Protocol Staking Activities,” available at https://www.sec.gov/newsroom/speeches-statements/statement-certain-protocol-staking-activities-052925 . Terms used but not defined in this statement have the same meaning as corresponding terms defined in the Protocol Staking Statement. [4] This statement does not address “restaking,” which is a process that allows Covered Crypto Assets staked on their native crypto network to be used on additional crypto networks or crypto applications. The specific staking activities covered by this statement are discussed below in “Liquid Staking Activities Covered by this Statement.” [5] As discussed below, “slashing” losses are deducted from the staked Covered Crypto Assets. [6] While issued on a one-for-one basis, the Staking Receipt Token that is issued may not be a whole unit because at the time of deposit one whole unit of the deposited Covered Crypto Asset may represent a fraction of one whole unit of the Staking Receipt Token. [7] The deposited Covered Crypto Assets are “locked-up” and cannot be transferred for a period of time under the terms of the applicable protocol, as discussed in the Protocol Staking Statement. [8] When redeemed, the Staking Receipt Tokens are “burned,” which is a process through which the Staking Receipt Tokens are permanently removed from circulation. [9] The amount of rewards that otherwise would accrue to the deposited Covered Crypto Assets also would be reduced by any fees owed to a third-party Node Operator. [10] The Liquid Staking Provider typically enters into an agreement with the Depositor, such as a user agreement or terms of service, providing that the Depositor retains ownership of the Covered Crypto Assets. [11] The Division’s view is not dispositive as to whether any specific Liquid Staking Activity (defined below) involves the offer and sale of a security. A definitive determination requires analyzing the facts relating to the specific Liquid Staking Activity. Where facts vary from those presented in this statement, the Division’s view as to whether the specific Liquid Staking Activity involves the offer and sale of a security may be different. [12] The Division’s view is not dispositive as to whether any specific Staking Receipt Token is offered or sold as a security. A definitive determination requires analyzing the facts relating to the specific Staking Receipt Token and the circumstances surrounding its offer and sale. Where facts vary from those presented in this statement, the Division’s view as to whether the specific Staking Receipt Token is offered or sold as a security may be different. [13] 328 U.S. 293 (1946). We do not believe Liquid Staking generally and the “Liquid Staking Activities” defined in this statement and upon which we express our view in this statement involve notes or other evidences of indebtedness because at all times during the staking process the Depositor retains ownership of its Covered Crypto Assets (either directly or through a Liquid Staking Provider). [14] See Landreth Timber Co. v. Landreth , 471 U.S. 681, 689 (1985), in which the U.S. Supreme Court suggested that the proper test for determining whether a particular instrument that is not clearly within the definition of “stock” as set forth in Section 2(a)(1) of the Securities Act, or that otherwise is of an unusual nature, is the economic realities test set forth in Howey . In analyzing whether an instrument is a security, “form should be disregarded for substance,” Tcherepnin v. Knight , 389 U.S. 332, 336 (1967), “and the emphasis should be on economic realities underlying a transaction, and not on the name appended thereto .” United Housing Found., Inc. v. Forman , 421 U.S. 837, 849 (1975). [15] Forman , 421 U.S. at 852. [16] See, e.g., SEC v. Glenn W. Turner Enterprises, Inc. , 474 F.2d 476, 482 (9th Cir. 1973). [17] See, e.g. , First Fin. Fed. Sav. & Loan v. E.F. Hutton Mortgage , 834 F.2d 685 (8th Cir. 1987) (activities performed were merely administrative and ministerial in nature and therefore did not constitute the managerial or entrepreneurial efforts of others); Union Planters National Bank of Memphis v. Commercial Credit Business Loans, Inc. , 651 F.2d 1174 (6th Cir. 1981) (administrative tasks and services are not managerial or entrepreneurial under Howey ). See also Donovan v. GMO-Z.com Trust , 2025 U.S. Dist. LEXIS 27871 (S.D.N.Y. 2025) (“Ministerial, technical, and clerical tasks often are ‘necessary’ for an investment scheme to operate and thereby generate a profit, but courts have long found such efforts to be insufficient under Howey’s third prong.”). [18] If a Liquid Staking Provider does select whether, when, or how much of a Depositor’s Covered Crypto Assets to stake, its activities are outside the scope of this statement. [19] If a Liquid Staking Provider does guarantee or otherwise set the amount of rewards owed to the Depositors, its activities are outside the scope of this statement. [20] A Staking Receipt Token also does not constitute any of the derivatives specifically enumerated in the definition of “security.” Staking Receipt Tokens do not constitute a “put, call, straddle, option, or privilege on any security” because they do not have a premium ( i.e. , there is no price paid for the right to buy or sell an underlying asset), optionality ( i.e. , there is no ability to choose whether or not to purchase or sell the underlying asset), or a transfer of risk as between the parties; they do not constitute a “security future” because they are not a contract of sale for future delivery of an asset; and they do not constitute a “security-based swap” because, among other reasons, they provide the holder with a beneficial ownership interest in the deposited Covered Crypto Assets. [21] While the list also includes “certificate of deposit for a security,” that term generally has been interpreted to refer to instruments issued by protective committees during corporate reorganizations. See Marine Bank v. Weaver , 455 U.S. 551, 557 n. 5 (1982). [22] See footnote 10 above. [23] As noted above, a Covered Crypto Asset does not constitute any of the financial instruments that are specifically enumerated in the definition of “security,” though as with any asset it could be offered and sold as part of or subject to an investment contract.” [24] A Staking Receipt Token holder may be able to use the Staking Receipt Token to generate additional returns. Where a Liquid Staking Provider provides the means by which the Staking Receipt Tokens can be used to generate such returns, those activities are outside the scope of this statement.",False
fc561fdc455c4250,https://www.sec.gov/about/crypto-task-force/cryptosec,SEC.gov | Crypto@SEC,09/29/25,2025-09-29 00:00:00+00,Hester M. Peirce,Deep In: Statement on DoubleZero No-Action Letter,https://www.sec.gov/newsroom/speeches-statements/peirce-092925-deep-statement-doublezero-no-action-letter,,432339eff0bc6f53,True,2025-10-03 13:52:33.785283+00,2025-10-03 17:59:57.222121+00,,"# Deep In: Statement on DoubleZero No-Action Letter
> Deep In: Statement on DoubleZero No-Action Letter Commissioner Hester M. Peirce September 29, 2025

## More in this Section
More in this Section Newsroom Press Releases Speeches & Statements Meetings & Events SEC Videos Social Media Directory What's New Newsroom Press Releases Speeches & Statements Meetings & Events SEC Videos Social Media Directory What's New Home Newsroom Speeches and Statements Deep In: Statement on DoubleZero No-Action Letter Statement Deep In: Statement on DoubleZero No-Action Letter Commissioner Hester M. Peirce Washington D.C. Sept. 29, 2025 Today’s no-action letter from the Division of Corporation Finance concerning DoubleZero’s token distributions designed to facilitate the programmatic functioning of a decentralized physical infrastructure network ( i.e. , DePIN) offers an opportunity to reflect on how we, as regulators, can foster innovation without expanding our reach beyond what Congress has mandated. Congress created the Securities and Exchange Commission to oversee the securities markets, not to regulate all economic activity. DePIN represents a novel way of organizing human behavior and capital resources. Rather than relying on centralized corporate structures to coordinate activity, DePIN projects enlist participants to provide real-world capabilities, such as storage, telecommunications bandwidth, mapping, or energy, through open and distributed peer-to-peer networks. To encourage participation, many of these projects distribute tokens tied to activity. The person who runs a node, provides storage, or shares bandwidth earns a reward. These tokens are neither shares of stock in a company, nor promises of profits from the managerial efforts of others. They are functional incentives designed to encourage infrastructure buildout. DePIN projects are distinguishable from more traditional fundraising transactions where the now ubiquitous Howey Test may capture uncommon instruments that have the essential attributes of a security. These projects allocate tokens as compensation for work performed or services rendered, rather than as investments with an expectation of profit from the entrepreneurial or managerial efforts of others. Additionally, DePIN projects are not selling or distributing tokens to finance additional development from investors attracted solely by the prospect of investment returns. Rather, DePIN networks programmatically distribute such tokens to users who participate in the network in accordance with network rules. Accordingly, the Howey Test is not satisfied. The economic reality of DePIN projects differs fundamentally from the capital-raising transactions Congress charged this Commission with regulating. Treating such tokens as securities would suppress the growth of networks of distributed providers of services. Blockchain technology cannot reach its full potential if we force all activities into existing financial market regulatory frameworks. Organizing disparate people to work together to build physical infrastructure is an interesting use for the technology. Markets, not financial regulators, should determine the success of such projects. Our job is to engage with innovators in good faith, listen carefully as they explain how their models work, and apply our statutory mandate thoughtfully and with precision. Today’s no-action letter exemplifies how performing that role can help infrastructure providers spend their time deep in the weeds of building out infrastructure, not knee-deep in parsing the nuances of securities laws.",False
