url,layer,file,video,extracted,error
https://www.sec.gov/,0,false,false,false,false
https://www.sec.gov/?combine=&topic=All&year=All&month=All&order=field_publish_date&sort=desc,1,false,false,false,false
https://www.sec.gov/?page=0,1,false,false,false,false
https://www.sec.gov/?page=1,1,false,false,true,false
https://www.sec.gov/?page=2,1,false,false,false,false
https://www.sec.gov/?page=24,1,false,false,false,false
https://www.sec.gov/#,1,false,false,false,false
https://www.sec.gov/#Instructions,1,false,false,false,false
https://www.sec.gov/#section-1,1,false,false,false,false
https://www.sec.gov/#section-10,1,false,false,false,false
https://www.sec.gov/#section-12,1,false,false,false,false
https://www.sec.gov/#section-13,1,false,false,false,false
https://www.sec.gov/#section-15,1,false,false,false,false
https://www.sec.gov/#section-16,1,false,false,false,false
https://www.sec.gov/#section-18,1,false,false,false,false
https://www.sec.gov/#section-2,1,false,false,false,false
https://www.sec.gov/#section-3,1,false,false,false,false
https://www.sec.gov/#section-4,1,false,false,false,false
https://www.sec.gov/#section-6,1,false,false,false,false
https://www.sec.gov/#section-7,1,false,false,false,false
https://www.sec.gov/#section-9,1,false,false,false,false
https://www.sec.gov/about,0,false,false,true,false
https://www.sec.gov/about/advisory-committees,0,false,false,true,false
https://www.sec.gov/about/advisory-committees/investor-advisory-committee,1,false,false,false,false
https://www.sec.gov/about/advisory-committees/small-business-capital-formation-advisory-committee,1,false,false,false,false
https://www.sec.gov/about/budget-performance,0,false,false,false,false
https://www.sec.gov/about/careers-securities-exchange-commission,0,false,false,false,false
https://www.sec.gov/about/careers-securities-exchange-commission/benefits-overview,1,false,false,false,false
https://www.sec.gov/about/careers-securities-exchange-commission/compensation-overview,1,false,false,false,false
https://www.sec.gov/about/careers-securities-exchange-commission/hiring-process-frequently-asked-questions-faq,1,false,false,false,false
https://www.sec.gov/about/careers-securities-exchange-commission/hiring-programs-contact-information,1,false,false,false,false
https://www.sec.gov/about/careers-securities-exchange-commission/professional-opportunities,1,false,false,false,false
https://www.sec.gov/about/careers-securities-exchange-commission/reasonable-accommodation-program,1,false,false,false,false
https://www.sec.gov/about/careers-securities-exchange-commission/students-recent-graduates-programs,1,false,false,false,false
https://www.sec.gov/about/careers/contact-us,1,false,false,false,false
https://www.sec.gov/about/commission-votes,0,false,false,true,false
https://www.sec.gov/about/commission-votes/2025/commission-votes-2025-10.xml,1,false,false,false,false
https://www.sec.gov/about/commission-votes/annual/commission-votes-ap-2016.xml,1,false,false,false,false
https://www.sec.gov/about/commission-votes/annual/commission-votes-ap-2017.xml,1,false,false,false,false
https://www.sec.gov/about/commission-votes/annual/commission-votes-ap-2018.xml,1,false,false,false,false
https://www.sec.gov/about/commission-votes/annual/commission-votes-ap-2019.xml,1,false,false,false,false
https://www.sec.gov/about/commission-votes/annual/commission-votes-ap-2020.xml,1,false,false,false,false
https://www.sec.gov/about/commission-votes/annual/commission-votes-ap-2021.xml,1,false,false,false,false
https://www.sec.gov/about/commission-votes/annual/commission-votes-ap-2022.xml,1,false,false,false,false
https://www.sec.gov/about/commission-votes/annual/commission-votes-ap-2023.xml,1,false,false,false,false
https://www.sec.gov/about/commission-votes/annual/commission-votes-ap-2024.xml,1,false,false,false,false
https://www.sec.gov/about/commission-votes/annual/commission-votes-ap-2025.xml,1,false,false,false,false
https://www.sec.gov/about/commission-votes/annual/commission-votes-inj-2019.xml,1,false,false,false,false
https://www.sec.gov/about/commission-votes/annual/commission-votes-inj-2020.xml,1,false,false,false,false
https://www.sec.gov/about/commission-votes/annual/commission-votes-inj-2021.xml,1,false,false,false,false
https://www.sec.gov/about/commission-votes/annual/commission-votes-inj-2022.xml,1,false,false,false,false
https://www.sec.gov/about/commission-votes/annual/commission-votes-inj-2023.xml,1,false,false,false,false
https://www.sec.gov/about/commission-votes/annual/commission-votes-inj-2024.xml,1,false,false,false,false
https://www.sec.gov/about/commission-votes/annual/commission-votes-inj-2025.xml,1,false,false,false,false
https://www.sec.gov/about/contact-sec,0,false,false,true,false
https://www.sec.gov/about/contact-sec/sec-headquarters-hand-delivery-pickup-loading-dock-directions,1,false,false,false,false
https://www.sec.gov/about/crypto-task-force,0,false,false,true,false
https://www.sec.gov/about/crypto-task-force/,1,false,false,false,false
https://www.sec.gov/about/crypto-task-force/crypto-newsroom,0,false,false,true,false
https://www.sec.gov/about/crypto-task-force/crypto-points-contact-secgov,0,false,false,false,false
https://www.sec.gov/about/crypto-task-force/crypto-task-force-frequently-asked-questions,0,false,false,true,false
https://www.sec.gov/about/crypto-task-force/crypto-task-force-meetings,0,false,false,true,false
https://www.sec.gov/about/crypto-task-force/crypto-task-force-road,0,false,false,false,false
https://www.sec.gov/about/crypto-task-force/crypto-task-force-roundtables,0,false,false,false,false
https://www.sec.gov/about/crypto-task-force/crypto-task-force-written-input,0,false,false,false,false
https://www.sec.gov/about/crypto-task-force/cryptosec,0,false,false,false,false
https://www.sec.gov/about/crypto-task-force/frequently-asked-questions,1,false,false,false,false
https://www.sec.gov/about/crypto-task-force/meeting-request,1,false,false,false,false
https://www.sec.gov/about/crypto-task-force/meeting-request#no-back,1,false,false,false,false
https://www.sec.gov/about/crypto-task-force/submit-written-input,0,false,false,false,false
https://www.sec.gov/about/crypto-task-force/submit-written-input#no-back,1,false,false,false,false
https://www.sec.gov/about/dataqualityguide.htm,1,false,false,false,false
https://www.sec.gov/about/developer-resources,0,false,false,false,false
https://www.sec.gov/about/developer-resources/open-source-policy-implementation,1,false,false,false,false
https://www.sec.gov/about/developer-resources/sec-open-source-policy,1,false,false,false,false
https://www.sec.gov/about/division-office-directors,0,false,false,false,false
https://www.sec.gov/about/division-office-directors/austin-gerig,1,false,false,false,false
https://www.sec.gov/about/division-office-directors/brian-daly,1,false,false,false,false
https://www.sec.gov/about/division-office-directors/caryn-kauffman,1,false,false,false,false
https://www.sec.gov/about/division-office-directors/cristina-begona-martin-firvida,1,false,false,false,false
https://www.sec.gov/about/division-office-directors/danae-serrano,1,false,false,false,false
https://www.sec.gov/about/division-office-directors/dave-sanchez,1,false,false,false,false
https://www.sec.gov/about/division-office-directors/erik-hotmire,1,false,false,false,false
https://www.sec.gov/about/division-office-directors/jamie-selway,1,false,false,false,false
https://www.sec.gov/about/division-office-directors/jed-hickman,1,false,false,false,false
https://www.sec.gov/about/division-office-directors/kenneth-johnson,1,false,false,false,false
https://www.sec.gov/about/division-office-directors/kevin-muhlendorf,1,false,false,false,false
https://www.sec.gov/about/division-office-directors/kurt-hohl,1,false,false,false,false
https://www.sec.gov/about/division-office-directors/lori-j-schock,1,false,false,false,false
https://www.sec.gov/about/division-office-directors/margaret-ryan,1,false,false,false,false
https://www.sec.gov/about/division-office-directors/natalia-diez-riggin,1,false,false,false,false
https://www.sec.gov/about/division-office-directors/nathaniel-benjamin,1,false,false,false,false
https://www.sec.gov/about/division-office-directors/olivier-girod,1,false,false,false,false
https://www.sec.gov/about/division-office-directors/rita-sampson,1,false,false,false,false
https://www.sec.gov/about/division-office-directors/stacey-l-bowers,1,false,false,false,false
https://www.sec.gov/about/division-office-directors/vance-cathell,1,false,false,false,false
https://www.sec.gov/about/division-office-directors/vanessa-countryman,1,false,false,false,false
https://www.sec.gov/about/divisions-offices,0,false,false,false,false
https://www.sec.gov/about/divisions-offices/division-corporation-finance,1,false,false,false,false
https://www.sec.gov/about/divisions-offices/division-corporation-finance/corpfin-crypto-assets,0,false,false,false,false
https://www.sec.gov/about/divisions-offices/division-corporation-finance/division-corporation-finance-contact-us,1,false,false,false,false
https://www.sec.gov/about/divisions-offices/division-economic-risk-analysis,1,false,false,false,false
https://www.sec.gov/about/divisions-offices/division-economic-risk-analysis/contact-division-economic-risk-analysis,1,false,false,false,false
https://www.sec.gov/about/divisions-offices/division-enforcement,1,false,false,false,false
https://www.sec.gov/about/divisions-offices/division-enforcement/division-enforcement-staff-directory,1,false,false,false,false
https://www.sec.gov/about/divisions-offices/division-examinations,1,false,false,false,false
https://www.sec.gov/about/divisions-offices/division-examinations/division-examinations-staff-directory,1,false,false,false,false
https://www.sec.gov/about/divisions-offices/division-examinations/keith-cassidy,1,false,false,false,false
https://www.sec.gov/about/divisions-offices/division-investment-management,1,false,false,false,false
https://www.sec.gov/about/divisions-offices/division-investment-management/division-investment-management-contacts,0,false,false,false,false
https://www.sec.gov/about/divisions-offices/division-trading-markets,1,false,false,false,false
https://www.sec.gov/about/divisions-offices/division-trading-markets/contacting-division-trading-markets,1,false,false,false,false
https://www.sec.gov/about/divisions-offices/division-trading-markets/division-trading-markets-compliance-guides/guide-broker-dealer-registration,1,false,false,false,false
https://www.sec.gov/about/divisions-offices/edgar-business-office,1,false,false,false,false
https://www.sec.gov/about/divisions-offices/office-acquisitions,1,false,false,false,false
https://www.sec.gov/about/divisions-offices/office-administrative-law-judges,1,false,false,false,false
https://www.sec.gov/about/divisions-offices/office-advocate-small-business-capital-formation,1,false,false,false,false
https://www.sec.gov/about/divisions-offices/office-chief-accountant,1,false,false,false,false
https://www.sec.gov/about/divisions-offices/office-chief-data-officer,1,false,false,false,false
https://www.sec.gov/about/divisions-offices/office-chief-operating-officer,1,false,false,false,false
https://www.sec.gov/about/divisions-offices/office-credit-ratings,1,false,false,false,false
https://www.sec.gov/about/divisions-offices/office-equal-employment-opportunity,1,false,false,false,false
https://www.sec.gov/about/divisions-offices/office-ethics-counsel,1,false,false,false,false
https://www.sec.gov/about/divisions-offices/office-financial-management,1,false,false,false,false
https://www.sec.gov/about/divisions-offices/office-general-counsel,1,false,false,false,false
https://www.sec.gov/about/divisions-offices/office-human-resources,1,false,false,false,false
https://www.sec.gov/about/divisions-offices/office-human-resources#EV,1,false,false,false,false
https://www.sec.gov/about/divisions-offices/office-information-technology,1,false,false,false,false
https://www.sec.gov/about/divisions-offices/office-international-affairs,1,false,false,false,false
https://www.sec.gov/about/divisions-offices/office-investor-advocate,1,false,false,false,false
https://www.sec.gov/about/divisions-offices/office-investor-advocate/investor-advocate-contact-information,1,false,false,false,false
https://www.sec.gov/about/divisions-offices/office-investor-education-advocacy,1,false,false,false,false
https://www.sec.gov/about/divisions-offices/office-legislative-intergovernmental-affairs,1,false,false,false,false
https://www.sec.gov/about/divisions-offices/office-municipal-securities,1,false,false,false,false
https://www.sec.gov/about/divisions-offices/office-public-affairs,1,false,false,false,false
https://www.sec.gov/about/divisions-offices/office-secretary,1,false,false,false,false
https://www.sec.gov/about/divisions-offices/office-support-operations,1,false,false,false,false
https://www.sec.gov/about/divisions-offices/us-securities-exchange-commission-organizational-chart-text-version,1,false,false,false,false
https://www.sec.gov/about/filing-fee-rate,0,false,false,false,false
https://www.sec.gov/about/mission,0,false,false,true,false
https://www.sec.gov/about/ocr-contact,1,false,false,false,false
https://www.sec.gov/about/offices/oacq/secfy2010servicecontractinventories.pdf,1,true,false,false,false
https://www.sec.gov/about/oiea-contact,1,false,false,false,false
https://www.sec.gov/about/open-government-directive,0,false,false,false,false
https://www.sec.gov/about/payment-options,0,false,false,false,false
https://www.sec.gov/about/payment-options/filing-fee-fedwire-tags-terminology,1,false,false,false,false
https://www.sec.gov/about/privacy-information,0,false,false,false,false
https://www.sec.gov/about/regional-offices,0,false,false,false,false
https://www.sec.gov/about/reports-publications/2008annualindexhtm,1,false,false,false,false
https://www.sec.gov/about/reports-publications/2019-agency-financial-report,1,false,false,false,false
https://www.sec.gov/about/reports-publications/aboutannrep00shtml,1,false,false,false,false
https://www.sec.gov/about/reports-publications/aboutannrep01shtml,1,false,false,false,false
https://www.sec.gov/about/reports-publications/aboutannrep02shtml,1,false,false,false,false
https://www.sec.gov/about/reports-publications/aboutannrep03shtml,1,false,false,false,false
https://www.sec.gov/about/reports-publications/aboutannrep99shtml,1,false,false,false,false
https://www.sec.gov/about/reports-publications/aboutfair2001htm,1,false,false,false,false
https://www.sec.gov/about/reports-publications/aboutomb300-2009shtml,1,false,false,false,false
https://www.sec.gov/about/reports-publications/aboutomb300shtml,1,false,false,false,false
https://www.sec.gov/about/reports-publications/aboutreportssecfy14congbudgjustshtml,1,false,false,false,false
https://www.sec.gov/about/reports-publications/aboutreportssecfy15congbudgjustshtml,1,false,false,false,false
https://www.sec.gov/about/reports-publications/aboutreportssecfy16congbudgjustshtml,1,false,false,false,false
https://www.sec.gov/about/reports-publications/aboutreportssecfy17congbudgjustshtml,1,false,false,false,false
https://www.sec.gov/about/reports-publications/aboutsecafr2012shtml,1,false,false,false,false
https://www.sec.gov/about/reports-publications/aboutsecafr2013shtml,1,false,false,false,false
https://www.sec.gov/about/reports-publications/aboutsecafr2014,1,false,false,false,false
https://www.sec.gov/about/reports-publications/aboutsecafr2015shtml,1,false,false,false,false
https://www.sec.gov/about/reports-publications/aboutsecafr2016shtml,1,false,false,false,false
https://www.sec.gov/about/reports-publications/aboutsecpar2005shtml,1,false,false,false,false
https://www.sec.gov/about/reports-publications/aboutsecpar2006shtml,1,false,false,false,false
https://www.sec.gov/about/reports-publications/aboutsecpar2007shtml,1,false,false,false,false
https://www.sec.gov/about/reports-publications/aboutsecpar2008shtml,1,false,false,false,false
https://www.sec.gov/about/reports-publications/aboutsecpar2009shtml,1,false,false,false,false
https://www.sec.gov/about/reports-publications/aboutsecpar2010shtml,1,false,false,false,false
https://www.sec.gov/about/reports-publications/aboutsecpar2011shtml,1,false,false,false,false
https://www.sec.gov/about/reports-publications/aboutsecparshtml,1,false,false,false,false
https://www.sec.gov/about/reports-publications/beginners-guide-financial-statements,1,false,false,false,false
https://www.sec.gov/about/reports-publications/complaintcallformhtm,1,false,false,false,false
https://www.sec.gov/about/reports-publications/divisionsenforceprimebankshtml-investorpubs,1,false,false,false,false
https://www.sec.gov/about/reports-publications/extappsfinraorgdatadirectory1prodesignationsaspx,1,false,false,false,false
https://www.sec.gov/about/reports-publications/extwwwconsumergovidtheft,1,false,false,false,false
https://www.sec.gov/about/reports-publications/federal-employee-viewpoint-survey-2023,1,false,false,false,false
https://www.sec.gov/about/reports-publications/federal-employee-viewpoint-survey-2024,1,false,false,false,false
https://www.sec.gov/about/reports-publications/infosmallbusqasbsechtm,1,false,false,false,false
https://www.sec.gov/about/reports-publications/investorpubsaboutauditorshtm,1,false,false,false,false
https://www.sec.gov/about/reports-publications/investorpubsaboutoieahtm,1,false,false,false,false
https://www.sec.gov/about/reports-publications/investorpubsacctxferhtm,1,false,false,false,false
https://www.sec.gov/about/reports-publications/investorpubsaffinity,1,false,false,false,false
https://www.sec.gov/about/reports-publications/investorpubsafterhourshtm,1,false,false,false,false
https://www.sec.gov/about/reports-publications/investorpubsanalystshtm,1,false,false,false,false
https://www.sec.gov/about/reports-publications/investorpubsaskquestionshtm,1,false,false,false,false
https://www.sec.gov/about/reports-publications/investorpubsassetallocationhtm,1,false,false,false,false
https://www.sec.gov/about/reports-publications/investorpubsautosurf,1,false,false,false,false
https://www.sec.gov/about/reports-publications/investorpubsautotradinghtm,1,false,false,false,false
https://www.sec.gov/about/reports-publications/investorpubsavoidfraud,1,false,false,false,false
https://www.sec.gov/about/reports-publications/investorpubsbegfinstmtguide,1,false,false,false,false
https://www.sec.gov/about/reports-publications/investorpubsbeginmutualhtm,1,false,false,false,false
https://www.sec.gov/about/reports-publications/investorpubscertifichtm,1,false,false,false,false
https://www.sec.gov/about/reports-publications/investorpubscoldcall,1,false,false,false,false
https://www.sec.gov/about/reports-publications/investorpubscompanies,1,false,false,false,false
https://www.sec.gov/about/reports-publications/investorpubscyberfraud,1,false,false,false,false
https://www.sec.gov/about/reports-publications/investorpubsdaytipshtm,1,false,false,false,false
https://www.sec.gov/about/reports-publications/investorpubseasyaccesshtm,1,false,false,false,false
https://www.sec.gov/about/reports-publications/investorpubsexqualityhtm,1,false,false,false,false
https://www.sec.gov/about/reports-publications/investorpubsfakeseals,1,false,false,false,false
https://www.sec.gov/about/reports-publications/investorpubsfivequestionshtm,1,false,false,false,false
https://www.sec.gov/about/reports-publications/investorpubsfleecing,1,false,false,false,false
https://www.sec.gov/about/reports-publications/investorpubsfraudsurvivor,1,false,false,false,false
https://www.sec.gov/about/reports-publications/investorpubsidentavoidfraud,1,false,false,false,false
https://www.sec.gov/about/reports-publications/investorpubsinsidertradingguidehtm,1,false,false,false,false
https://www.sec.gov/about/reports-publications/investorpubsinvadvisershtm,1,false,false,false,false
https://www.sec.gov/about/reports-publications/investorpubsinvestophtm,1,false,false,false,false
https://www.sec.gov/about/reports-publications/investorpubsinvestorfraud,1,false,false,false,false
https://www.sec.gov/about/reports-publications/investorpubsinwshtm,1,false,false,false,false
https://www.sec.gov/about/reports-publications/investorpubsmarginhtm,1,false,false,false,false
https://www.sec.gov/about/reports-publications/investorpubsmfperformhtm,1,false,false,false,false
https://www.sec.gov/about/reports-publications/investorpubsmfproxyvotinghtm,1,false,false,false,false
https://www.sec.gov/about/reports-publications/investorpubsmicrocapstock,1,false,false,false,false
https://www.sec.gov/about/reports-publications/investorpubsminitend,1,false,false,false,false
https://www.sec.gov/about/reports-publications/investorpubsmutualconversion,1,false,false,false,false
https://www.sec.gov/about/reports-publications/investorpubsoilgasscams,1,false,false,false,false
https://www.sec.gov/about/reports-publications/investorpubsonlinebrokerage,1,false,false,false,false
https://www.sec.gov/about/reports-publications/investorpubsonlinetipshtm,1,false,false,false,false
https://www.sec.gov/about/reports-publications/investorpubsperpayplanshtm,1,false,false,false,false
https://www.sec.gov/about/reports-publications/investorpubsphishing,1,false,false,false,false
https://www.sec.gov/about/reports-publications/investorpubspreipohtm,1,false,false,false,false
https://www.sec.gov/about/reports-publications/investorpubsprivbrochurehtm,1,false,false,false,false
https://www.sec.gov/about/reports-publications/investorpubsproforma08-11htm,1,false,false,false,false
https://www.sec.gov/about/reports-publications/investorpubsroadmaphtm,1,false,false,false,false
https://www.sec.gov/about/reports-publications/investorpubsrule144,1,false,false,false,false
https://www.sec.gov/about/reports-publications/investorpubsscams,1,false,false,false,false
https://www.sec.gov/about/reports-publications/investorpubssecuritieslawshtm,1,false,false,false,false
https://www.sec.gov/about/reports-publications/investorpubssenior-profdeshtm,1,false,false,false,false
https://www.sec.gov/about/reports-publications/investorpubssipc,1,false,false,false,false
https://www.sec.gov/about/reports-publications/investorpubssponsortipshtm,1,false,false,false,false
https://www.sec.gov/about/reports-publications/investorpubstakingstockhtm,1,false,false,false,false
https://www.sec.gov/about/reports-publications/investorpubsteacheroptionshtm,1,false,false,false,false
https://www.sec.gov/about/reports-publications/investorpubstplus3htm,1,false,false,false,false
https://www.sec.gov/about/reports-publications/investorpubstradexec,1,false,false,false,false
https://www.sec.gov/about/reports-publications/investorpubsultra-short_bond_fundshtm,1,false,false,false,false
https://www.sec.gov/about/reports-publications/investorpubsvaraquestionshtm,1,false,false,false,false
https://www.sec.gov/about/reports-publications/investorpubsworthless,1,false,false,false,false
https://www.sec.gov/about/reports-publications/investorpubswrongnumberscam,1,false,false,false,false
https://www.sec.gov/about/reports-publications/investortoolsmfccmfcc-inthtm,1,false,false,false,false
https://www.sec.gov/about/reports-publications/newsextrahandbook,1,false,false,false,false
https://www.sec.gov/about/reports-publications/newsstudies2009oig-509pdf,1,false,false,false,false
https://www.sec.gov/about/reports-publications/newsstudies2011913studyfinalpdf,1,false,false,false,false
https://www.sec.gov/about/reports-publications/newsstudies2011914studyfinalpdf,1,false,false,false,false
https://www.sec.gov/about/reports-publications/newsstudies2012917-financial-literacy-study-part1pdf,1,false,false,false,false
https://www.sec.gov/about/reports-publications/newsstudies2012929y-study-cross-border-private-rightspdf,1,false,false,false,false
https://www.sec.gov/about/reports-publications/newsstudies2012omwi-annualreportpdf,1,false,false,false,false
https://www.sec.gov/about/reports-publications/newsstudies2013omwi-annualreport-2013pdf,1,false,false,false,false
https://www.sec.gov/about/reports-publications/ocr-nrsro-rules,1,false,false,false,false
https://www.sec.gov/about/reports-publications/pdfpreguntepdf,1,false,false,false,false
https://www.sec.gov/about/reports-publications/report-mutual-fund-fees-expenses,1,false,false,false,false
https://www.sec.gov/about/reports-publications/reports-sec-regions-federal-employee-viewpoint-survey-2014,1,false,false,false,false
https://www.sec.gov/about/reports-publications/reports-sec-regions-federal-employee-viewpoint-survey-2014-0,1,false,false,false,false
https://www.sec.gov/about/reports-publications/sec-2017-agency-financial-report,1,false,false,false,false
https://www.sec.gov/about/reports-publications/sec-2018-agency-financial-report,1,false,false,false,false
https://www.sec.gov/about/reports-publications/sec-2020-agency-financial-report,1,false,false,false,false
https://www.sec.gov/about/reports-publications/sec-2021-agency-financial-report,1,false,false,false,false
https://www.sec.gov/about/reports-publications/sec-2022-agency-financial-report,1,false,false,false,false
https://www.sec.gov/about/reports-publications/sec-2023-agency-financial-report,1,false,false,false,false
https://www.sec.gov/about/reports-publications/sec-2024-agency-financial-report,1,false,false,false,false
https://www.sec.gov/about/reports-publications/secfy18congbudgjust,1,false,false,false,false
https://www.sec.gov/about/reports-publications/secfy19congbudgjust,1,false,false,false,false
https://www.sec.gov/about/reports-publications/secfy21congbudgjust,1,false,false,false,false
https://www.sec.gov/about/reports-publications/secfy22congbudgjust,1,false,false,false,false
https://www.sec.gov/about/reports-publications/secfy24congbudgjust,1,false,false,false,false
https://www.sec.gov/about/reports-publications/secfy25congbudgjust,1,false,false,false,false
https://www.sec.gov/about/reports-publications/secfy26congbudgjust,1,false,false,false,false
https://www.sec.gov/about/reports-publications/us-credit-markets-covid-19-report-reports-page,1,false,false,false,false
https://www.sec.gov/about/reports/fy-2014-planned-inventory-analysis-app.xlsx,1,false,false,false,false
https://www.sec.gov/about/reports/fy-2014-planned-inventory-analysis-supplement.xlsx,1,false,false,false,false
https://www.sec.gov/about/reports/fy-2014-planned-inventory-analysis.pdf,1,true,false,false,false
https://www.sec.gov/about/reports/fy-2014-service-contract-inventory-analysis.pdf,1,true,false,false,false
https://www.sec.gov/about/reports/fy-2015-planned-inventory-analysis-app.xlsx,1,false,false,false,false
https://www.sec.gov/about/reports/fy-2015-planned-inventory-analysis-supplement.xlsx,1,false,false,false,false
https://www.sec.gov/about/reports/fy-2015-planned-inventory-analysis.pdf,1,true,false,false,false
https://www.sec.gov/about/reports/scanalysis2010.pdf,1,true,false,false,false
https://www.sec.gov/about/reports/scanalysis2011-appb.pdf,1,true,false,false,false
https://www.sec.gov/about/reports/scanalysis2011-appc.pdf,1,true,false,false,false
https://www.sec.gov/about/reports/scanalysis2011-planned.pdf,1,true,false,false,false
https://www.sec.gov/about/reports/scanalysis2012-appb.pdf,1,true,false,false,false
https://www.sec.gov/about/reports/scanalysis2012-appc.pdf,1,true,false,false,false
https://www.sec.gov/about/reports/scanalysis2012-planned.pdf,1,true,false,false,false
https://www.sec.gov/about/reports/scanalysis2013-appb.pdf,1,true,false,false,false
https://www.sec.gov/about/reports/scanalysis2013-appc.pdf,1,true,false,false,false
https://www.sec.gov/about/reports/scanalysis2013-planned.pdf,1,true,false,false,false
https://www.sec.gov/about/reports/sec-report-for-service-contract-inventory-2011.pdf,1,true,false,false,false
https://www.sec.gov/about/reports/sec-report-for-service-contract-inventory-2012.pdf,1,true,false,false,false
https://www.sec.gov/about/reports/secfy16congbudgjust.shtml,1,false,false,false,false
https://www.sec.gov/about/rss-feeds,0,false,false,false,false
https://www.sec.gov/about/sec-commissioners,0,false,false,false,false
https://www.sec.gov/about/sec-commissioners/caroline-crenshaw,1,false,false,false,false
https://www.sec.gov/about/sec-commissioners/paul-s-atkins,1,false,false,false,false
https://www.sec.gov/about/sec-commissioners/sec-historical-summary-chairmen-commissioners,1,false,false,false,false
https://www.sec.gov/about/sec-launches-project-crypto,1,false,false,false,false
https://www.sec.gov/about/sechistoricalsummary.htm,1,false,false,false,false
https://www.sec.gov/about/secrss.shtml,1,false,false,false,false
https://www.sec.gov/about/webmaster-frequently-asked-questions,1,false,false,false,false
https://www.sec.gov/advisory-committees/small-business-capital-formation-advisory-committee,1,false,false,false,false
https://www.sec.gov/answers.shtml,1,false,false,false,false
https://www.sec.gov/answers/form345.htm,1,false,false,false,false
https://www.sec.gov/answers/mfclass.htm,1,false,false,false,false
https://www.sec.gov/answers/publicdocs.htm,1,false,false,false,false
https://www.sec.gov/Archives/edgar/daily-index/,1,false,false,false,false
https://www.sec.gov/Archives/edgar/Feed/,1,false,false,false,false
https://www.sec.gov/Archives/edgar/full-index/,1,false,false,false,false
https://www.sec.gov/Archives/edgar/Oldloads/,1,false,false,false,false
https://www.sec.gov/Article/filersupportcontactinfo.html,1,false,false,false,false
https://www.sec.gov/biography/caroline-crenshaw,1,false,false,false,false
https://www.sec.gov/biography/commissioner-hester-m-peirce,1,false,false,false,false
https://www.sec.gov/biography/mark-t-uyeda,1,false,false,false,false
https://www.sec.gov/cgi-bin/browse-edgar?action=getcurrent,1,false,false,false,false
https://www.sec.gov/cgi-bin/browse-edgar?action=getcurrent&type=10-k&company=&dateb=&owner=include&start=0&count=40&output=atom,1,false,false,false,false
https://www.sec.gov/cgi-bin/srch-edgar,1,false,false,false,false
https://www.sec.gov/cgi-bin/srch-edgar?text=FORM-TYPE%3DS-1%20and%20STATE-OF-INCORPORATION%3DCA&start=1&count=80&first=2012&last=2012&output=atom,1,false,false,false,false
https://www.sec.gov/complaint/select,1,false,false,false,false
https://www.sec.gov/data-research/sec-markets-data/fails-deliver-data,1,false,false,false,false
https://www.sec.gov/data-research/structured-data,1,false,false,false,false
https://www.sec.gov/disability/sec_access.htm,1,false,false,false,false
https://www.sec.gov/divisions/corpfin.shtml,1,false,false,false,false
https://www.sec.gov/divisions/corpfin/cf-noaction.shtml,1,false,false,false,false
https://www.sec.gov/divisions/corpfin/cfguidance.shtml,1,false,false,false,false
https://www.sec.gov/divisions/corpfin/cfrules.shtml,1,false,false,false,false
https://www.sec.gov/edgar/filer-information/edgar-filing-fees,1,false,false,false,false
https://www.sec.gov/edgar/search/,1,false,false,false,false
https://www.sec.gov/edgar/searchedgar/companysearch.html,1,false,false,false,false
https://www.sec.gov/edgar/searchedgar/edgarzones.htm,1,false,false,false,false
https://www.sec.gov/edgar/searchedgar/mutualsearch.htm,1,false,false,false,false
https://www.sec.gov/education/capitalraising,1,false,false,false,false
https://www.sec.gov/eeoinfo/eeoreports.htm,1,false,false,false,false
https://www.sec.gov/enforcement-litigation,1,false,false,false,false
https://www.sec.gov/enforcement-litigation/administrative-law-judge-orders-initial-decisions,1,false,false,false,false
https://www.sec.gov/enforcement-litigation/administrative-proceedings,1,false,false,false,false
https://www.sec.gov/enforcement-litigation/administrative-proceedings/rss,1,false,false,false,false
https://www.sec.gov/enforcement-litigation/amicus-friend-court-briefs,1,false,false,false,false
https://www.sec.gov/enforcement-litigation/applications-reentry,1,false,false,false,false
https://www.sec.gov/enforcement-litigation/commission-appellate-court-briefs,1,false,false,false,false
https://www.sec.gov/enforcement-litigation/distributions-harmed-investors,1,false,false,false,false
https://www.sec.gov/enforcement-litigation/efap-electronic-filings-administrative-proceedings,1,false,false,false,false
https://www.sec.gov/enforcement-litigation/enforcement-data-delivery-standards,1,false,false,false,false
https://www.sec.gov/enforcement-litigation/litigation-releases,1,false,false,false,false
https://www.sec.gov/enforcement-litigation/litigation-releases/rss,1,false,false,false,false
https://www.sec.gov/enforcement-litigation/public-alerts-unregistered-soliciting-entities,1,false,false,false,false
https://www.sec.gov/enforcement-litigation/receiverships,1,false,false,false,false
https://www.sec.gov/enforcement-litigation/reports-investigations,1,false,false,false,false
https://www.sec.gov/enforcement-litigation/rules-practice,1,false,false,false,false
https://www.sec.gov/enforcement-litigation/small-businesses,1,false,false,false,false
https://www.sec.gov/enforcement-litigation/trading-suspensions,1,false,false,false,false
https://www.sec.gov/enforcement-litigation/trading-suspensions/rss,1,false,false,false,false
https://www.sec.gov/enforcement-litigation/whistleblower-program,0,false,false,false,false
https://www.sec.gov/enforcement-litigation/whistleblower-program/final-orders-whistleblower-award-determinations,1,false,false,false,false
https://www.sec.gov/enforcement-litigation/whistleblower-program/information-about-submitting-whistleblower-tip,1,false,false,false,false
https://www.sec.gov/enforcement-litigation/whistleblower-program/whistleblower-frequently-asked-questions,1,false,false,false,false
https://www.sec.gov/enforcement-litigation/whistleblower-program/whistleblower-program-notices-covered-action,1,false,false,false,false
https://www.sec.gov/enforcement-litigation/whistleblower-program/whistleblower-protections,1,false,false,false,false
https://www.sec.gov/enforcement-litigation/whistleblower-program/whistleblower-resources,1,false,false,false,false
https://www.sec.gov/enforcement-tips-and-complaints,1,false,false,false,false
https://www.sec.gov/ffb,1,false,false,false,false
https://www.sec.gov/files/1935.pdf,1,true,false,false,false
https://www.sec.gov/files/1936.pdf,1,true,false,false,false
https://www.sec.gov/files/1937.pdf,1,true,false,false,false
https://www.sec.gov/files/1938.pdf,1,true,false,false,false
https://www.sec.gov/files/1939.pdf,1,true,false,false,false
https://www.sec.gov/files/1940.pdf,1,true,false,false,false
https://www.sec.gov/files/1941.pdf,1,true,false,false,false
https://www.sec.gov/files/1942.pdf,1,true,false,false,false
https://www.sec.gov/files/1943.pdf,1,true,false,false,false
https://www.sec.gov/files/1944.pdf,1,true,false,false,false
https://www.sec.gov/files/1945.pdf,1,true,false,false,false
https://www.sec.gov/files/1946.pdf,1,true,false,false,false
https://www.sec.gov/files/1947.pdf,1,true,false,false,false
https://www.sec.gov/files/1948.pdf,1,true,false,false,false
https://www.sec.gov/files/1949.pdf,1,true,false,false,false
https://www.sec.gov/files/1950.pdf,1,true,false,false,false
https://www.sec.gov/files/1951.pdf,1,true,false,false,false
https://www.sec.gov/files/1952.pdf,1,true,false,false,false
https://www.sec.gov/files/1953.pdf,1,true,false,false,false
https://www.sec.gov/files/1954.pdf,1,true,false,false,false
https://www.sec.gov/files/1955.pdf,1,true,false,false,false
https://www.sec.gov/files/1956.pdf,1,true,false,false,false
https://www.sec.gov/files/1957.pdf,1,true,false,false,false
https://www.sec.gov/files/1958.pdf,1,true,false,false,false
https://www.sec.gov/files/1959.pdf,1,true,false,false,false
https://www.sec.gov/files/1960.pdf,1,true,false,false,false
https://www.sec.gov/files/1961.pdf,1,true,false,false,false
https://www.sec.gov/files/1962.pdf,1,true,false,false,false
https://www.sec.gov/files/1963.pdf,1,true,false,false,false
https://www.sec.gov/files/1964.pdf,1,true,false,false,false
https://www.sec.gov/files/1965.pdf,1,true,false,false,false
https://www.sec.gov/files/1966.pdf,1,true,false,false,false
https://www.sec.gov/files/1967.pdf,1,true,false,false,false
https://www.sec.gov/files/1968.pdf,1,true,false,false,false
https://www.sec.gov/files/1969.pdf,1,true,false,false,false
https://www.sec.gov/files/1970.pdf,1,true,false,false,false
https://www.sec.gov/files/1971.pdf,1,true,false,false,false
https://www.sec.gov/files/1972.pdf,1,true,false,false,false
https://www.sec.gov/files/1973.pdf,1,true,false,false,false
https://www.sec.gov/files/1974.pdf,1,true,false,false,false
https://www.sec.gov/files/1975.pdf,1,true,false,false,false
https://www.sec.gov/files/1976.pdf,1,true,false,false,false
https://www.sec.gov/files/1977.pdf,1,true,false,false,false
https://www.sec.gov/files/1978.pdf,1,true,false,false,false
https://www.sec.gov/files/1979.pdf,1,true,false,false,false
https://www.sec.gov/files/1980.pdf,1,true,false,false,false
https://www.sec.gov/files/1981.pdf,1,true,false,false,false
https://www.sec.gov/files/1982.pdf,1,true,false,false,false
https://www.sec.gov/files/1983.pdf,1,true,false,false,false
https://www.sec.gov/files/1984.pdf,1,true,false,false,false
https://www.sec.gov/files/1985.pdf,1,true,false,false,false
https://www.sec.gov/files/1986.pdf,1,true,false,false,false
https://www.sec.gov/files/1987.pdf,1,true,false,false,false
https://www.sec.gov/files/1988.pdf,1,true,false,false,false
https://www.sec.gov/files/1989.pdf,1,true,false,false,false
https://www.sec.gov/files/1990.pdf,1,true,false,false,false
https://www.sec.gov/files/1991.pdf,1,true,false,false,false
https://www.sec.gov/files/1992.pdf,1,true,false,false,false
https://www.sec.gov/files/1993.pdf,1,true,false,false,false
https://www.sec.gov/files/1994.pdf,1,true,false,false,false
https://www.sec.gov/files/1995.pdf,1,true,false,false,false
https://www.sec.gov/files/1996.pdf,1,true,false,false,false
https://www.sec.gov/files/1997.pdf,1,true,false,false,false
https://www.sec.gov/files/1998.pdf,1,true,false,false,false
https://www.sec.gov/files/2006budgetperform.pdf,1,true,false,false,false
https://www.sec.gov/files/2007budgetperform.pdf,1,true,false,false,false
https://www.sec.gov/files/2008budgetperform.pdf,1,true,false,false,false
https://www.sec.gov/files/2011_nrsro_section15e_examinations_summary_report.pdf,1,true,false,false,false
https://www.sec.gov/files/2015-annual-report-nrsros.pdf,1,true,false,false,false
https://www.sec.gov/files/2016-annual-report-nrsros.pdf,1,true,false,false,false
https://www.sec.gov/files/2017-select-market-data_v5.pdf,1,true,false,false,false
https://www.sec.gov/files/2018-annual-report-nrsros.pdf,1,true,false,false,false
https://www.sec.gov/files/2018-form-pf-report-congress.pdf,1,true,false,false,false
https://www.sec.gov/files/2019_oasb_annual-report.pdf,1,true,false,false,false
https://www.sec.gov/files/2019-annual-report-nrsros.pdf,1,true,false,false,false
https://www.sec.gov/files/2019-pf-report-congress.pdf,1,true,false,false,false
https://www.sec.gov/files/2020_owb_annual_report.pdf,1,true,false,false,false
https://www.sec.gov/files/2020-annual-report-nrsros.pdf,1,true,false,false,false
https://www.sec.gov/files/2020-oasb-annual-report.pdf,1,true,false,false,false
https://www.sec.gov/files/2020-pf-report-congress.pdf,1,true,false,false,false
https://www.sec.gov/files/2021_oasb_annual_forum_report_final_508.pdf,1,true,false,false,false
https://www.sec.gov/files/2021_ow_ar_508.pdf,1,true,false,false,false
https://www.sec.gov/files/2021_rural_report_508_compliance_final.pdf,1,true,false,false,false
https://www.sec.gov/files/2021-238-addendum.pdf,1,true,false,false,false
https://www.sec.gov/files/2021-exam-priorities.pdf,1,true,false,false,false
https://www.sec.gov/files/2021-oasb-annual-report.pdf,1,true,false,false,false
https://www.sec.gov/files/2021-pf-report-congress.pdf,1,true,false,false,false
https://www.sec.gov/files/2022_ow_ar.pdf,1,true,false,false,false
https://www.sec.gov/files/2022-exam-priorities.pdf,1,true,false,false,false
https://www.sec.gov/files/2022-oasb-annual-forum-report.pdf,1,true,false,false,false
https://www.sec.gov/files/2022-oasb-annual-report.pdf,1,true,false,false,false
https://www.sec.gov/files/2022-ocdo-data-strategy-fy2022-2026.pdf,1,true,false,false,false
https://www.sec.gov/files/2022-ocr-staff-report.pdf,1,true,false,false,false
https://www.sec.gov/files/2022-pf-report-congress.pdf,1,true,false,false,false
https://www.sec.gov/files/2023_oasb_annual_forum_report_508.pdf,1,true,false,false,false
https://www.sec.gov/files/2023_ow_ar.pdf,1,true,false,false,false
https://www.sec.gov/files/2023-eeo-affirmative-action-plan.pdf,1,true,false,false,false
https://www.sec.gov/files/2023-exam-priorities.pdf,1,true,false,false,false
https://www.sec.gov/files/2023-fdta-report.pdf,1,true,false,false,false
https://www.sec.gov/files/2023-oasb-annual-report.pdf,1,true,false,false,false
https://www.sec.gov/files/2023-ocr-staff-report.pdf,1,true,false,false,false
https://www.sec.gov/files/2023-oiad-annual-report.pdf,1,true,false,false,false
https://www.sec.gov/files/2023-pf-report-congress.pdf,1,true,false,false,false
https://www.sec.gov/files/2024-exam-priorities.pdf,1,true,false,false,false
https://www.sec.gov/files/2024-fdta-machine-readable-data-report.pdf,1,true,false,false,false
https://www.sec.gov/files/2024-oasb-annual-forum-report.pdf,1,true,false,false,false
https://www.sec.gov/files/2024-oasb-annual-report.pdf,1,true,false,false,false
https://www.sec.gov/files/2024-pf-report-congress.pdf,1,true,false,false,false
https://www.sec.gov/files/2025_sec_opendataplan.pdf,1,true,false,false,false
https://www.sec.gov/files/2025-exam-priorities.pdf,1,true,false,false,false
https://www.sec.gov/files/2025-fdta-machine-readable-data-report.pdf,1,true,false,false,false
https://www.sec.gov/files/2025-oasb-annual-forum-report.pdf,1,true,false,false,false
https://www.sec.gov/files/21st-century-idea-act-report-2020-01.pdf,1,true,false,false,false
https://www.sec.gov/files/21st-century-idea-act-report-2020-12-508.pdf,1,true,false,false,false
https://www.sec.gov/files/21st-century-idea-act-report-2021-12.pdf,1,true,false,false,false
https://www.sec.gov/files/21st-century-idea-act-report-2022-12.pdf,1,true,false,false,false
https://www.sec.gov/files/34-100043.pdf,1,true,false,false,false
https://www.sec.gov/files/34-101485.pdf,1,true,false,false,false
https://www.sec.gov/files/34-102958.pdf,1,true,false,false,false
https://www.sec.gov/files/34-55166.pdf,1,true,false,false,false
https://www.sec.gov/files/34-55167.pdf,1,true,false,false,false
https://www.sec.gov/files/34-55168.pdf,1,true,false,false,false
https://www.sec.gov/files/34-55680.pdf,1,true,false,false,false
https://www.sec.gov/files/34-56723.pdf,1,true,false,false,false
https://www.sec.gov/files/34-57743a.pdf,1,true,false,false,false
https://www.sec.gov/files/34-58892.pdf,1,true,false,false,false
https://www.sec.gov/files/34-59837.pdf,1,true,false,false,false
https://www.sec.gov/files/34-60909.pdf,1,true,false,false,false
https://www.sec.gov/files/34-61986.pdf,1,true,false,false,false
https://www.sec.gov/files/34-63214.pdf,1,true,false,false,false
https://www.sec.gov/files/34-64313.pdf,1,true,false,false,false
https://www.sec.gov/files/34-65691.pdf,1,true,false,false,false
https://www.sec.gov/files/34-66885.pdf,1,true,false,false,false
https://www.sec.gov/files/34-68107.pdf,1,true,false,false,false
https://www.sec.gov/files/34-69479.pdf,1,true,false,false,false
https://www.sec.gov/files/34-70781.pdf,1,true,false,false,false
https://www.sec.gov/files/34-72060.pdf,1,true,false,false,false
https://www.sec.gov/files/34-73458.pdf,1,true,false,false,false
https://www.sec.gov/files/34-74850.pdf,1,true,false,false,false
https://www.sec.gov/files/34-76299.pdf,1,true,false,false,false
https://www.sec.gov/files/34-77733.pdf,1,true,false,false,false
https://www.sec.gov/files/34-79188.pdf,1,true,false,false,false
https://www.sec.gov/files/34-80556.pdf,1,true,false,false,false
https://www.sec.gov/files/34-81984.pdf,1,true,false,false,false
https://www.sec.gov/files/34-83137.pdf,1,true,false,false,false
https://www.sec.gov/files/34-84512.pdf,1,true,false,false,false
https://www.sec.gov/files/34-85750.pdf,1,true,false,false,false
https://www.sec.gov/files/34-87427.pdf,1,true,false,false,false
https://www.sec.gov/files/34-88785.pdf,1,true,false,false,false
https://www.sec.gov/files/34-90289-report-administrative-proceedings-040120-093020.pdf,1,true,false,false,false
https://www.sec.gov/files/34-91734.pdf,1,true,false,false,false
https://www.sec.gov/files/34-94820.pdf,1,true,false,false,false
https://www.sec.gov/files/34-96185.pdf,1,true,false,false,false
https://www.sec.gov/files/34-97400.pdf,1,true,false,false,false
https://www.sec.gov/files/34-98830.pdf,1,true,false,false,false
https://www.sec.gov/files/404bfloat-study.pdf,1,true,false,false,false
https://www.sec.gov/files/719b-study.pdf,1,true,false,false,false
https://www.sec.gov/files/919bstudy.pdf,1,true,false,false,false
https://www.sec.gov/files/939astudy.pdf,1,true,false,false,false
https://www.sec.gov/files/939h_credit_rating_standardization.pdf,1,true,false,false,false
https://www.sec.gov/files/967study.pdf,1,true,false,false,false
https://www.sec.gov/files/access-capital-and-market-liquidity-study-dera-2017.pdf,1,true,false,false,false
https://www.sec.gov/files/ah-capital-management-a16z.pdf,1,true,false,false,false
https://www.sec.gov/files/algo_trading_report_2020.pdf,1,true,false,false,false
https://www.sec.gov/files/annual-report-2012.pdf,1,true,false,false,false
https://www.sec.gov/files/annual-report-2013.pdf,1,true,false,false,false
https://www.sec.gov/files/ask-questions-brochure-508-9-20.pdf,1,true,false,false,false
https://www.sec.gov/files/assigned-credit-ratings-study.pdf,1,true,false,false,false
https://www.sec.gov/files/authority-enforce-rule-12g5-1.pdf,1,true,false,false,false
https://www.sec.gov/files/blockchain-association-020425.pdf,1,true,false,false,false
https://www.sec.gov/files/buyamerican2005.pdf,1,true,false,false,false
https://www.sec.gov/files/buyamerican2006.pdf,1,true,false,false,false
https://www.sec.gov/files/buyamerican2007.pdf,1,true,false,false,false
https://www.sec.gov/files/buyamerican2008.pdf,1,true,false,false,false
https://www.sec.gov/files/buyamerican2009.pdf,1,true,false,false,false
https://www.sec.gov/files/buyamerican2010.pdf,1,true,false,false,false
https://www.sec.gov/files/coin-routes-letter-092425.pdf,1,true,false,false,false
https://www.sec.gov/files/corpfin/no-action/doublezero-final-conformed-092625.pdf,1,true,false,false,false
https://www.sec.gov/files/craexamination070808.pdf,1,true,false,false,false
https://www.sec.gov/files/credit-rating-agency-independence-study-2013.pdf,1,true,false,false,false
https://www.sec.gov/files/crypto-council-innovation-022125.pdf,1,true,false,false,false
https://www.sec.gov/files/crypto-task-force-designation-letter.pdf,1,true,false,false,false
https://www.sec.gov/files/ctf-input-cumberland-drw-2015-03-16.pdf,1,true,false,true,false
https://www.sec.gov/files/ctf-input-gellasch-hma-041125.pdf,1,true,false,true,false
https://www.sec.gov/files/ctf-input-honeycomb-digital-investments-090925.pdf,1,true,false,false,false
https://www.sec.gov/files/ctf-input-mooney-041425.pdf,1,true,false,true,false
https://www.sec.gov/files/ctf-input-mooney-2-041425.pdf,1,true,false,true,false
https://www.sec.gov/files/ctf-input-pizzola-040925.pdf,1,true,false,true,false
https://www.sec.gov/files/ctf-memeo-alongside-finance-inc-082625.pdf,1,true,false,true,false
https://www.sec.gov/files/ctf-memo-21-finance-ag-willkie-farr-gallagher-llp-080525.pdf,1,true,false,true,false
https://www.sec.gov/files/ctf-memo-aave-labs-062425.pdf,1,true,false,true,false
https://www.sec.gov/files/ctf-memo-abstract-foundation-cahill-gordon-reindel-040425.pdf,1,true,false,false,false
https://www.sec.gov/files/ctf-memo-adam-tomas-brad-tonkin-072125.pdf,1,true,false,true,false
https://www.sec.gov/files/ctf-memo-agora-labs-s-r-l-arktouros-pllc-071025.pdf,1,true,false,true,false
https://www.sec.gov/files/ctf-memo-algorithmic-ratings-investment-analysis-sas-042925.pdf,1,true,false,false,false
https://www.sec.gov/files/ctf-memo-alluvia-042125.pdf,1,true,false,false,false
https://www.sec.gov/files/ctf-memo-amalgamated-token-services-inc-manatt-phelps-phillips-llp-061625.pdf,1,true,false,true,false
https://www.sec.gov/files/ctf-memo-anchain-ai-090925.pdf,1,true,false,true,false
https://www.sec.gov/files/ctf-memo-anchorage-digital-bank-mercury-strategies-050225.pdf,1,true,false,false,false
https://www.sec.gov/files/ctf-memo-anchorage-labs-inc-mercury-strategies-llc-060525.pdf,1,true,false,true,false
https://www.sec.gov/files/ctf-memo-asia-web3-alliance-japan-042225.pdf,1,true,false,false,false
https://www.sec.gov/files/ctf-memo-auditchain-labs-ag-rutgers-business-school-060225.pdf,1,true,false,true,false
https://www.sec.gov/files/ctf-memo-bitgo-091025.pdf,1,true,false,true,false
https://www.sec.gov/files/ctf-memo-blackrock-05092025.pdf,1,true,false,false,false
https://www.sec.gov/files/ctf-memo-blackrock-4125.pdf,1,true,false,false,false
https://www.sec.gov/files/ctf-memo-blockchain-assn-multicoin-capital-mngemnt-llc-blockchain-capital-llc-sullivan-cromwell-llp.pdf,1,true,false,true,false
https://www.sec.gov/files/ctf-memo-bsv-association-3-27-25.pdf,1,true,false,false,false
https://www.sec.gov/files/ctf-memo-capsign-041525.pdf,1,true,false,false,false
https://www.sec.gov/files/ctf-memo-chainlink-labs-032825.pdf,1,true,false,false,false
https://www.sec.gov/files/ctf-memo-chainlink-labs-3-24-25.pdf,1,true,false,false,false
https://www.sec.gov/files/ctf-memo-chamber-digital-finance-instruments-060225.pdf,1,true,false,false,false
https://www.sec.gov/files/ctf-memo-chiliz-digital-chamber-zuber-lawler-llp-042225.pdf,1,true,false,false,false
https://www.sec.gov/files/ctf-memo-citadel-securities-072225.pdf,1,true,false,true,false
https://www.sec.gov/files/ctf-memo-coalition-cooperative-blockchain-organizations-042825.pdf,1,true,false,false,false
https://www.sec.gov/files/ctf-memo-coalition-cooperative-blockchain-organizations-071425.pdf,1,true,false,true,false
https://www.sec.gov/files/ctf-memo-coinbase-davis-polk-wardell-llp-040825.pdf,1,true,false,false,false
https://www.sec.gov/files/ctf-memo-coinbase-global-2025-03-06.pdf,1,true,false,false,false
https://www.sec.gov/files/ctf-memo-coinbase-global-3-31-25.pdf,1,true,false,false,false
https://www.sec.gov/files/ctf-memo-coinregtech-2025-3-10.pdf,1,true,false,false,false
https://www.sec.gov/files/ctf-memo-coinshares-international-limited-chapman-cutler-llp-060325.pdf,1,true,false,true,false
https://www.sec.gov/files/ctf-memo-collab-currency-090825.pdf,1,true,false,true,false
https://www.sec.gov/files/ctf-memo-columbia-business-school-university-chicago-booth-school-business-3-24-25.pdf,1,true,false,false,false
https://www.sec.gov/files/ctf-memo-committee-capital-markets-regulation-061125.pdf,1,true,false,true,false
https://www.sec.gov/files/ctf-memo-computershare-limited-072825.pdf,1,true,false,true,false
https://www.sec.gov/files/ctf-memo-confusion-capital-inc-digital-securities-initiative-ketsal-arktouros-pllc-061225.pdf,1,true,false,true,false
https://www.sec.gov/files/ctf-memo-cryptex-finance-071125.pdf,1,true,false,true,false
https://www.sec.gov/files/ctf-memo-crypto-council-innovation-proof-stake-alliance-4125.pdf,1,true,false,false,false
https://www.sec.gov/files/ctf-memo-crypto-policy-working-group-040925.pdf,1,true,false,false,false
https://www.sec.gov/files/ctf-memo-cryptocom-2025-3-10.pdf,1,true,false,false,false
https://www.sec.gov/files/ctf-memo-cumberland-drw-3-31-25.pdf,1,true,false,false,false
https://www.sec.gov/files/ctf-memo-dealmaker-dealmaker-securities-llc-070825.pdf,1,true,false,true,false
https://www.sec.gov/files/ctf-memo-decentralization-research-center-bgr-group-091625.pdf,1,true,false,true,false
https://www.sec.gov/files/ctf-memo-defi-technologies-liquid-advisors-lowenstein-sandler-valour-041425.pdf,1,true,false,false,false
https://www.sec.gov/files/ctf-memo-demolytics-llc-051425.pdf,1,true,false,false,false
https://www.sec.gov/files/ctf-memo-depository-trust-clearing-corporation-051325.pdf,1,true,false,false,false
https://www.sec.gov/files/ctf-memo-deutsche-bank-071525.pdf,1,true,false,true,false
https://www.sec.gov/files/ctf-memo-digital-economy-04172025.pdf,1,true,false,false,false
https://www.sec.gov/files/ctf-memo-dinari-wilmer-cutler-pickering-hale-dorr-062025.pdf,1,true,false,true,false
https://www.sec.gov/files/ctf-memo-dourolabs-052025.pdf,1,true,false,false,false
https://www.sec.gov/files/ctf-memo-dragonchain-3-24-25.pdf,1,true,false,false,false
https://www.sec.gov/files/ctf-memo-dragonfly-052325.pdf,1,true,false,false,false
https://www.sec.gov/files/ctf-memo-dtcc-040725.pdf,1,true,false,false,false
https://www.sec.gov/files/ctf-memo-dtcc-062025.pdf,1,true,false,true,false
https://www.sec.gov/files/ctf-memo-duke-university-moskowitz-law-firm-2025-3-18.pdf,1,true,false,false,false
https://www.sec.gov/files/ctf-memo-elliptic-04142025.pdf,1,true,false,false,false
https://www.sec.gov/files/ctf-memo-erc-3643-association-071625.pdf,1,true,false,true,false
https://www.sec.gov/files/ctf-memo-etana-custody-inc-taft-stettinius-hollister-llp-050125.pdf,1,true,false,false,false
https://www.sec.gov/files/ctf-memo-ethena-labs-s-morrison-cohen-llp-070125.pdf,1,true,false,true,false
https://www.sec.gov/files/ctf-memo-etherealize-metalex-052225.pdf,1,true,false,false,false
https://www.sec.gov/files/ctf-memo-everstake-050925.pdf,1,true,false,false,false
https://www.sec.gov/files/ctf-memo-fidelity-digital-asset-services-050625.pdf,1,true,false,false,false
https://www.sec.gov/files/ctf-memo-fif-042125.pdf,1,true,false,false,false
https://www.sec.gov/files/ctf-memo-figure-markets-031725.pdf,1,true,false,false,false
https://www.sec.gov/files/ctf-memo-figure-markets-holdings-inc-figure-certificate-co-allen-overy-shearman-sterling-llp-practus.pdf,1,true,false,true,false
https://www.sec.gov/files/ctf-memo-fireblocks-04172025.pdf,1,true,false,false,false
https://www.sec.gov/files/ctf-memo-flexa-072925.pdf,1,true,false,true,false
https://www.sec.gov/files/ctf-memo-frontier-foundry-040725.pdf,1,true,false,false,false
https://www.sec.gov/files/ctf-memo-fs-vector-clients-3-27-25.pdf,1,true,false,false,false
https://www.sec.gov/files/ctf-memo-gabe-shapiro-2025-3-13.pdf,1,true,false,false,false
https://www.sec.gov/files/ctf-memo-galaxy-digital-33125.pdf,1,true,false,false,false
https://www.sec.gov/files/ctf-memo-glennon-labs-060425.pdf,1,true,false,true,false
https://www.sec.gov/files/ctf-memo-grayscale-davis-polk-042125.pdf,1,true,false,false,false
https://www.sec.gov/files/ctf-memo-hashdex-asset-management-dechert-32825.pdf,1,true,false,false,false
https://www.sec.gov/files/ctf-memo-hiro-systems-pbc-wilson-sonsini-goodrich-rosati-051325.pdf,1,true,false,false,false
https://www.sec.gov/files/ctf-memo-interop-labs-060425.pdf,1,true,false,true,false
https://www.sec.gov/files/ctf-memo-inx-securities-llc-inx-digital-company-inc-061725.pdf,1,true,false,true,false
https://www.sec.gov/files/ctf-memo-jito-labs-blockworks-061325.pdf,1,true,false,true,false
https://www.sec.gov/files/ctf-memo-jpmorgan-chase-co-061725.pdf,1,true,false,true,false
https://www.sec.gov/files/ctf-memo-kiln-fs-vector-llc-050825.pdf,1,true,false,false,false
https://www.sec.gov/files/ctf-memo-knowpia-050525.pdf,1,true,false,false,false
https://www.sec.gov/files/ctf-memo-knox-networks-2025-3-10.pdf,1,true,false,false,false
https://www.sec.gov/files/ctf-memo-kraken-05292025.pdf,1,true,false,false,false
https://www.sec.gov/files/ctf-memo-lagrange-labs-inc-091225.pdf,1,true,false,true,false
https://www.sec.gov/files/ctf-memo-lmax-group-phronesis-dc-050725.pdf,1,true,false,false,false
https://www.sec.gov/files/ctf-memo-messari-041025.pdf,1,true,false,false,false
https://www.sec.gov/files/ctf-memo-metrika-capitol-asset-strategies-062325.pdf,1,true,false,true,false
https://www.sec.gov/files/ctf-memo-multicoin-capital-management-chapman-cutler-052125.pdf,1,true,false,false,false
https://www.sec.gov/files/ctf-memo-mv-global-042825.pdf,1,true,false,false,false
https://www.sec.gov/files/ctf-memo-mykey-040825.pdf,1,true,false,false,false
https://www.sec.gov/files/ctf-memo-mysten-labs-090925.pdf,1,true,false,true,false
https://www.sec.gov/files/ctf-memo-nasdaq-052125.pdf,1,true,false,false,false
https://www.sec.gov/files/ctf-memo-north-american-securities-administrators-association-061625.pdf,1,true,false,true,false
https://www.sec.gov/files/ctf-memo-nova-labs-inc-helium-foundation-willkie-farr-gallagher-llp-capitol-core-group-inc-070925.pdf,1,true,false,true,false
https://www.sec.gov/files/ctf-memo-nyse-062425.pdf,1,true,false,true,false
https://www.sec.gov/files/ctf-memo-nyse-ice-092625.pdf,1,true,false,true,false
https://www.sec.gov/files/ctf-memo-ohanae-051625.pdf,1,true,false,false,false
https://www.sec.gov/files/ctf-memo-ondo-finance-inc-davis-polk-wardwell-llp-042425.pdf,1,true,false,false,false
https://www.sec.gov/files/ctf-memo-open-security-alliance-paradigm-operations-040425.pdf,1,true,false,false,false
https://www.sec.gov/files/ctf-memo-opensea-051625.pdf,1,true,false,false,false
https://www.sec.gov/files/ctf-memo-optimism-foundation-op-labs-pbc-072125.pdf,1,true,false,true,false
https://www.sec.gov/files/ctf-memo-paradigm-cooley-051525.pdf,1,true,false,false,false
https://www.sec.gov/files/ctf-memo-paxos-trust-co-manatt-phelps-phillips-llp-050625.pdf,1,true,false,false,false
https://www.sec.gov/files/ctf-memo-payward-inc-kraken-securities-llc-wilmer-cutler-pickering-hale-dorr-llp-082525.pdf,1,true,false,true,false
https://www.sec.gov/files/ctf-memo-perkin-law-firm-llc-elsalvadornatl-natlcom-digital-assts-hshemilt-ceochoa-042225.pdf,1,true,false,false,false
https://www.sec.gov/files/ctf-memo-permuto-capital-llc-skadden-arps-slate-meagher-flom-llp-052725.pdf,1,true,false,false,false
https://www.sec.gov/files/ctf-memo-perpetual-cyclist-services-cahill-gordon-reindell-3-28-25.pdf,1,true,false,false,false
https://www.sec.gov/files/ctf-memo-phantom-042925.pdf,1,true,false,false,false
https://www.sec.gov/files/ctf-memo-phantom-technologies-inc-bgr-group-wilmer-cutler-pickering-hale-dorr-llp-070225.pdf,1,true,false,true,false
https://www.sec.gov/files/ctf-memo-phase-labs-technologies-limited-050725.pdf,1,true,false,false,false
https://www.sec.gov/files/ctf-memo-platonic-04182025.pdf,1,true,false,false,false
https://www.sec.gov/files/ctf-memo-plume-network-blue-ridge-law-policy-pc-052225.pdf,1,true,false,false,false
https://www.sec.gov/files/ctf-memo-pricewaterhousecoopers-050225.pdf,1,true,false,false,false
https://www.sec.gov/files/ctf-memo-prometheum-04152025.pdf,1,true,false,false,false
https://www.sec.gov/files/ctf-memo-prometheum-inc-060325.pdf,1,true,false,true,false
https://www.sec.gov/files/ctf-memo-r3-04162025.pdf,1,true,false,false,false
https://www.sec.gov/files/ctf-memo-realassets-technologies-labs-042225.pdf,1,true,false,false,false
https://www.sec.gov/files/ctf-memo-receipts-depository-corp-upenn-carey-law-school-steptoe-llp-040425.pdf,1,true,false,false,false
https://www.sec.gov/files/ctf-memo-ripplelabs-052025.pdf,1,true,false,false,false
https://www.sec.gov/files/ctf-memo-robinhood-090225.pdf,1,true,false,true,false
https://www.sec.gov/files/ctf-memo-securities-industry-financial-markets-assoc-cahillnxt-052725.pdf,1,true,false,false,false
https://www.sec.gov/files/ctf-memo-securities-industry-financial-markets-association-cahill-gordon-reindel-llp-070325.pdf,1,true,false,true,false
https://www.sec.gov/files/ctf-memo-securitize-inc-securitize-markets-llc-panorama-financial-markets-advisory-llc-070225.pdf,1,true,false,true,false
https://www.sec.gov/files/ctf-memo-securitize-markets-33125.pdf,1,true,false,false,false
https://www.sec.gov/files/ctf-memo-sidley-austin-ava-labs-042925.pdf,1,true,false,false,false
https://www.sec.gov/files/ctf-memo-sidley-austin-unit-410-041525.pdf,1,true,false,false,false
https://www.sec.gov/files/ctf-memo-sifma-091025.pdf,1,true,false,true,false
https://www.sec.gov/files/ctf-memo-sifma-2025-3-14.pdf,1,true,false,false,false
https://www.sec.gov/files/ctf-memo-solana-policy-institute-et-al-061225.pdf,1,true,false,false,false
https://www.sec.gov/files/ctf-memo-solidus-labs-042425.pdf,1,true,false,false,false
https://www.sec.gov/files/ctf-memo-start-engine-crowdfunding-041825.pdf,1,true,false,false,false
https://www.sec.gov/files/ctf-memo-syracuse-053025.pdf,1,true,false,false,false
https://www.sec.gov/files/ctf-memo-taft-stettinius-hollister-llp-050525.pdf,1,true,false,false,false
https://www.sec.gov/files/ctf-memo-temporal-051325.pdf,1,true,false,false,false
https://www.sec.gov/files/ctf-memo-term-finance-091525.pdf,1,true,false,true,false
https://www.sec.gov/files/ctf-memo-tokenco-wm-entriken-design-blockchain-technology-061015.pdf,1,true,false,true,false
https://www.sec.gov/files/ctf-memo-tradeweb-markets-llc-rich-feuer-anderson-062525.pdf,1,true,false,true,false
https://www.sec.gov/files/ctf-memo-trm-labs-33125.pdf,1,true,false,false,false
https://www.sec.gov/files/ctf-memo-tzero-group-inc-cleary-gottlieb-steen-hamilton-llp-052925.pdf,1,true,false,false,false
https://www.sec.gov/files/ctf-memo-university-california-berkeley-law-georgetown-university-law-university-chicago-law.pdf,1,true,false,true,false
https://www.sec.gov/files/ctf-memo-van-eck-associates-corporation-092525.pdf,1,true,false,true,false
https://www.sec.gov/files/ctf-memo-vaneck-corporation-dla-piper-llp-060625.pdf,1,true,false,true,false
https://www.sec.gov/files/ctf-memo-vertalo-040825.pdf,1,true,false,false,false
https://www.sec.gov/files/ctf-memo-wall-street-blockchain-alliance-3-27-25.pdf,1,true,false,false,false
https://www.sec.gov/files/ctf-memo-wilmerhale-dinari-050125.pdf,1,true,false,false,false
https://www.sec.gov/files/ctf-memo-wilson-sonsini-goodrich-rosati-043025.pdf,1,true,false,false,false
https://www.sec.gov/files/ctf-memo-wintermute-trading-ltd-091625.pdf,1,true,false,true,false
https://www.sec.gov/files/ctf-memo-wintermute-trading-morrison-cohen-3-28-25.pdf,1,true,false,false,false
https://www.sec.gov/files/ctf-written-agc-bpi-fsf-custody-comment-ltr-09182025.pdf,1,true,false,false,false
https://www.sec.gov/files/ctf-written-input-daniel-bruno-corvelo-costa-091125.pdf,1,true,false,false,false
https://www.sec.gov/files/ctf-written-input-daniel-bruno-corvelo-costa-092125.pdf,1,true,false,false,false
https://www.sec.gov/files/ctf-written-input-epistria-llc-cryptos-evidentiary-debt-crisis-092325.pdf,1,true,false,false,false
https://www.sec.gov/files/ctf-written-input-epistria-llc-ssrn-comprehensive-paper-092325.pdf,1,true,false,false,false
https://www.sec.gov/files/ctf-written-input-epistria-llc-when-digitial-evidence-092325.pdf,1,true,false,false,false
https://www.sec.gov/files/ctf-written-input-gridtek-llc-092325.pdf,1,true,false,false,false
https://www.sec.gov/files/ctf-written-input-nasdaq-042525.pdf,1,true,false,true,false
https://www.sec.gov/files/ctf-written-input-nasdaq-050225.pdf,1,true,false,true,false
https://www.sec.gov/files/ctf-written-proposal-sec-project-09-15-2025.pdf,1,true,false,false,false
https://www.sec.gov/files/ctf-written-rscr-walker-03222023.pdf,1,true,false,true,false
https://www.sec.gov/files/decimalization-072012.pdf,1,true,false,false,false
https://www.sec.gov/files/digital-chamber.pdf,1,true,false,false,false
https://www.sec.gov/files/eeo-no-fear-act-annual-report-fy2023.pdf,1,true,false,false,false
https://www.sec.gov/files/enforcement-annual-report-2017-addendum-061918.pdf,1,true,false,false,false
https://www.sec.gov/files/enforcement-annual-report-2017.pdf,1,true,false,false,false
https://www.sec.gov/files/enforcement-annual-report-2018.pdf,1,true,false,false,false
https://www.sec.gov/files/enforcement-annual-report-2019.pdf,1,true,false,false,false
https://www.sec.gov/files/enforcement-annual-report-2020.pdf,1,true,false,false,false
https://www.sec.gov/files/fair2002.pdf,1,true,false,false,false
https://www.sec.gov/files/fair2003.pdf,1,true,false,false,false
https://www.sec.gov/files/fair2004.pdf,1,true,false,false,false
https://www.sec.gov/files/fair2005.pdf,1,true,false,false,false
https://www.sec.gov/files/fair2006.pdf,1,true,false,false,false
https://www.sec.gov/files/fair2007.pdf,1,true,false,false,false
https://www.sec.gov/files/fair2008.pdf,1,true,false,false,false
https://www.sec.gov/files/fair2009.pdf,1,true,false,false,false
https://www.sec.gov/files/fair2010.pdf,1,true,false,false,false
https://www.sec.gov/files/fair2011.pdf,1,true,false,false,false
https://www.sec.gov/files/fair2012.pdf,1,true,false,false,false
https://www.sec.gov/files/fair2013.pdf,1,true,false,false,false
https://www.sec.gov/files/fair2014.pdf,1,true,false,false,false
https://www.sec.gov/files/fair2016.pdf,1,true,false,false,false
https://www.sec.gov/files/fair2017.pdf,1,true,false,false,false
https://www.sec.gov/files/fair2018.pdf,1,true,false,false,false
https://www.sec.gov/files/fair2019.pdf,1,true,false,false,false
https://www.sec.gov/files/fair2020.pdf,1,true,false,false,false
https://www.sec.gov/files/fair2021.pdf,1,true,false,false,false
https://www.sec.gov/files/fair2022.pdf,1,true,false,false,false
https://www.sec.gov/files/fdta-report-12-2023.pdf,1,true,false,false,false
https://www.sec.gov/files/fdta-report-6-2024.pdf,1,true,false,false,false
https://www.sec.gov/files/feb-2024-ocr-staff-report.pdf,1,true,false,false,false
https://www.sec.gov/files/filing-fee-fedwire-payment-template-07-14-2025.pdf,1,true,false,true,false
https://www.sec.gov/files/fy-2013-service-contract-inventory-analysis.pdf,1,true,false,false,false
https://www.sec.gov/files/fy-2014-planned-inventory-analysis-app.xlsx,1,true,false,false,false
https://www.sec.gov/files/fy-2014-planned-inventory-analysis-supplement.xlsx,1,true,false,false,false
https://www.sec.gov/files/fy-2014-planned-inventory-analysis.pdf,1,true,false,false,false
https://www.sec.gov/files/fy-2014-service-contract-inventory-analysis.pdf,1,true,false,false,false
https://www.sec.gov/files/fy-2015-planned-inventory-analysis-app.xlsx,1,true,false,false,false
https://www.sec.gov/files/fy-2015-planned-inventory-analysis-supplement.xlsx,1,true,false,false,false
https://www.sec.gov/files/fy-2015-planned-inventory-analysis.pdf,1,true,false,false,false
https://www.sec.gov/files/fy-2015-service-contract-inventory-analysis.pdf,1,true,false,false,false
https://www.sec.gov/files/fy-2016-planned-inventory-analysis.pdf,1,true,false,false,false
https://www.sec.gov/files/fy-2016-service-contract-inventory-analysis.pdf,1,true,false,false,false
https://www.sec.gov/files/fy-2016-service-contract-inventory.pdf,1,true,false,false,false
https://www.sec.gov/files/fy-2017-service-contract-inventory-analysis.pdf,1,true,false,false,false
https://www.sec.gov/files/fy-2018-service-contract-inventory-analysis.pdf,1,true,false,false,false
https://www.sec.gov/files/fy-2018-service-contract-inventory-planned-analysis.pdf,1,true,false,false,false
https://www.sec.gov/files/fy-2019-service-contract-inventory-analysis.pdf,1,true,false,false,false
https://www.sec.gov/files/fy-2019-service-contract-inventory-planned-analysis.pdf,1,true,false,false,false
https://www.sec.gov/files/fy-2020-service-contract-inventory-planned-analysis-fy-2021.pdf,1,true,false,false,false
https://www.sec.gov/files/fy-2020-service-contract-inventory.pdf,1,true,false,false,false
https://www.sec.gov/files/fy-2021-sec-service-contract-inventory.pdf,1,true,false,false,false
https://www.sec.gov/files/fy-2021-service-contract-inventory-planned-analysis-fy-2022.pdf,1,true,false,false,false
https://www.sec.gov/files/fy-2023-congressional-budget-justification-annual-performance-plan_final.pdf,1,true,false,false,false
https://www.sec.gov/files/fy21_oiad_sar_activities_report_final_508.pdf,1,true,false,false,false
https://www.sec.gov/files/fy22-oiad-sar-activities-report.pdf,1,true,false,false,false
https://www.sec.gov/files/fy24-annual-whistleblower-report.pdf,1,true,false,false,false
https://www.sec.gov/files/fy24-oiad-sar-activities-report.pdf,1,true,false,false,false
https://www.sec.gov/files/fy24-oiad-sar-objectives-report.pdf,1,true,false,false,false
https://www.sec.gov/files/fy25-oiad-sar-objectives-report.pdf,1,true,false,false,false
https://www.sec.gov/files/fy26-oiad-sar-objectives-report.pdf,1,true,false,false,false
https://www.sec.gov/files/guideforseniors.pdf,1,true,false,false,false
https://www.sec.gov/files/iawg-treasury-report.pdf,1,true,false,false,false
https://www.sec.gov/files/im-annualreport-072513.pdf,1,true,false,false,false
https://www.sec.gov/files/im-investment-adviser-statistics-20240515.pdf,1,true,false,false,false
https://www.sec.gov/files/im-private-fund-annual-report-081514.pdf,1,true,false,false,false
https://www.sec.gov/files/im-registered-fund-statistics-20240418.pdf,1,true,false,false,false
https://www.sec.gov/files/im-registered-fund-statistics-20240517.pdf,1,true,false,false,false
https://www.sec.gov/files/implications-growth-hedge-funds-09292003.pdf,1,true,false,false,false
https://www.sec.gov/files/internalcontrols961.pdf,1,true,false,false,false
https://www.sec.gov/files/investment/no-action/simpsonthacherbartlett093025-incoming.pdf,1,true,false,false,false
https://www.sec.gov/files/jan-2025-ocr-staff-report.pdf,1,true,false,false,false
https://www.sec.gov/files/jito-memo-020525.pdf,1,true,false,false,false
https://www.sec.gov/files/lifesettlements-report.pdf,1,true,false,false,false
https://www.sec.gov/files/litigation/admin/2022/34-93468.pdf,1,true,false,false,false
https://www.sec.gov/files/lloyd-memo-020725.pdf,1,true,false,false,false
https://www.sec.gov/files/management-report-oig-may-2025.pdf,1,true,false,false,false
https://www.sec.gov/files/management-response-oig-may-2015.pdf,1,true,false,false,false
https://www.sec.gov/files/management-response-oig-may-2016.pdf,1,true,false,false,false
https://www.sec.gov/files/management-response-oig-may-2017.pdf,1,true,false,false,false
https://www.sec.gov/files/management-response-oig-may-2018.pdf,1,true,false,false,false
https://www.sec.gov/files/management-response-oig-may-2020.pdf,1,true,false,false,false
https://www.sec.gov/files/management-response-oig-may-2021.pdf,1,true,false,false,false
https://www.sec.gov/files/management-response-oig-may-2022.pdf,1,true,false,false,false
https://www.sec.gov/files/management-response-oig-may-2023.pdf,1,true,false,false,false
https://www.sec.gov/files/management-response-oig-may-2024.pdf,1,true,false,false,false
https://www.sec.gov/files/management-response-oig-nov-2014.pdf,1,true,false,false,false
https://www.sec.gov/files/management-response-oig-nov-2015.pdf,1,true,false,false,false
https://www.sec.gov/files/management-response-oig-november-2016.pdf,1,true,false,false,false
https://www.sec.gov/files/management-response-oig-november-2017.pdf,1,true,false,false,false
https://www.sec.gov/files/management-response-oig-november-2019.pdf,1,true,false,false,false
https://www.sec.gov/files/management-response-oig-november-2020.pdf,1,true,false,false,false
https://www.sec.gov/files/management-response-oig-november-2021.pdf,1,true,false,false,false
https://www.sec.gov/files/management-response-oig-november-2022.pdf,1,true,false,false,false
https://www.sec.gov/files/management-response-oig-november-2023_0.pdf,1,true,false,false,false
https://www.sec.gov/files/management-response-oig-sar-fy24.pdf,1,true,false,false,false
https://www.sec.gov/files/marketevents-report.pdf,1,true,false,false,false
https://www.sec.gov/files/marktomarket123008.pdf,1,true,false,false,false
https://www.sec.gov/files/memo-better-markets-inc-022525.pdf,1,true,false,false,false
https://www.sec.gov/files/memo-cahill-gordon-reindel-llp-022425.pdf,1,true,false,false,false
https://www.sec.gov/files/memo-chia-network-inc-022525.pdf,1,true,false,false,false
https://www.sec.gov/files/memo-circle-internet-financial-llc-030525.pdf,1,true,false,false,false
https://www.sec.gov/files/memo-coinfund-management-llc-030425.pdf,1,true,false,false,false
https://www.sec.gov/files/memo-defi-education-fund-020325.pdf,1,true,false,false,false
https://www.sec.gov/files/memo-digital-asset-holdings-030425.pdf,1,true,false,false,false
https://www.sec.gov/files/memo-dtcc-022525.pdf,1,true,false,false,false
https://www.sec.gov/files/memo-fidelity-management-research-llc-022025.pdf,1,true,false,false,false
https://www.sec.gov/files/memo-fireblocks-inc-022025.pdf,1,true,false,false,false
https://www.sec.gov/files/memo-franklin-resources-02282025.pdf,1,true,false,false,false
https://www.sec.gov/files/memo-gottlieb-hinkes-verret-022425.pdf,1,true,false,false,false
https://www.sec.gov/files/memo-michael-saylor-022125.pdf,1,true,false,false,false
https://www.sec.gov/files/memo-mitre-corporation-022125.pdf,1,true,false,false,false
https://www.sec.gov/files/memo-notabene-022725.pdf,1,true,false,false,false
https://www.sec.gov/files/memo-paradigm-operations-lp-021825.pdf,1,true,false,false,false
https://www.sec.gov/files/memo-robinhood-markets-inc-021925.pdf,1,true,false,false,false
https://www.sec.gov/files/memo-texture-capital-021325.pdf,1,true,false,false,false
https://www.sec.gov/files/memo-wisdomtree-digital-management-inc-030525.pdf,1,true,false,false,false
https://www.sec.gov/files/memo-zero-hash-llc-021825.pdf,1,true,false,false,false
https://www.sec.gov/files/munireport073112.pdf,1,true,false,false,false
https://www.sec.gov/files/nasdaq-020625.pdf,1,true,false,false,false
https://www.sec.gov/files/national-examination-program-priorities-2013.pdf,1,true,false,false,false
https://www.sec.gov/files/national-examination-program-priorities-2014.pdf,1,true,false,false,false
https://www.sec.gov/files/national-examination-program-priorities-2015.pdf,1,true,false,false,false
https://www.sec.gov/files/national-examination-program-priorities-2016.pdf,1,true,false,false,false
https://www.sec.gov/files/national-examination-program-priorities-2017.pdf,1,true,false,false,false
https://www.sec.gov/files/national-examination-program-priorities-2018.pdf,1,true,false,false,false
https://www.sec.gov/files/national-examination-program-priorities-2020.pdf,1,true,false,false,false
https://www.sec.gov/files/negative-net-equity-issuance-dec-2020.pdf,1,true,false,false,false
https://www.sec.gov/files/nrsro-summary-report-2012.pdf,1,true,false,false,false
https://www.sec.gov/files/nrsro-summary-report-2013.pdf,1,true,false,false,false
https://www.sec.gov/files/nrsro-summary-report-2014.pdf,1,true,false,false,false
https://www.sec.gov/files/nrsro-summary-report-2015.pdf,1,true,false,false,false
https://www.sec.gov/files/nrsro-summary-report-2016.pdf,1,true,false,false,false
https://www.sec.gov/files/nrsro-summary-report-2018.pdf,1,true,false,false,false
https://www.sec.gov/files/nrsro-summary-report-2019.pdf,1,true,false,false,false
https://www.sec.gov/files/nrsro-summary-report-2020.pdf,1,true,false,false,false
https://www.sec.gov/files/nrsroannrep0111.pdf,1,true,false,false,false
https://www.sec.gov/files/nrsroannrep0312.pdf,1,true,false,false,false
https://www.sec.gov/files/nrsroannrep0608.pdf,1,true,false,false,false
https://www.sec.gov/files/nrsroannrep0909.pdf,1,true,false,false,false
https://www.sec.gov/files/nrsroannrep1212.pdf,1,true,false,false,false
https://www.sec.gov/files/nrsroannrep1213.pdf,1,true,false,false,false
https://www.sec.gov/files/nrsroannrep1214.pdf,1,true,false,false,false
https://www.sec.gov/files/oasb-women-minority-businesses-crowdfunding-report.pdf,1,true,false,false,false
https://www.sec.gov/files/OCIE%202019%20Priorities.pdf,1,true,false,false,false
https://www.sec.gov/files/oig-509-exec-summary.pdf,1,true,false,false,false
https://www.sec.gov/files/optionsroutingreport.pdf,1,true,false,false,false
https://www.sec.gov/files/owb-annual-report-2014.pdf,1,true,false,false,false
https://www.sec.gov/files/owb-annual-report-2015.pdf,1,true,false,false,false
https://www.sec.gov/files/owb-annual-report-2016.pdf,1,true,false,false,false
https://www.sec.gov/files/piv_report_for_omb.pdf,1,true,false,false,false
https://www.sec.gov/files/planned-analysis-fy-2018-inventory.pdf,1,true,false,false,false
https://www.sec.gov/files/promissory0.pdf,1,true,false,false,false
https://www.sec.gov/files/reg-sk-disclosure-requirements-review.pdf,1,true,false,false,false
https://www.sec.gov/files/regulation-clearing-agencies-100120.pdf,1,true,false,false,false
https://www.sec.gov/files/regulation-crowdfunding-2019.pdf,1,true,false,false,false
https://www.sec.gov/files/regulationa-2020.pdf,1,true,false,false,false
https://www.sec.gov/files/report-congress-regulation.pdf,1,true,false,false,false
https://www.sec.gov/files/report-sbs-20231117.pdf,1,true,false,false,false
https://www.sec.gov/files/report-security-based-swaps-032023.pdf,1,true,false,false,false
https://www.sec.gov/files/report-security-based-swaps-062024.pdf,1,true,false,false,false
https://www.sec.gov/files/report-security-based-swaps-071522.pdf,1,true,false,false,false
https://www.sec.gov/files/review-definition-accredited-investor-12-18-2015.pdf,1,true,false,false,false
https://www.sec.gov/files/review-definition-accredited-investor-2023.pdf,1,true,false,false,false
https://www.sec.gov/files/rila-report-092023.pdf,1,true,false,false,false
https://www.sec.gov/files/scanalysis2011-appb.pdf,1,true,false,false,false
https://www.sec.gov/files/scanalysis2011-appc.pdf,1,true,false,false,false
https://www.sec.gov/files/scanalysis2011-planned.pdf,1,true,false,false,false
https://www.sec.gov/files/scanalysis2012-appb.pdf,1,true,false,false,false
https://www.sec.gov/files/scanalysis2012-appc.pdf,1,true,false,false,false
https://www.sec.gov/files/scanalysis2012-planned.pdf,1,true,false,false,false
https://www.sec.gov/files/scanalysis2013-appb.pdf,1,true,false,false,false
https://www.sec.gov/files/scanalysis2013-appc.pdf,1,true,false,false,false
https://www.sec.gov/files/scanalysis2013-planned.pdf,1,true,false,false,false
https://www.sec.gov/files/SEC_Strategic_Plan_FY18-FY22_FINAL_0.pdf,1,true,false,false,false
https://www.sec.gov/files/sec_strategic_plan_fy18-fy22_final.pdf,1,true,false,false,false
https://www.sec.gov/files/sec_strategic_plan_fy22-fy26.pdf,1,true,false,false,false
https://www.sec.gov/files/sec-2017-annual-report-whistleblower-program.pdf,1,true,false,false,false
https://www.sec.gov/files/sec-2018-annual-report-whistleblower-program.pdf,1,true,false,false,false
https://www.sec.gov/files/sec-2019-annual-report-whistleblower-program.pdf,1,true,false,false,false
https://www.sec.gov/files/sec-2023-agency-financial-report.pdf,1,true,false,false,false
https://www.sec.gov/files/sec-cftc-intlswapreg.pdf,1,true,false,false,false
https://www.sec.gov/files/sec-conference-spending-20120.pdf,1,true,false,false,false
https://www.sec.gov/files/sec-conference-spending-2013.pdf,1,true,false,false,false
https://www.sec.gov/files/sec-conference-spending-2014.pdf,1,true,false,false,false
https://www.sec.gov/files/sec-conference-spending-2015.pdf,1,true,false,false,false
https://www.sec.gov/files/sec-conference-spending-2016.pdf,1,true,false,false,false
https://www.sec.gov/files/sec-conference-spending-2017.pdf,1,true,false,false,false
https://www.sec.gov/files/sec-conference-spending-2018.pdf,1,true,false,false,false
https://www.sec.gov/files/sec-conference-spending-2019.pdf,1,true,false,false,false
https://www.sec.gov/files/sec-conference-spending-2020.pdf,1,true,false,false,false
https://www.sec.gov/files/sec-conference-spending-2021.pdf,1,true,false,false,false
https://www.sec.gov/files/sec-conference-spending-2022.pdf,1,true,false,false,false
https://www.sec.gov/files/sec-conference-spending-2023.pdf,1,true,false,false,false
https://www.sec.gov/files/sec-conference-spending-2024.pdf,1,true,false,false,false
https://www.sec.gov/files/sec-fair-act-report-2015.pdf,1,true,false,false,false
https://www.sec.gov/files/sec-fast-act-report-2016.pdf,1,true,false,false,false
https://www.sec.gov/files/sec-finra-national-senior-investor-initiative-report.pdf,1,true,false,false,false
https://www.sec.gov/files/sec-fy-2014-summary-performance-information.pdf,1,true,false,false,false
https://www.sec.gov/files/sec-fy-2015-summary-performance-information.pdf,1,true,false,false,false
https://www.sec.gov/files/sec-investor-advocate-report-activities-2014.pdf,1,true,false,false,false
https://www.sec.gov/files/sec-investor-advocate-report-activities-2015.pdf,1,true,false,false,false
https://www.sec.gov/files/sec-investor-advocate-report-activities-2016.pdf,1,true,false,false,false
https://www.sec.gov/files/sec-investor-advocate-report-activities-2017.pdf,1,true,false,false,false
https://www.sec.gov/files/sec-investor-advocate-report-activities-2018.pdf,1,true,false,false,false
https://www.sec.gov/files/sec-investor-advocate-report-activities-2019.pdf,1,true,false,false,false
https://www.sec.gov/files/sec-investor-advocate-report-activities-2020.pdf,1,true,false,false,false
https://www.sec.gov/files/sec-office-investor-advocate-report-objectives-fy20150.pdf,1,true,false,false,false
https://www.sec.gov/files/sec-office-investor-advocate-report-objectives-fy2016.pdf,1,true,false,false,false
https://www.sec.gov/files/sec-office-investor-advocate-report-objectives-fy2017.pdf,1,true,false,false,false
https://www.sec.gov/files/sec-office-investor-advocate-report-objectives-fy2018.pdf,1,true,false,false,false
https://www.sec.gov/files/sec-office-investor-advocate-report-objectives-fy2019.pdf,1,true,false,false,false
https://www.sec.gov/files/sec-office-investor-advocate-report-objectives-fy2020.pdf,1,true,false,false,false
https://www.sec.gov/files/sec-office-investor-advocate-report-objectives-fy2021.pdf,1,true,false,false,false
https://www.sec.gov/files/sec-office-investor-advocate-report-objectives-fy2022.pdf,1,true,false,false,false
https://www.sec.gov/files/sec-office-investor-advocate-report-objectives-fy2023.pdf,1,true,false,false,false
https://www.sec.gov/files/sec-organizational-reform-recommendations-043013.pdf,1,true,false,false,false
https://www.sec.gov/files/sec-organizational-reform-recommendations-101712.pdf,1,true,false,false,false
https://www.sec.gov/files/sec-report-certification-internal-supervisory-controls-2012.pdf,1,true,false,false,false
https://www.sec.gov/files/sec-report-certification-internal-supervisory-controls-2013.pdf,1,true,false,false,false
https://www.sec.gov/files/sec-report-certification-internal-supervisory-controls-2014.pdf,1,true,false,false,false
https://www.sec.gov/files/sec-report-certification-internal-supervisory-controls-2015.pdf,1,true,false,false,false
https://www.sec.gov/files/sec-report-certification-internal-supervisory-controls-2016.pdf,1,true,false,false,false
https://www.sec.gov/files/sec-report-certification-internal-supervisory-controls-2017.pdf,1,true,false,false,false
https://www.sec.gov/files/sec-report-certification-internal-supervisory-controls-2018.pdf,1,true,false,false,false
https://www.sec.gov/files/sec-report-certification-internal-supervisory-controls-2019.pdf,1,true,false,false,false
https://www.sec.gov/files/sec-report-certification-internal-supervisory-controls-2020.pdf,1,true,false,false,false
https://www.sec.gov/files/sec-report-certification-internal-supervisory-controls-2021.pdf,1,true,false,false,false
https://www.sec.gov/files/sec-report-certification-internal-supervisory-controls-2022.pdf,1,true,false,false,false
https://www.sec.gov/files/sec-report-certification-internal-supervisory-controls-2023.pdf,1,true,false,false,false
https://www.sec.gov/files/sec-report-certification-internal-supervisory-controls-2024.pdf,1,true,false,false,false
https://www.sec.gov/files/sec-report-service-contract-inventory-2011.pdf,1,true,false,false,false
https://www.sec.gov/files/sec-report-service-contract-inventory-2012.pdf,1,true,false,false,false
https://www.sec.gov/files/sec-strategic-plan-2014-2018.pdf,1,true,false,false,false
https://www.sec.gov/files/sec-summary-performance-and-financial-info-fy2016.pdf,1,true,false,false,false
https://www.sec.gov/files/secafr2012-summary.pdf,1,true,false,false,false
https://www.sec.gov/files/secegov2006.pdf,1,true,false,false,false
https://www.sec.gov/files/secegov2007.pdf,1,true,false,false,false
https://www.sec.gov/files/secegov2008.pdf,1,true,false,false,false
https://www.sec.gov/files/secegov2009.pdf,1,true,false,false,false
https://www.sec.gov/files/secegov2010.pdf,1,true,false,false,false
https://www.sec.gov/files/secfy06budgetreq.pdf,1,true,false,false,false
https://www.sec.gov/files/secfy07budgetreq.pdf,1,true,false,false,false
https://www.sec.gov/files/secfy08congbudgjust.pdf,1,true,false,false,false
https://www.sec.gov/files/secfy09congbudgjust.pdf,1,true,false,false,false
https://www.sec.gov/files/secfy10congbudgjust.pdf,1,true,false,false,false
https://www.sec.gov/files/secfy11congbudgjust.pdf,1,true,false,false,false
https://www.sec.gov/files/secfy12congbudgjust.pdf,1,true,false,false,false
https://www.sec.gov/files/secfy13congbudgjust.pdf,1,true,false,false,false
https://www.sec.gov/files/secorg.pdf,1,true,false,false,false
https://www.sec.gov/files/secorgreformreport-2012-df967.pdf,1,true,false,false,false
https://www.sec.gov/files/secorgreformreport-df967.pdf,1,true,false,false,false
https://www.sec.gov/files/secpar04stats0.pdf,1,true,false,false,false
https://www.sec.gov/files/secpppreport0307.pdf,1,true,false,false,false
https://www.sec.gov/files/secstats20050.pdf,1,true,false,false,false
https://www.sec.gov/files/secstats20060.pdf,1,true,false,false,false
https://www.sec.gov/files/secstats20070.pdf,1,true,false,false,false
https://www.sec.gov/files/secstats2008.pdf,1,true,false,false,false
https://www.sec.gov/files/secstats2009.pdf,1,true,false,false,false
https://www.sec.gov/files/secstats2010.pdf,1,true,false,false,false
https://www.sec.gov/files/secstats2011.pdf,1,true,false,false,false
https://www.sec.gov/files/secstats2012.pdf,1,true,false,false,false
https://www.sec.gov/files/secstats2013.pdf,1,true,false,false,false
https://www.sec.gov/files/secstats2014.pdf,1,true,false,false,false
https://www.sec.gov/files/secstats2015.pdf,1,true,false,false,false
https://www.sec.gov/files/secstats2016.pdf,1,true,false,false,false
https://www.sec.gov/files/secstratplan1015f0.pdf,1,true,false,false,false
https://www.sec.gov/files/semimgmtmay140.pdf,1,true,false,false,false
https://www.sec.gov/files/semimgmtnov13.pdf,1,true,false,false,false
https://www.sec.gov/files/short-sale-position-and-transaction-reporting0.pdf,1,true,false,false,false
https://www.sec.gov/files/ssp-study.pdf,1,true,false,false,false
https://www.sec.gov/files/staff-report-equity-options-market-struction-conditions-early-2021.pdf,1,true,false,false,false
https://www.sec.gov/files/staff-report-investment-research-small-issuers.pdf,1,true,false,false,false
https://www.sec.gov/files/staff-report-threshold-limits-diversified-funds.pdf,1,true,false,false,false
https://www.sec.gov/files/treasury-market-volatility-10-14-2014-joint-report.pdf,1,true,false,false,false
https://www.sec.gov/files/whistleblower_report_to_congress.pdf,1,true,false,false,false
https://www.sec.gov/files/whistleblower-annual-report-2011.pdf,1,true,false,false,false
https://www.sec.gov/foia-frequently-requested-documents,1,false,false,false,false
https://www.sec.gov/foia-services,1,false,false,false,false
https://www.sec.gov/foia-services/contact-office-foia-services,1,false,false,false,false
https://www.sec.gov/foia-services/foia-reference-guide,1,false,false,false,false
https://www.sec.gov/foia-services/foia-reference-guide/securities-exchange-commission-confidential-treatment-procedure-under-rule-83,0,false,false,false,false
https://www.sec.gov/foia-services/frequently-requested-documents,1,false,false,false,false
https://www.sec.gov/foia-services/schedule-fees-records-services,1,false,false,false,false
https://www.sec.gov/foia-services/sec-foia-reports,1,false,false,false,false
https://www.sec.gov/foia.shtml,1,false,false,false,false
https://www.sec.gov/foia/feesche.htm,1,false,false,false,false
https://www.sec.gov/foia/foia-records-management.htm,1,false,false,false,false
https://www.sec.gov/foia/foia-reports.shtml,1,false,false,false,false
https://www.sec.gov/foia/foia-reports.shtml#officer,1,false,false,false,false
https://www.sec.gov/foia/nfoia.htm,1,false,false,false,false
https://www.sec.gov/forms/corp_fin_interpretive#no-back,0,false,false,false,false
https://www.sec.gov/forms/request_appeal,1,false,false,false,false
https://www.sec.gov/forms/request_cert_filings,1,false,false,false,false
https://www.sec.gov/forms/request_public_docs,1,false,false,false,false
https://www.sec.gov/forms/request_public_docs#no-back,0,false,false,false,false
https://www.sec.gov/interps/account.shtml,1,false,false,false,false
https://www.sec.gov/interps/legal.shtml,1,false,false,false,false
https://www.sec.gov/investment/data/opendatasetsshtmlinvestment_company.html,1,false,false,false,false
https://www.sec.gov/investor.shtml,1,false,false,false,false
https://www.sec.gov/investor/pubs/securitieslaws.htm,1,false,false,false,false
https://www.sec.gov/litigations/sec-action-look-up,1,false,false,false,false
https://www.sec.gov/news/press-release/2018-179,1,false,false,false,false
https://www.sec.gov/news/press-release/2018-44,1,false,false,false,false
https://www.sec.gov/news/press-release/2020-266,1,false,false,false,false
https://www.sec.gov/news/pressreleases.rss,1,false,false,false,false
https://www.sec.gov/news/speeches-statements.rss,1,false,false,false,false
https://www.sec.gov/news/statements.rss,1,false,false,false,false
https://www.sec.gov/news/testimony.rss,1,false,false,false,false
https://www.sec.gov/newsroom,1,false,false,false,false
https://www.sec.gov/newsroom/meetings-events,1,false,false,false,false
https://www.sec.gov/newsroom/meetings-events/between-block-hard-place-tailoring-regulation-crypto-trading,0,false,false,false,false
https://www.sec.gov/newsroom/meetings-events/crypto-roundtable-sunshine-act-032125,1,false,false,false,false
https://www.sec.gov/newsroom/meetings-events/crypto-roundtable-sunshine-act-042525,1,false,false,false,false
https://www.sec.gov/newsroom/meetings-events/crypto-roundtable-sunshine-act-05122025,1,false,false,false,false
https://www.sec.gov/newsroom/meetings-events/crypto-roundtable-sunshine-act-06062025,1,false,false,false,false
https://www.sec.gov/newsroom/meetings-events/crypto-roundtable-sunshine-act-101725,1,false,false,false,false
https://www.sec.gov/newsroom/meetings-events/crypto-roundtable-time-date-change-notice-060925,1,false,false,false,false
https://www.sec.gov/newsroom/meetings-events/crypto-task-force-roundtable-financial-surveillance-privacy,1,false,false,false,false
https://www.sec.gov/newsroom/meetings-events/dc-fintech-week-2025,1,false,false,false,false
https://www.sec.gov/newsroom/meetings-events/defi-american-spirit,0,false,false,false,false
https://www.sec.gov/newsroom/meetings-events/how-we-got-here-how-we-get-out-defining-security-status,0,false,false,false,false
https://www.sec.gov/newsroom/meetings-events/know-your-custodian-key-considerations-crypto-custody,0,false,false,false,false
https://www.sec.gov/newsroom/meetings-events/past-events,1,false,false,false,false
https://www.sec.gov/newsroom/meetings-events/tokenization-moving-assets-onchain-where-tradfi-defi-meet,0,false,false,false,false
https://www.sec.gov/newsroom/press-releases,1,false,false,false,false
https://www.sec.gov/newsroom/press-releases/2019-42,1,false,false,false,false
https://www.sec.gov/newsroom/press-releases/2020-126,1,false,false,false,false
https://www.sec.gov/newsroom/press-releases/2021-177,1,false,false,false,false
https://www.sec.gov/newsroom/press-releases/2021-62,1,false,false,false,false
https://www.sec.gov/newsroom/press-releases/2022-231,1,false,false,false,false
https://www.sec.gov/newsroom/press-releases/2023-147,1,false,false,false,false
https://www.sec.gov/newsroom/press-releases/2023-89,1,false,false,false,false
https://www.sec.gov/newsroom/press-releases/2024-103,1,false,false,false,false
https://www.sec.gov/newsroom/press-releases/2024-104,1,false,false,false,false
https://www.sec.gov/newsroom/press-releases/2024-168,1,false,false,false,false
https://www.sec.gov/newsroom/press-releases/2024-90,1,false,false,false,false
https://www.sec.gov/newsroom/press-releases/2025-101-sec-permits-kind-creations-redemptions-crypto-etps,1,false,false,false,false
https://www.sec.gov/newsroom/press-releases/2025-102-road-sec-crypto-task-force-host-series-roundtables-across-us,1,false,false,false,false
https://www.sec.gov/newsroom/press-releases/2025-104-securities-exchange-commission-division-corporation-finance-issues-staff-statement-certain-liquid,1,false,false,false,false
https://www.sec.gov/newsroom/press-releases/2025-110-sec-cftc-staff-issue-joint-statement-trading-certain-spot-crypto-asset-products,1,false,false,false,false
https://www.sec.gov/newsroom/press-releases/2025-112-sec-cftc-issue-joint-statement-regulatory-harmonization-efforts-will-co-host-roundtable-sept-29,1,false,false,false,false
https://www.sec.gov/newsroom/press-releases/2025-114-sec-crypto-task-force-host-roundtable-financial-surveillance-privacy,0,false,false,false,false
https://www.sec.gov/newsroom/press-releases/2025-124-sec-announces-agenda-panelists-sec-cftc-roundtable-regulatory-harmonization-efforts,1,false,false,false,false
https://www.sec.gov/newsroom/press-releases/2025-128-sec-continues-efforts-assist-market-participants-during-implementation-treasury-clearing-rules,1,false,false,false,false
https://www.sec.gov/newsroom/press-releases/2025-129-sec-announces-departure-director-office-advocate-small-business-capital-formation-stacey-bowers,1,false,false,false,false
https://www.sec.gov/newsroom/press-releases/2025-30,1,false,false,false,false
https://www.sec.gov/newsroom/press-releases/2025-51,1,false,false,false,false
https://www.sec.gov/newsroom/press-releases/2025-57,1,false,false,false,false
https://www.sec.gov/newsroom/press-releases/2025-61,1,false,false,false,false
https://www.sec.gov/newsroom/press-releases/2025-65,1,false,false,false,false
https://www.sec.gov/newsroom/press-releases/2025-67-sec-awards-6-million-joint-whistleblowers,1,false,false,false,false
https://www.sec.gov/newsroom/press-releases/2025-72,1,false,false,false,false
https://www.sec.gov/newsroom/press-releases/2025-78-sec-announces-agenda-panelists-roundtable-crypto-defi,1,false,false,false,false
https://www.sec.gov/newsroom/social-media,1,false,false,false,false
https://www.sec.gov/newsroom/speeches-statements,1,false,false,false,false
https://www.sec.gov/newsroom/speeches-statements/atkins-2025-regulatory-agenda-090425,1,false,false,false,false
https://www.sec.gov/newsroom/speeches-statements/atkins-digital-finance-revolution-073125,1,false,false,false,false
https://www.sec.gov/newsroom/speeches-statements/atkins-remarks-defi-roundtable-060925,1,false,false,false,false
https://www.sec.gov/newsroom/speeches-statements/atkins-statement-genius-act-071725,1,false,false,false,false
https://www.sec.gov/newsroom/speeches-statements/atkins-statement-genius-act-071825,1,false,false,false,false
https://www.sec.gov/newsroom/speeches-statements/cf-crypto-asset-exchange-traded-products-070125,1,false,false,false,false
https://www.sec.gov/newsroom/speeches-statements/cf-crypto-securities-041025-offerings-registrations-securities-crypto-asset-markets,1,false,false,false,false
https://www.sec.gov/newsroom/speeches-statements/corpfin-certain-liquid-staking-activities-080525,1,false,false,false,false
https://www.sec.gov/newsroom/speeches-statements/crenshaw-statement-liquid-staking-080525,1,false,false,false,false
https://www.sec.gov/newsroom/speeches-statements/joint-statement-atkins-pham-090525,1,false,false,false,false
https://www.sec.gov/newsroom/speeches-statements/peirce-092925-deep-statement-doublezero-no-action-letter,1,false,false,false,false
https://www.sec.gov/newsroom/speeches-statements/peirce-remarks-blockchain-conference-080425,1,false,false,false,false
https://www.sec.gov/newsroom/speeches-statements/peirce-staking-sequel-080525,1,false,false,false,false
https://www.sec.gov/newsroom/speeches-statements/peirce-statement-custody-crypto-assets-093025,1,false,false,false,false
https://www.sec.gov/newsroom/speeches-statements/peirce-statement-genius-act-071825,1,false,false,false,false
https://www.sec.gov/newsroom/speeches-statements/peirce-statement-tokenized-securities-070925,1,false,false,false,false
https://www.sec.gov/newsroom/speeches-statements/sec-cftc-project-crypto-090225,1,false,false,false,false
https://www.sec.gov/newsroom/speeches-statements/staff-statement-meme-coins,1,false,false,false,false
https://www.sec.gov/newsroom/speeches-statements/statement-certain-proof-work-mining-activities-032025,1,false,false,false,false
https://www.sec.gov/newsroom/speeches-statements/statement-certain-protocol-staking-activities-052925,1,false,false,false,false
https://www.sec.gov/newsroom/speeches-statements/statement-stablecoins-040425,1,false,false,false,false
https://www.sec.gov/newsroom/speeches-statements/uyeda-statement-crypto-exchange-traded-products-072925,1,false,false,false,false
https://www.sec.gov/newsroom/speeches-statements/withdrawal-joint-staff-statement-broker-dealer-custody-digital-asset-securities,1,false,false,false,false
https://www.sec.gov/newsroom/videos,1,false,false,false,false
"https://www.sec.gov/newsroom/whats-new?type=news,link&tag=28066",1,false,false,false,false
https://www.sec.gov/newsroom/whats-new?type=news%2Csecarticle%2Clink&tag=36681%2C36691%2C36696%2C36686%2C36411%2C34141%2C35221%2C34916%2C36706%2C321801%2C334846%2C36146%2C335756,1,false,false,false,false
https://www.sec.gov/newsroom/whats-new?type=news%2Csecarticle%2Clink&tag=36696,1,false,false,false,false
https://www.sec.gov/node/1043271,1,false,false,false,false
https://www.sec.gov/node/1044776,1,false,false,false,false
https://www.sec.gov/node/178431,1,false,false,false,false
https://www.sec.gov/office-inspector-general,1,false,false,false,false
https://www.sec.gov/oiea/Complaint.html,1,false,false,false,false
https://www.sec.gov/opa/data/opendatasets-mmfhtml.html,1,false,false,false,false
https://www.sec.gov/opa/data/opendatasetsshtmlaps.html,1,false,false,false,false
https://www.sec.gov/opa/data/opendatasetsshtmlbankruptcy.html,1,false,false,false,false
https://www.sec.gov/opa/data/opendatasetsshtmlbdc.html,1,false,false,false,false
https://www.sec.gov/opa/data/opendatasetsshtmlclosed-end-investment_company.html,1,false,false,false,false
https://www.sec.gov/opa/data/opendatasetsshtmlids.html,1,false,false,false,false
https://www.sec.gov/opa/data/opendatasetsshtmllrs.html,1,false,false,false,false
https://www.sec.gov/opa/data/opendatasetsshtmlopinions.html,1,false,false,false,false
https://www.sec.gov/open/opengov_progress.shtml,1,false,false,false,false
https://www.sec.gov/os/webmaster-faq#developers,1,false,false,false,false
https://www.sec.gov/page/asset-management-advisory-committee,1,false,false,false,false
https://www.sec.gov/page/edgar-application-programming-interfaces-old,1,false,false,false,false
https://www.sec.gov/page/sec-atlanta-regional-office,1,false,false,false,false
https://www.sec.gov/page/sec-boston-regional-office,1,false,false,false,false
https://www.sec.gov/page/sec-chicago-regional-office,1,false,false,false,false
https://www.sec.gov/page/sec-denver-regional-office,1,false,false,false,false
https://www.sec.gov/page/sec-fort-worth-regional-office,1,false,false,false,false
https://www.sec.gov/page/sec-los-angeles-regional-office,1,false,false,false,false
https://www.sec.gov/page/sec-miami-regional-office,1,false,false,false,false
https://www.sec.gov/page/sec-new-york-regional-office,1,false,false,false,false
https://www.sec.gov/page/sec-philadelphia-regional-office,1,false,false,false,false
https://www.sec.gov/page/sec-regional-offices,1,false,false,false,false
https://www.sec.gov/page/sec-salt-lake-regional-office,1,false,false,false,false
https://www.sec.gov/page/sec-san-francsico-regional-office,1,false,false,false,false
https://www.sec.gov/privacy.htm,1,false,false,false,false
https://www.sec.gov/privacy.htm#security,1,false,false,false,false
https://www.sec.gov/reports,0,false,false,false,false
https://www.sec.gov/reports?aId=edit-field-article-sub-type-secart-value&year=All&field_article_sub_type_secart_value=Reports+and+Publications-AnnualReports&tid=All,1,false,false,false,false
https://www.sec.gov/reports?aId=edit-field-article-sub-type-secart-value&year=All&field_article_sub_type_secart_value=Reports+and+Publications-BudgetReports&tid=All,1,false,false,false,false
https://www.sec.gov/reports?aId=edit-field-article-sub-type-secart-value&year=All&field_article_sub_type_secart_value=Reports+and+Publications-StrategicPlan&tid=All,1,false,false,false,false
https://www.sec.gov/reports?ArticleSubType=Annual%20Reports&TheSubtype=Annual%20Reports,1,false,false,false,false
https://www.sec.gov/reports/beginners-guide-investing,1,false,false,false,false
https://www.sec.gov/reports/report-44th-annual-small-business-forum-2025,1,false,false,false,false
https://www.sec.gov/resources-investors#oiea-contact,1,false,false,false,false
https://www.sec.gov/rules-regulations/fee-rate-advisories/2025-1,1,false,false,false,false
https://www.sec.gov/rules-regulations/how-submit-comments,1,false,false,false,false
https://www.sec.gov/rules-regulations/no-action-interpretive-exemptive-letters/division-corporation-finance-no-action/doublezero-092925,1,false,false,false,false
https://www.sec.gov/rules-regulations/no-action-interpretive-exemptive-letters/division-corporation-finance-no-action/imvu-111920-2a1,1,false,false,false,false
https://www.sec.gov/rules-regulations/no-action-interpretive-exemptive-letters/division-investment-management-staff-no-action-interpretive-letters/simpsonthacherbartlett093025,1,false,false,false,false
https://www.sec.gov/rules-regulations/rulemaking-activity,1,false,false,false,false
https://www.sec.gov/rules-regulations/staff-guidance/staff-accounting-bulletins/staff-accounting-bulletin-122,1,false,false,false,false
https://www.sec.gov/rules-regulations/staff-guidance/trading-markets-frequently-asked-questions/frequently-asked-questions-relating-crypto-asset-activities-distributed-ledger-technology,1,false,false,false,false
https://www.sec.gov/rules-regulations/statutes-regulations,1,false,false,false,false
https://www.sec.gov/rules/interp/33-6253.pdf,1,true,false,true,false
https://www.sec.gov/rules/other/2011/34-63899.pdf,1,true,false,false,false
https://www.sec.gov/rules/submitcomments.htm,1,false,false,false,false
https://www.sec.gov/search-filings/edgar-search-assistance/accessing-edgar-data,1,false,false,false,false
https://www.sec.gov/sec-data-resources,1,false,false,false,false
https://www.sec.gov/spotlight/advisory-committee-on-small-and-emerging-companies,1,false,false,false,false
https://www.sec.gov/spotlight/fixed-income-advisory-committee,1,false,false,false,false
https://www.sec.gov/spotlight/investor-advisory-committee.shtml,1,false,false,false,false
https://www.sec.gov/structureddata/rss-feeds,1,false,false,false,false
https://www.sec.gov/submit-filings,1,false,false,false,false
https://www.sec.gov/submit-filings/forms-index,1,false,false,false,false
https://www.sec.gov/submit-tip-or-complaint,1,false,false,false,false
https://www.sec.gov/submit-tip-or-complaint/tips-complaints-resources/enviar-un-dato-recursos-en-espanol-spanish,1,false,false,false,false
https://www.sec.gov/submit-tip-or-complaint/tips-complaints-resources/report-suspected-securities-fraud-or-wrongdoing,0,false,false,false,false
https://www.sec.gov/tcr,1,false,false,false,false
https://www.sec.gov/whistleblower/claim-award,1,false,false,false,false
https://www.sec.gov/whistleblower/final-orders-of-the-commission,1,false,false,false,false
https://youtu.be/Fi0s0hfdO5Y,0,false,true,false,false
https://youtu.be/gImIf_zORfQ,0,false,true,false,false
https://youtu.be/GtyR5nMWEwk,0,false,true,false,false
https://youtu.be/HSNBCy7oeRE,0,false,true,false,false
https://youtu.be/kl7omhTtERE,0,false,true,false,false
https://youtu.be/MfTiSCr5Ltg,0,false,true,false,false
https://youtu.be/O0Ba4Vn62HQ,0,false,true,false,false
https://youtu.be/o22EH9Hr6DA,0,false,true,false,false
https://youtu.be/T_HEoRPS4N8,0,false,true,false,false
https://youtu.be/Zu5lFsjCknw,0,false,true,false,false